id,displayTitle,merchant,brand,category,asin,price,purchaseUrl,imageUrl,hasPurchaseUrl,validPurchaseUrl,purchaseHostname,merchantMatchesPurchaseDomain,hasAsin,asinPresentInPurchaseUrl,affiliateTagPresent,affiliateTagValue,affiliateTagLooksPlaceholder,hasImageUrl,validImageUrl,imageHostname,imageDomainMatchesMerchant,imageApproved,isCurated,active,swipeEligible,titleFieldsConsistent,suspiciousBrandValue,status,notes
Lb9wEg1Rc1MHoOzWOYEX,Abstract Canvas Print,Amazon,SwipeShop Studio,wall-decor,,39.99,https://www.amazon.ca/s?k=Abstract%20Canvas%20Print%20SwipeShop%20Studio%20Wall%20Art,https://picsum.photos/seed/wall_art_01/600/600,true,true,www.amazon.ca,true,false,false,false,,true,true,true,picsum.photos,false,false,false,true,false,true,true,review,"Missing ASIN for Amazon product | Missing Amazon affiliate tag | Amazon affiliate tag missing, placeholder, or not equal to configured production tag | imageUrl domain does not match merchant domain | imageApproved is false | isCurated is false | swipeEligible is false | Brand looks placeholder/internal and should be verified"
preakj797TXCmq0dhGRO,Abstract Canvas Print,Amazon,SwipeShop Studio,wall-decor,,39.99,https://www.amazon.ca/s?k=Abstract%20Canvas%20Print%20SwipeShop%20Studio%20Wall%20Art,https://picsum.photos/seed/wall_art_01/600/600,true,true,www.amazon.ca,true,false,false,false,,true,true,true,picsum.photos,false,false,false,true,false,true,true,review,"Missing ASIN for Amazon product | Missing Amazon affiliate tag | Amazon affiliate tag missing, placeholder, or not equal to configured production tag | imageUrl domain does not match merchant domain | imageApproved is false | isCurated is false | swipeEligible is false | Brand looks placeholder/internal and should be verified"
jMLLs94urvkN3RH7Ycgr,Arc Floor Lamp,Amazon,SwipeShop Studio,lighting,,129.99,https://www.amazon.ca/s?k=Arc%20Floor%20Lamp%20SwipeShop%20Studio%20Lighting,https://picsum.photos/seed/lighting_02/600/600,true,true,www.amazon.ca,true,false,false,false,,true,true,true,picsum.photos,false,false,false,true,false,true,true,review,"Missing ASIN for Amazon product | Missing Amazon affiliate tag | Amazon affiliate tag missing, placeholder, or not equal to configured production tag | imageUrl domain does not match merchant domain | imageApproved is false | isCurated is false | swipeEligible is false | Brand looks placeholder/internal and should be verified"
r4ey0vdEGwckjUEBM6QL,Arc Floor Lamp,Amazon,SwipeShop Studio,lighting,,129.99,https://www.amazon.ca/s?k=Arc%20Floor%20Lamp%20SwipeShop%20Studio%20Lighting,https://picsum.photos/seed/lighting_02/600/600,true,true,www.amazon.ca,true,false,false,false,,true,true,true,picsum.photos,false,false,false,true,false,true,true,review,"Missing ASIN for Amazon product | Missing Amazon affiliate tag | Amazon affiliate tag missing, placeholder, or not equal to configured production tag | imageUrl domain does not match merchant domain | imageApproved is false | isCurated is false | swipeEligible is false | Brand looks placeholder/internal and should be verified"
h4HaZTwUImEqrxZvFnsY,Arched Mirror,Amazon,SwipeShop Studio,mirrors,,109.99,https://www.amazon.ca/s?k=Arched%20Mirror%20SwipeShop%20Studio%20Mirrors,https://picsum.photos/seed/mirrors_03/600/600,true,true,www.amazon.ca,true,false,false,false,,true,true,true,picsum.photos,false,false,false,true,false,true,true,review,"Missing ASIN for Amazon product | Missing Amazon affiliate tag | Amazon affiliate tag missing, placeholder, or not equal to configured production tag | imageUrl domain does not match merchant domain | imageApproved is false | isCurated is false | swipeEligible is false | Brand looks placeholder/internal and should be verified"
kmL0H2D3D7Z5yk4fJPpq,Arched Mirror,Amazon,SwipeShop Studio,mirrors,,109.99,https://www.amazon.ca/s?k=Arched%20Mirror%20SwipeShop%20Studio%20Mirrors,https://picsum.photos/seed/mirrors_03/600/600,true,true,www.amazon.ca,true,false,false,false,,true,true,true,picsum.photos,false,false,false,true,false,true,true,review,"Missing ASIN for Amazon product | Missing Amazon affiliate tag | Amazon affiliate tag missing, placeholder, or not equal to configured production tag | imageUrl domain does not match merchant domain | imageApproved is false | isCurated is false | swipeEligible is false | Brand looks placeholder/internal and should be verified"
4PNJeqmQbezgstreV1Rt,Bold Accent Chair,Amazon,SwipeShop Studio,storage,,167.99,https://www.amazon.ca/s?k=Bold%20Accent%20Chair%20SwipeShop%20Studio%20seating,https://picsum.photos/seed/seating_137/600/600,true,true,www.amazon.ca,true,false,false,false,,true,true,true,picsum.photos,false,false,false,true,false,true,true,review,"Missing ASIN for Amazon product | Missing Amazon affiliate tag | Amazon affiliate tag missing, placeholder, or not equal to configured production tag | imageUrl domain does not match merchant domain | imageApproved is false | isCurated is false | swipeEligible is false | Brand looks placeholder/internal and should be verified"
kNFWNHAjH8daLLEsXICN,Bold Accent Chair,Amazon,SwipeShop Studio,storage,,158.99,https://www.amazon.ca/s?k=Bold%20Accent%20Chair%20SwipeShop%20Studio%20seating,https://picsum.photos/seed/seating_44/600/600,true,true,www.amazon.ca,true,false,false,false,,true,true,true,picsum.photos,false,false,false,true,false,true,true,review,"Missing ASIN for Amazon product | Missing Amazon affiliate tag | Amazon affiliate tag missing, placeholder, or not equal to configured production tag | imageUrl domain does not match merchant domain | imageApproved is false | isCurated is false | swipeEligible is false | Brand looks placeholder/internal and should be verified"
XA63AfhZCwtHjx70onpA,Bold Accent Chair,Amazon,SwipeShop Studio,storage,,170.99,https://www.amazon.ca/s?k=Bold%20Accent%20Chair%20SwipeShop%20Studio%20seating,https://picsum.photos/seed/seating_48/600/600,true,true,www.amazon.ca,true,false,false,false,,true,true,true,picsum.photos,false,false,false,true,false,true,true,review,"Missing ASIN for Amazon product | Missing Amazon affiliate tag | Amazon affiliate tag missing, placeholder, or not equal to configured production tag | imageUrl domain does not match merchant domain | imageApproved is false | isCurated is false | swipeEligible is false | Brand looks placeholder/internal and should be verified"
yCCnJ1bgwI3PTw2oxwlH,Bold Accent Chair,Amazon,SwipeShop Studio,storage,,161.99,https://www.amazon.ca/s?k=Bold%20Accent%20Chair%20SwipeShop%20Studio%20seating,https://picsum.photos/seed/seating_115/600/600,true,true,www.amazon.ca,true,false,false,false,,true,true,true,picsum.photos,false,false,false,true,false,true,true,review,"Missing ASIN for Amazon product | Missing Amazon affiliate tag | Amazon affiliate tag missing, placeholder, or not equal to configured production tag | imageUrl domain does not match merchant domain | imageApproved is false | isCurated is false | swipeEligible is false | Brand looks placeholder/internal and should be verified"
L76nDqmtfHrtOSVCVBnm,Bold Area Rug,Amazon,SwipeShop Studio,storage,,82.99,https://www.amazon.ca/s?k=Bold%20Area%20Rug%20SwipeShop%20Studio%20rugs,https://picsum.photos/seed/rugs_152/600/600,true,true,www.amazon.ca,true,false,false,false,,true,true,true,picsum.photos,false,false,false,true,false,true,true,review,"Missing ASIN for Amazon product | Missing Amazon affiliate tag | Amazon affiliate tag missing, placeholder, or not equal to configured production tag | imageUrl domain does not match merchant domain | imageApproved is false | isCurated is false | swipeEligible is false | Brand looks placeholder/internal and should be verified"
nLo9o6x6y2jkZU7ujQnf,Bold Area Rug,Amazon,SwipeShop Studio,storage,,106.99,https://www.amazon.ca/s?k=Bold%20Area%20Rug%20SwipeShop%20Studio%20rugs,https://picsum.photos/seed/rugs_80/600/600,true,true,www.amazon.ca,true,false,false,false,,true,true,true,picsum.photos,false,false,false,true,false,true,true,review,"Missing ASIN for Amazon product | Missing Amazon affiliate tag | Amazon affiliate tag missing, placeholder, or not equal to configured production tag | imageUrl domain does not match merchant domain | imageApproved is false | isCurated is false | swipeEligible is false | Brand looks placeholder/internal and should be verified"
p0mgBVXaPwmrRSIBdWBb,Bold Bench,Amazon,SwipeShop Studio,storage,,161.99,https://www.amazon.ca/s?k=Bold%20Bench%20SwipeShop%20Studio%20seating,https://picsum.photos/seed/seating_25/600/600,true,true,www.amazon.ca,true,false,false,false,,true,true,true,picsum.photos,false,false,false,true,false,true,true,review,"Missing ASIN for Amazon product | Missing Amazon affiliate tag | Amazon affiliate tag missing, placeholder, or not equal to configured production tag | imageUrl domain does not match merchant domain | imageApproved is false | isCurated is false | swipeEligible is false | Brand looks placeholder/internal and should be verified"
tkKf8JIQnRtCBVPdM29v,Bold Bench,Amazon,SwipeShop Studio,storage,,167.99,https://www.amazon.ca/s?k=Bold%20Bench%20SwipeShop%20Studio%20seating,https://picsum.photos/seed/seating_107/600/600,true,true,www.amazon.ca,true,false,false,false,,true,true,true,picsum.photos,false,false,false,true,false,true,true,review,"Missing ASIN for Amazon product | Missing Amazon affiliate tag | Amazon affiliate tag missing, placeholder, or not equal to configured production tag | imageUrl domain does not match merchant domain | imageApproved is false | isCurated is false | swipeEligible is false | Brand looks placeholder/internal and should be verified"
UDmKGt5BjOIaWjgT6AB0,Bold Canvas Art,Amazon,SwipeShop Studio,wall-decor,,63.99,https://www.amazon.ca/s?k=Bold%20Canvas%20Art%20SwipeShop%20Studio%20wall_art,https://picsum.photos/seed/wall_art_129/600/600,true,true,www.amazon.ca,true,false,false,false,,true,true,true,picsum.photos,false,false,false,true,false,true,true,review,"Missing ASIN for Amazon product | Missing Amazon affiliate tag | Amazon affiliate tag missing, placeholder, or not equal to configured production tag | imageUrl domain does not match merchant domain | imageApproved is false | isCurated is false | swipeEligible is false | Brand looks placeholder/internal and should be verified"
WS9odWgps2KW2xmBqI0U,Bold Canvas Art,Amazon,SwipeShop Studio,wall-decor,,51.99,https://www.amazon.ca/s?k=Bold%20Canvas%20Art%20SwipeShop%20Studio%20wall_art,https://picsum.photos/seed/wall_art_105/600/600,true,true,www.amazon.ca,true,false,false,false,,true,true,true,picsum.photos,false,false,false,true,false,true,true,review,"Missing ASIN for Amazon product | Missing Amazon affiliate tag | Amazon affiliate tag missing, placeholder, or not equal to configured production tag | imageUrl domain does not match merchant domain | imageApproved is false | isCurated is false | swipeEligible is false | Brand looks placeholder/internal and should be verified"
ZTItaQCUe7vea3t8HFu6,Bold Canvas Art,Amazon,SwipeShop Studio,wall-decor,,48.99,https://www.amazon.ca/s?k=Bold%20Canvas%20Art%20SwipeShop%20Studio%20wall_art,https://picsum.photos/seed/wall_art_34/600/600,true,true,www.amazon.ca,true,false,false,false,,true,true,true,picsum.photos,false,false,false,true,false,true,true,review,"Missing ASIN for Amazon product | Missing Amazon affiliate tag | Amazon affiliate tag missing, placeholder, or not equal to configured production tag | imageUrl domain does not match merchant domain | imageApproved is false | isCurated is false | swipeEligible is false | Brand looks placeholder/internal and should be verified"
Cy0ImK5LbFry1rvyoOik,Bold Ceramic Set,Amazon,SwipeShop Studio,storage,,40.99,https://www.amazon.ca/s?k=Bold%20Ceramic%20Set%20SwipeShop%20Studio%20kitchen_decor,https://picsum.photos/seed/kitchen_decor_88/600/600,true,true,www.amazon.ca,true,false,false,false,,true,true,true,picsum.photos,false,false,false,true,false,true,true,review,"Missing ASIN for Amazon product | Missing Amazon affiliate tag | Amazon affiliate tag missing, placeholder, or not equal to configured production tag | imageUrl domain does not match merchant domain | imageApproved is false | isCurated is false | swipeEligible is false | Brand looks placeholder/internal and should be verified"
GyqkpejgA81pSmDoo3u0,Bold Ceramic Set,Amazon,SwipeShop Studio,storage,,40.99,https://www.amazon.ca/s?k=Bold%20Ceramic%20Set%20SwipeShop%20Studio%20kitchen_decor,https://picsum.photos/seed/kitchen_decor_98/600/600,true,true,www.amazon.ca,true,false,false,false,,true,true,true,picsum.photos,false,false,false,true,false,true,true,review,"Missing ASIN for Amazon product | Missing Amazon affiliate tag | Amazon affiliate tag missing, placeholder, or not equal to configured production tag | imageUrl domain does not match merchant domain | imageApproved is false | isCurated is false | swipeEligible is false | Brand looks placeholder/internal and should be verified"
K4LYrvjpYtwWgNLJxhjz,Bold Ceramic Set,Amazon,SwipeShop Studio,storage,,25.99,https://www.amazon.ca/s?k=Bold%20Ceramic%20Set%20SwipeShop%20Studio%20kitchen_decor,https://picsum.photos/seed/kitchen_decor_133/600/600,true,true,www.amazon.ca,true,false,false,false,,true,true,true,picsum.photos,false,false,false,true,false,true,true,review,"Missing ASIN for Amazon product | Missing Amazon affiliate tag | Amazon affiliate tag missing, placeholder, or not equal to configured production tag | imageUrl domain does not match merchant domain | imageApproved is false | isCurated is false | swipeEligible is false | Brand looks placeholder/internal and should be verified"
hgYPCqdL2GNdNrpducoh,Bold Console Table,Amazon,SwipeShop Studio,storage,,153.99,https://www.amazon.ca/s?k=Bold%20Console%20Table%20SwipeShop%20Studio%20tables,https://picsum.photos/seed/tables_109/600/600,true,true,www.amazon.ca,true,false,false,false,,true,true,true,picsum.photos,false,false,false,true,false,true,true,review,"Missing ASIN for Amazon product | Missing Amazon affiliate tag | Amazon affiliate tag missing, placeholder, or not equal to configured production tag | imageUrl domain does not match merchant domain | imageApproved is false | isCurated is false | swipeEligible is false | Brand looks placeholder/internal and should be verified"
j660fIjW9s5KXc6Oq82W,Bold Console Table,Amazon,SwipeShop Studio,storage,,138.99,https://www.amazon.ca/s?k=Bold%20Console%20Table%20SwipeShop%20Studio%20tables,https://picsum.photos/seed/tables_124/600/600,true,true,www.amazon.ca,true,false,false,false,,true,true,true,picsum.photos,false,false,false,true,false,true,true,review,"Missing ASIN for Amazon product | Missing Amazon affiliate tag | Amazon affiliate tag missing, placeholder, or not equal to configured production tag | imageUrl domain does not match merchant domain | imageApproved is false | isCurated is false | swipeEligible is false | Brand looks placeholder/internal and should be verified"
fm0wO52Yq9SfBf7s6C6G,Bold Duvet Set,Amazon,SwipeShop Studio,cozy-bedroom,,84.99,https://www.amazon.ca/s?k=Bold%20Duvet%20Set%20SwipeShop%20Studio%20bedding,https://picsum.photos/seed/bedding_106/600/600,true,true,www.amazon.ca,true,false,false,false,,true,true,true,picsum.photos,false,false,false,true,false,true,true,review,"Missing ASIN for Amazon product | Missing Amazon affiliate tag | Amazon affiliate tag missing, placeholder, or not equal to configured production tag | imageUrl domain does not match merchant domain | imageApproved is false | isCurated is false | swipeEligible is false | Brand looks placeholder/internal and should be verified"
oCIOqIGeOwgWDBHjgFIT,Bold Duvet Set,Amazon,SwipeShop Studio,cozy-bedroom,,90.99,https://www.amazon.ca/s?k=Bold%20Duvet%20Set%20SwipeShop%20Studio%20bedding,https://picsum.photos/seed/bedding_198/600/600,true,true,www.amazon.ca,true,false,false,false,,true,true,true,picsum.photos,false,false,false,true,false,true,true,review,"Missing ASIN for Amazon product | Missing Amazon affiliate tag | Amazon affiliate tag missing, placeholder, or not equal to configured production tag | imageUrl domain does not match merchant domain | imageApproved is false | isCurated is false | swipeEligible is false | Brand looks placeholder/internal and should be verified"
oVugwD7FWV0cRgzscTk9,Bold Floor Lamp,Amazon,SwipeShop Studio,lighting,,58.99,https://www.amazon.ca/s?k=Bold%20Floor%20Lamp%20SwipeShop%20Studio%20lighting,https://picsum.photos/seed/lighting_74/600/600,true,true,www.amazon.ca,true,false,false,false,,true,true,true,picsum.photos,false,false,false,true,false,true,true,review,"Missing ASIN for Amazon product | Missing Amazon affiliate tag | Amazon affiliate tag missing, placeholder, or not equal to configured production tag | imageUrl domain does not match merchant domain | imageApproved is false | isCurated is false | swipeEligible is false | Brand looks placeholder/internal and should be verified"
XENh1h4zqTwzlWVMUTwK,Bold Floor Lamp,Amazon,SwipeShop Studio,lighting,,52.99,https://www.amazon.ca/s?k=Bold%20Floor%20Lamp%20SwipeShop%20Studio%20lighting,https://picsum.photos/seed/lighting_82/600/600,true,true,www.amazon.ca,true,false,false,false,,true,true,true,picsum.photos,false,false,false,true,false,true,true,review,"Missing ASIN for Amazon product | Missing Amazon affiliate tag | Amazon affiliate tag missing, placeholder, or not equal to configured production tag | imageUrl domain does not match merchant domain | imageApproved is false | isCurated is false | swipeEligible is false | Brand looks placeholder/internal and should be verified"
ehiiXoBlePcrdKXD8UDe,Bold Framed Print,Amazon,SwipeShop Studio,wall-decor,,63.99,https://www.amazon.ca/s?k=Bold%20Framed%20Print%20SwipeShop%20Studio%20wall_art,https://picsum.photos/seed/wall_art_99/600/600,true,true,www.amazon.ca,true,false,false,false,,true,true,true,picsum.photos,false,false,false,true,false,true,true,review,"Missing ASIN for Amazon product | Missing Amazon affiliate tag | Amazon affiliate tag missing, placeholder, or not equal to configured production tag | imageUrl domain does not match merchant domain | imageApproved is false | isCurated is false | swipeEligible is false | Brand looks placeholder/internal and should be verified"
DoUrjVaYMO8DGSUKqZMS,Bold Indoor Plant,Amazon,SwipeShop Studio,plants,,39.99,https://www.amazon.ca/s?k=Bold%20Indoor%20Plant%20SwipeShop%20Studio%20plants,https://picsum.photos/seed/plants_106/600/600,true,true,www.amazon.ca,true,false,false,false,,true,true,true,picsum.photos,false,false,false,true,false,true,true,review,"Missing ASIN for Amazon product | Missing Amazon affiliate tag | Amazon affiliate tag missing, placeholder, or not equal to configured production tag | imageUrl domain does not match merchant domain | imageApproved is false | isCurated is false | swipeEligible is false | Brand looks placeholder/internal and should be verified"
pwl74qVhsbb3TF0B2KB4,Bold Indoor Plant,Amazon,SwipeShop Studio,plants,,33.99,https://www.amazon.ca/s?k=Bold%20Indoor%20Plant%20SwipeShop%20Studio%20plants,https://picsum.photos/seed/plants_194/600/600,true,true,www.amazon.ca,true,false,false,false,,true,true,true,picsum.photos,false,false,false,true,false,true,true,review,"Missing ASIN for Amazon product | Missing Amazon affiliate tag | Amazon affiliate tag missing, placeholder, or not equal to configured production tag | imageUrl domain does not match merchant domain | imageApproved is false | isCurated is false | swipeEligible is false | Brand looks placeholder/internal and should be verified"
YmRxIaSGCenthPq7Y0uB,Bold Indoor Plant,Amazon,SwipeShop Studio,plants,,24.99,https://www.amazon.ca/s?k=Bold%20Indoor%20Plant%20SwipeShop%20Studio%20plants,https://picsum.photos/seed/plants_121/600/600,true,true,www.amazon.ca,true,false,false,false,,true,true,true,picsum.photos,false,false,false,true,false,true,true,review,"Missing ASIN for Amazon product | Missing Amazon affiliate tag | Amazon affiliate tag missing, placeholder, or not equal to configured production tag | imageUrl domain does not match merchant domain | imageApproved is false | isCurated is false | swipeEligible is false | Brand looks placeholder/internal and should be verified"
cSW416UVLkW9wB19XOUt,Bold Kitchen Decor,Amazon,SwipeShop Studio,storage,,28.99,https://www.amazon.ca/s?k=Bold%20Kitchen%20Decor%20SwipeShop%20Studio%20kitchen_decor,https://picsum.photos/seed/kitchen_decor_134/600/600,true,true,www.amazon.ca,true,false,false,false,,true,true,true,picsum.photos,false,false,false,true,false,true,true,review,"Missing ASIN for Amazon product | Missing Amazon affiliate tag | Amazon affiliate tag missing, placeholder, or not equal to configured production tag | imageUrl domain does not match merchant domain | imageApproved is false | isCurated is false | swipeEligible is false | Brand looks placeholder/internal and should be verified"
fDIge9NJQe5hbLkOOkk0,Bold Kitchen Decor,Amazon,SwipeShop Studio,storage,,40.99,https://www.amazon.ca/s?k=Bold%20Kitchen%20Decor%20SwipeShop%20Studio%20kitchen_decor,https://picsum.photos/seed/kitchen_decor_148/600/600,true,true,www.amazon.ca,true,false,false,false,,true,true,true,picsum.photos,false,false,false,true,false,true,true,review,"Missing ASIN for Amazon product | Missing Amazon affiliate tag | Amazon affiliate tag missing, placeholder, or not equal to configured production tag | imageUrl domain does not match merchant domain | imageApproved is false | isCurated is false | swipeEligible is false | Brand looks placeholder/internal and should be verified"
AiIxLrZeSPXNK4KnCqn2,Bold Pendant Light,Amazon,SwipeShop Studio,lighting,,64.99,https://www.amazon.ca/s?k=Bold%20Pendant%20Light%20SwipeShop%20Studio%20lighting,https://picsum.photos/seed/lighting_16/600/600,true,true,www.amazon.ca,true,false,false,false,,true,true,true,picsum.photos,false,false,false,true,false,true,true,review,"Missing ASIN for Amazon product | Missing Amazon affiliate tag | Amazon affiliate tag missing, placeholder, or not equal to configured production tag | imageUrl domain does not match merchant domain | imageApproved is false | isCurated is false | swipeEligible is false | Brand looks placeholder/internal and should be verified"
PWaGYUh8KhJuudoWcVUY,Bold Pillow Set,Amazon,SwipeShop Studio,cozy-bedroom,,87.99,https://www.amazon.ca/s?k=Bold%20Pillow%20Set%20SwipeShop%20Studio%20bedding,https://picsum.photos/seed/bedding_167/600/600,true,true,www.amazon.ca,true,false,false,false,,true,true,true,picsum.photos,false,false,false,true,false,true,true,review,"Missing ASIN for Amazon product | Missing Amazon affiliate tag | Amazon affiliate tag missing, placeholder, or not equal to configured production tag | imageUrl domain does not match merchant domain | imageApproved is false | isCurated is false | swipeEligible is false | Brand looks placeholder/internal and should be verified"
lOWsSSqKZlMjJUuIC695,Bold Planter,Amazon,SwipeShop Studio,plants,,36.99,https://www.amazon.ca/s?k=Bold%20Planter%20SwipeShop%20Studio%20plants,https://picsum.photos/seed/plants_75/600/600,true,true,www.amazon.ca,true,false,false,false,,true,true,true,picsum.photos,false,false,false,true,false,true,true,review,"Missing ASIN for Amazon product | Missing Amazon affiliate tag | Amazon affiliate tag missing, placeholder, or not equal to configured production tag | imageUrl domain does not match merchant domain | imageApproved is false | isCurated is false | swipeEligible is false | Brand looks placeholder/internal and should be verified"
HfoDYcB4eY89YU4afhNC,Bold Runner Rug,Amazon,SwipeShop Studio,storage,,91.99,https://www.amazon.ca/s?k=Bold%20Runner%20Rug%20SwipeShop%20Studio%20rugs,https://picsum.photos/seed/rugs_195/600/600,true,true,www.amazon.ca,true,false,false,false,,true,true,true,picsum.photos,false,false,false,true,false,true,true,review,"Missing ASIN for Amazon product | Missing Amazon affiliate tag | Amazon affiliate tag missing, placeholder, or not equal to configured production tag | imageUrl domain does not match merchant domain | imageApproved is false | isCurated is false | swipeEligible is false | Brand looks placeholder/internal and should be verified"
ItEpkBYUXC3n6Q19eLjt,Bold Runner Rug,Amazon,SwipeShop Studio,storage,,100.99,https://www.amazon.ca/s?k=Bold%20Runner%20Rug%20SwipeShop%20Studio%20rugs,https://picsum.photos/seed/rugs_108/600/600,true,true,www.amazon.ca,true,false,false,false,,true,true,true,picsum.photos,false,false,false,true,false,true,true,review,"Missing ASIN for Amazon product | Missing Amazon affiliate tag | Amazon affiliate tag missing, placeholder, or not equal to configured production tag | imageUrl domain does not match merchant domain | imageApproved is false | isCurated is false | swipeEligible is false | Brand looks placeholder/internal and should be verified"
M9A71PUoXh3XZobuhLv5,Bold Runner Rug,Amazon,SwipeShop Studio,storage,,88.99,https://www.amazon.ca/s?k=Bold%20Runner%20Rug%20SwipeShop%20Studio%20rugs,https://picsum.photos/seed/rugs_154/600/600,true,true,www.amazon.ca,true,false,false,false,,true,true,true,picsum.photos,false,false,false,true,false,true,true,review,"Missing ASIN for Amazon product | Missing Amazon affiliate tag | Amazon affiliate tag missing, placeholder, or not equal to configured production tag | imageUrl domain does not match merchant domain | imageApproved is false | isCurated is false | swipeEligible is false | Brand looks placeholder/internal and should be verified"
BezxnEQkO78i5hua9HFU,Bold Serving Tray,Amazon,SwipeShop Studio,storage,,19.99,https://www.amazon.ca/s?k=Bold%20Serving%20Tray%20SwipeShop%20Studio%20kitchen_decor,https://picsum.photos/seed/kitchen_decor_171/600/600,true,true,www.amazon.ca,true,false,false,false,,true,true,true,picsum.photos,false,false,false,true,false,true,true,review,"Missing ASIN for Amazon product | Missing Amazon affiliate tag | Amazon affiliate tag missing, placeholder, or not equal to configured production tag | imageUrl domain does not match merchant domain | imageApproved is false | isCurated is false | swipeEligible is false | Brand looks placeholder/internal and should be verified"
tGRDTenCeUu5pwbXEoE0,Bold Serving Tray,Amazon,SwipeShop Studio,storage,,46.99,https://www.amazon.ca/s?k=Bold%20Serving%20Tray%20SwipeShop%20Studio%20kitchen_decor,https://picsum.photos/seed/kitchen_decor_10/600/600,true,true,www.amazon.ca,true,false,false,false,,true,true,true,picsum.photos,false,false,false,true,false,true,true,review,"Missing ASIN for Amazon product | Missing Amazon affiliate tag | Amazon affiliate tag missing, placeholder, or not equal to configured production tag | imageUrl domain does not match merchant domain | imageApproved is false | isCurated is false | swipeEligible is false | Brand looks placeholder/internal and should be verified"
iDJYYD0yYoGqEVnk2x5i,Bold Sheet Set,Amazon,SwipeShop Studio,cozy-bedroom,,93.99,https://www.amazon.ca/s?k=Bold%20Sheet%20Set%20SwipeShop%20Studio%20bedding,https://picsum.photos/seed/bedding_69/600/600,true,true,www.amazon.ca,true,false,false,false,,true,true,true,picsum.photos,false,false,false,true,false,true,true,review,"Missing ASIN for Amazon product | Missing Amazon affiliate tag | Amazon affiliate tag missing, placeholder, or not equal to configured production tag | imageUrl domain does not match merchant domain | imageApproved is false | isCurated is false | swipeEligible is false | Brand looks placeholder/internal and should be verified"
sOHUweYkXxmWSYXgbm2K,Bold Sheet Set,Amazon,SwipeShop Studio,cozy-bedroom,,72.99,https://www.amazon.ca/s?k=Bold%20Sheet%20Set%20SwipeShop%20Studio%20bedding,https://picsum.photos/seed/bedding_192/600/600,true,true,www.amazon.ca,true,false,false,false,,true,true,true,picsum.photos,false,false,false,true,false,true,true,review,"Missing ASIN for Amazon product | Missing Amazon affiliate tag | Amazon affiliate tag missing, placeholder, or not equal to configured production tag | imageUrl domain does not match merchant domain | imageApproved is false | isCurated is false | swipeEligible is false | Brand looks placeholder/internal and should be verified"
scISFn5t8HSLHJv82B3q,Bold Shelf Unit,Amazon,SwipeShop Studio,storage,,44.99,https://www.amazon.ca/s?k=Bold%20Shelf%20Unit%20SwipeShop%20Studio%20storage,https://picsum.photos/seed/storage_46/600/600,true,true,www.amazon.ca,true,false,false,false,,true,true,true,picsum.photos,false,false,false,true,false,true,true,review,"Missing ASIN for Amazon product | Missing Amazon affiliate tag | Amazon affiliate tag missing, placeholder, or not equal to configured production tag | imageUrl domain does not match merchant domain | imageApproved is false | isCurated is false | swipeEligible is false | Brand looks placeholder/internal and should be verified"
Wp5Hh4nwZWWDScLuEzhV,Bold Side Table,Amazon,SwipeShop Studio,storage,,156.99,https://www.amazon.ca/s?k=Bold%20Side%20Table%20SwipeShop%20Studio%20tables,https://picsum.photos/seed/tables_20/600/600,true,true,www.amazon.ca,true,false,false,false,,true,true,true,picsum.photos,false,false,false,true,false,true,true,review,"Missing ASIN for Amazon product | Missing Amazon affiliate tag | Amazon affiliate tag missing, placeholder, or not equal to configured production tag | imageUrl domain does not match merchant domain | imageApproved is false | isCurated is false | swipeEligible is false | Brand looks placeholder/internal and should be verified"
ZMTZ9rPmPnW9rjvkcwkS,Bold Side Table,Amazon,SwipeShop Studio,storage,,156.99,https://www.amazon.ca/s?k=Bold%20Side%20Table%20SwipeShop%20Studio%20tables,https://picsum.photos/seed/tables_170/600/600,true,true,www.amazon.ca,true,false,false,false,,true,true,true,picsum.photos,false,false,false,true,false,true,true,review,"Missing ASIN for Amazon product | Missing Amazon affiliate tag | Amazon affiliate tag missing, placeholder, or not equal to configured production tag | imageUrl domain does not match merchant domain | imageApproved is false | isCurated is false | swipeEligible is false | Brand looks placeholder/internal and should be verified"
H4JvMXlGzmKD5vy0Eym4,Bold Stool,Amazon,SwipeShop Studio,storage,,149.99,https://www.amazon.ca/s?k=Bold%20Stool%20SwipeShop%20Studio%20seating,https://picsum.photos/seed/seating_141/600/600,true,true,www.amazon.ca,true,false,false,false,,true,true,true,picsum.photos,false,false,false,true,false,true,true,review,"Missing ASIN for Amazon product | Missing Amazon affiliate tag | Amazon affiliate tag missing, placeholder, or not equal to configured production tag | imageUrl domain does not match merchant domain | imageApproved is false | isCurated is false | swipeEligible is false | Brand looks placeholder/internal and should be verified"
rcRRaBSPgP77hVHGbwNT,Bold Stool,Amazon,SwipeShop Studio,storage,,161.99,https://www.amazon.ca/s?k=Bold%20Stool%20SwipeShop%20Studio%20seating,https://picsum.photos/seed/seating_45/600/600,true,true,www.amazon.ca,true,false,false,false,,true,true,true,picsum.photos,false,false,false,true,false,true,true,review,"Missing ASIN for Amazon product | Missing Amazon affiliate tag | Amazon affiliate tag missing, placeholder, or not equal to configured production tag | imageUrl domain does not match merchant domain | imageApproved is false | isCurated is false | swipeEligible is false | Brand looks placeholder/internal and should be verified"
sMgGuRdP9c73ZDmyE1yH,Bold Storage Basket,Amazon,SwipeShop Studio,storage,,38.99,https://www.amazon.ca/s?k=Bold%20Storage%20Basket%20SwipeShop%20Studio%20storage,https://picsum.photos/seed/storage_94/600/600,true,true,www.amazon.ca,true,false,false,false,,true,true,true,picsum.photos,false,false,false,true,false,true,true,review,"Missing ASIN for Amazon product | Missing Amazon affiliate tag | Amazon affiliate tag missing, placeholder, or not equal to configured production tag | imageUrl domain does not match merchant domain | imageApproved is false | isCurated is false | swipeEligible is false | Brand looks placeholder/internal and should be verified"
1XUoQVMrPBrQkhbqgm3u,Bold Table Lamp,Amazon,SwipeShop Studio,lighting,B0DHL46YF2,64.99,https://www.amazon.ca/dp/B0DHL46YF2/ref=nosim?tag=YOURREALTAG-20,https://picsum.photos/seed/lighting_46/600/600,true,true,www.amazon.ca,true,true,true,true,YOURREALTAG-20,true,true,true,picsum.photos,false,false,false,true,false,true,true,review,"Amazon affiliate tag missing, placeholder, or not equal to configured production tag | imageUrl domain does not match merchant domain | imageApproved is false | isCurated is false | swipeEligible is false | Brand looks placeholder/internal and should be verified"
sy6tlCb2EAEsgxs9KWxN,Bold Table Lamp,Amazon,SwipeShop Studio,lighting,,70.99,https://www.amazon.ca/s?k=Bold%20Table%20Lamp%20SwipeShop%20Studio%20lighting,https://picsum.photos/seed/lighting_48/600/600,true,true,www.amazon.ca,true,false,false,false,,true,true,true,picsum.photos,false,false,false,true,false,true,true,review,"Missing ASIN for Amazon product | Missing Amazon affiliate tag | Amazon affiliate tag missing, placeholder, or not equal to configured production tag | imageUrl domain does not match merchant domain | imageApproved is false | isCurated is false | swipeEligible is false | Brand looks placeholder/internal and should be verified"
VG0lk5f4d19OqMlNXoNL,Bold Table Lamp,Amazon,SwipeShop Studio,lighting,,61.99,https://www.amazon.ca/s?k=Bold%20Table%20Lamp%20SwipeShop%20Studio%20lighting,https://picsum.photos/seed/lighting_5/600/600,true,true,www.amazon.ca,true,false,false,false,,true,true,true,picsum.photos,false,false,false,true,false,true,true,review,"Missing ASIN for Amazon product | Missing Amazon affiliate tag | Amazon affiliate tag missing, placeholder, or not equal to configured production tag | imageUrl domain does not match merchant domain | imageApproved is false | isCurated is false | swipeEligible is false | Brand looks placeholder/internal and should be verified"
58CKdM5EQMF8HYsFeoKl,Bold Vanity Mirror,Amazon,SwipeShop Studio,mirrors,,77.99,https://www.amazon.ca/s?k=Bold%20Vanity%20Mirror%20SwipeShop%20Studio%20mirrors,https://picsum.photos/seed/mirrors_47/600/600,true,true,www.amazon.ca,true,false,false,false,,true,true,true,picsum.photos,false,false,false,true,false,true,true,review,"Missing ASIN for Amazon product | Missing Amazon affiliate tag | Amazon affiliate tag missing, placeholder, or not equal to configured production tag | imageUrl domain does not match merchant domain | imageApproved is false | isCurated is false | swipeEligible is false | Brand looks placeholder/internal and should be verified"
FH48pPgzPrmyRMbAz3gF,Bold Wall Mirror,Amazon,SwipeShop Studio,mirrors,,62.99,https://www.amazon.ca/s?k=Bold%20Wall%20Mirror%20SwipeShop%20Studio%20mirrors,https://picsum.photos/seed/mirrors_182/600/600,true,true,www.amazon.ca,true,false,false,false,,true,true,true,picsum.photos,false,false,false,true,false,true,true,review,"Missing ASIN for Amazon product | Missing Amazon affiliate tag | Amazon affiliate tag missing, placeholder, or not equal to configured production tag | imageUrl domain does not match merchant domain | imageApproved is false | isCurated is false | swipeEligible is false | Brand looks placeholder/internal and should be verified"
qyCE78k5t65imFonqNgd,Bold Wall Mirror,Amazon,SwipeShop Studio,mirrors,,65.99,https://www.amazon.ca/s?k=Bold%20Wall%20Mirror%20SwipeShop%20Studio%20mirrors,https://picsum.photos/seed/mirrors_153/600/600,true,true,www.amazon.ca,true,false,false,false,,true,true,true,picsum.photos,false,false,false,true,false,true,true,review,"Missing ASIN for Amazon product | Missing Amazon affiliate tag | Amazon affiliate tag missing, placeholder, or not equal to configured production tag | imageUrl domain does not match merchant domain | imageApproved is false | isCurated is false | swipeEligible is false | Brand looks placeholder/internal and should be verified"
rFBatjZVN98Q24F4LLeL,Bold Wall Mirror,Amazon,SwipeShop Studio,mirrors,,83.99,https://www.amazon.ca/s?k=Bold%20Wall%20Mirror%20SwipeShop%20Studio%20mirrors,https://picsum.photos/seed/mirrors_89/600/600,true,true,www.amazon.ca,true,false,false,false,,true,true,true,picsum.photos,false,false,false,true,false,true,true,review,"Missing ASIN for Amazon product | Missing Amazon affiliate tag | Amazon affiliate tag missing, placeholder, or not equal to configured production tag | imageUrl domain does not match merchant domain | imageApproved is false | isCurated is false | swipeEligible is false | Brand looks placeholder/internal and should be verified"
AinFjKrLSkDHZ2bQxBFr,Bold Wall Poster,Amazon,SwipeShop Studio,wall-decor,,45.99,https://www.amazon.ca/s?k=Bold%20Wall%20Poster%20SwipeShop%20Studio%20wall_art,https://picsum.photos/seed/wall_art_103/600/600,true,true,www.amazon.ca,true,false,false,false,,true,true,true,picsum.photos,false,false,false,true,false,true,true,review,"Missing ASIN for Amazon product | Missing Amazon affiliate tag | Amazon affiliate tag missing, placeholder, or not equal to configured production tag | imageUrl domain does not match merchant domain | imageApproved is false | isCurated is false | swipeEligible is false | Brand looks placeholder/internal and should be verified"
ya7c3CRvsqi4RGmSQJbf,Bold Wall Poster,Amazon,SwipeShop Studio,wall-decor,,39.99,https://www.amazon.ca/s?k=Bold%20Wall%20Poster%20SwipeShop%20Studio%20wall_art,https://picsum.photos/seed/wall_art_81/600/600,true,true,www.amazon.ca,true,false,false,false,,true,true,true,picsum.photos,false,false,false,true,false,true,true,review,"Missing ASIN for Amazon product | Missing Amazon affiliate tag | Amazon affiliate tag missing, placeholder, or not equal to configured production tag | imageUrl domain does not match merchant domain | imageApproved is false | isCurated is false | swipeEligible is false | Brand looks placeholder/internal and should be verified"
xHwbheirofCwBoM9w7G6,Bouclé Accent Chair,Amazon,SwipeShop Studio,storage,,229.99,https://www.amazon.ca/s?k=Boucl%C3%A9%20Accent%20Chair%20SwipeShop%20Studio%20Seating,https://picsum.photos/seed/seating_01/600/600,true,true,www.amazon.ca,true,false,false,false,,true,true,true,picsum.photos,false,false,false,true,false,true,true,review,"Missing ASIN for Amazon product | Missing Amazon affiliate tag | Amazon affiliate tag missing, placeholder, or not equal to configured production tag | imageUrl domain does not match merchant domain | imageApproved is false | isCurated is false | swipeEligible is false | Brand looks placeholder/internal and should be verified"
YFoskHPJTgdUzqAAPLOs,Bouclé Accent Chair,Amazon,SwipeShop Studio,storage,,229.99,https://www.amazon.ca/s?k=Boucl%C3%A9%20Accent%20Chair%20SwipeShop%20Studio%20Seating,https://picsum.photos/seed/seating_01/600/600,true,true,www.amazon.ca,true,false,false,false,,true,true,true,picsum.photos,false,false,false,true,false,true,true,review,"Missing ASIN for Amazon product | Missing Amazon affiliate tag | Amazon affiliate tag missing, placeholder, or not equal to configured production tag | imageUrl domain does not match merchant domain | imageApproved is false | isCurated is false | swipeEligible is false | Brand looks placeholder/internal and should be verified"
amazon_B0D47BFZ2G,Bwodke Framed Neutral Abstract Wall Art Set,Amazon.ca,Bwodke,wall-decor,B0D47BFZ2G,19.99,https://www.amazon.ca/dp/B0D47BFZ2G,https://m.media-amazon.com/images/I/71IPBcmKhZL._AC_SX679_.jpg,true,true,www.amazon.ca,true,true,true,false,,true,true,true,m.media-amazon.com,true,true,true,true,true,true,false,review,"Missing Amazon affiliate tag | Amazon affiliate tag missing, placeholder, or not equal to configured production tag"
amazon_B0BQ3N3HS1,CEMABT Ceramic Body Face Vase,Amazon.ca,CEMABT,shelf-styling,B0BQ3N3HS1,18.99,https://www.amazon.ca/dp/B0BQ3N3HS1,https://m.media-amazon.com/images/I/6161YWsMUkL._AC_SX679_.jpg,true,true,www.amazon.ca,true,true,true,false,,true,true,true,m.media-amazon.com,true,true,true,true,true,true,false,review,"Missing Amazon affiliate tag | Amazon affiliate tag missing, placeholder, or not equal to configured production tag"
amazon_B09TZKJ5BG,CEMABT Donut Ceramic Vase,Amazon.ca,CEMABT,shelf-styling,B09TZKJ5BG,16.99,https://www.amazon.ca/dp/B09TZKJ5BG,https://m.media-amazon.com/images/I/71y0wKJHZ0L._AC_SX679_.jpg,true,true,www.amazon.ca,true,true,true,false,,true,true,true,m.media-amazon.com,true,true,true,true,true,true,false,review,"Missing Amazon affiliate tag | Amazon affiliate tag missing, placeholder, or not equal to configured production tag"
h4MgW7vY86kEVlsq86NC,Ceramic Planter Set (2-pack),Amazon,SwipeShop Studio,plants,,29.99,https://www.amazon.ca/s?k=Ceramic%20Planter%20Set%20(2-pack)%20SwipeShop%20Studio%20Plants,https://picsum.photos/seed/plants_02/600/600,true,true,www.amazon.ca,true,false,false,false,,true,true,true,picsum.photos,false,false,false,true,false,true,true,review,"Missing ASIN for Amazon product | Missing Amazon affiliate tag | Amazon affiliate tag missing, placeholder, or not equal to configured production tag | imageUrl domain does not match merchant domain | imageApproved is false | isCurated is false | swipeEligible is false | Brand looks placeholder/internal and should be verified"
YMwZr5XmQ3QjU3tYIWTM,Ceramic Planter Set (2-pack),Amazon,SwipeShop Studio,plants,,29.99,https://www.amazon.ca/s?k=Ceramic%20Planter%20Set%20(2-pack)%20SwipeShop%20Studio%20Plants,https://picsum.photos/seed/plants_02/600/600,true,true,www.amazon.ca,true,false,false,false,,true,true,true,picsum.photos,false,false,false,true,false,true,true,review,"Missing ASIN for Amazon product | Missing Amazon affiliate tag | Amazon affiliate tag missing, placeholder, or not equal to configured production tag | imageUrl domain does not match merchant domain | imageApproved is false | isCurated is false | swipeEligible is false | Brand looks placeholder/internal and should be verified"
hvZH5FPxw5aVhaRbDXf6,Ceramic Vase (Kitchen Shelf),Amazon,SwipeShop Studio,shelf-styling,,24.99,https://www.amazon.ca/s?k=Ceramic%20Vase%20(Kitchen%20Shelf)%20SwipeShop%20Studio%20Kitchen%20Decor,https://picsum.photos/seed/kitchen_03/600/600,true,true,www.amazon.ca,true,false,false,false,,true,true,true,picsum.photos,false,false,false,true,false,true,true,review,"Missing ASIN for Amazon product | Missing Amazon affiliate tag | Amazon affiliate tag missing, placeholder, or not equal to configured production tag | imageUrl domain does not match merchant domain | imageApproved is false | isCurated is false | swipeEligible is false | Brand looks placeholder/internal and should be verified"
VKvvkAi4r0pAkIsC59uh,Ceramic Vase (Kitchen Shelf),Amazon,SwipeShop Studio,shelf-styling,,24.99,https://www.amazon.ca/s?k=Ceramic%20Vase%20(Kitchen%20Shelf)%20SwipeShop%20Studio%20Kitchen%20Decor,https://picsum.photos/seed/kitchen_03/600/600,true,true,www.amazon.ca,true,false,false,false,,true,true,true,picsum.photos,false,false,false,true,false,true,true,review,"Missing ASIN for Amazon product | Missing Amazon affiliate tag | Amazon affiliate tag missing, placeholder, or not equal to configured production tag | imageUrl domain does not match merchant domain | imageApproved is false | isCurated is false | swipeEligible is false | Brand looks placeholder/internal and should be verified"
amazon_B0CDLP9SQ3,CEREMONY Wooden Incense Holder with Glass Ash Catcher,Amazon.ca,CEREMONY,shelf-styling,B0CDLP9SQ3,23.99,https://www.amazon.ca/dp/B0CDLP9SQ3,https://m.media-amazon.com/images/I/61HTszC6IHL._AC_SY879_.jpg,true,true,www.amazon.ca,true,true,true,false,,true,true,true,m.media-amazon.com,true,true,true,true,true,true,false,review,"Missing Amazon affiliate tag | Amazon affiliate tag missing, placeholder, or not equal to configured production tag"
XZtwaNwm08Gj9ePWXNGp,Classic Accent Chair,Amazon,SwipeShop Studio,storage,,167.99,https://www.amazon.ca/s?k=Classic%20Accent%20Chair%20SwipeShop%20Studio%20seating,https://picsum.photos/seed/seating_27/600/600,true,true,www.amazon.ca,true,false,false,false,,true,true,true,picsum.photos,false,false,false,true,false,true,true,review,"Missing ASIN for Amazon product | Missing Amazon affiliate tag | Amazon affiliate tag missing, placeholder, or not equal to configured production tag | imageUrl domain does not match merchant domain | imageApproved is false | isCurated is false | swipeEligible is false | Brand looks placeholder/internal and should be verified"
U8cavhZoProJ1QaZFbLa,Classic Area Rug,Amazon,SwipeShop Studio,storage,,106.99,https://www.amazon.ca/s?k=Classic%20Area%20Rug%20SwipeShop%20Studio%20rugs,https://picsum.photos/seed/rugs_50/600/600,true,true,www.amazon.ca,true,false,false,false,,true,true,true,picsum.photos,false,false,false,true,false,true,true,review,"Missing ASIN for Amazon product | Missing Amazon affiliate tag | Amazon affiliate tag missing, placeholder, or not equal to configured production tag | imageUrl domain does not match merchant domain | imageApproved is false | isCurated is false | swipeEligible is false | Brand looks placeholder/internal and should be verified"
Z5IoBoU02qqJ5PB4FKxj,Classic Area Rug,Amazon,SwipeShop Studio,storage,,79.99,https://www.amazon.ca/s?k=Classic%20Area%20Rug%20SwipeShop%20Studio%20rugs,https://picsum.photos/seed/rugs_1/600/600,true,true,www.amazon.ca,true,false,false,false,,true,true,true,picsum.photos,false,false,false,true,false,true,true,review,"Missing ASIN for Amazon product | Missing Amazon affiliate tag | Amazon affiliate tag missing, placeholder, or not equal to configured production tag | imageUrl domain does not match merchant domain | imageApproved is false | isCurated is false | swipeEligible is false | Brand looks placeholder/internal and should be verified"
AE9cH4btnjlLoBbCQfXc,Classic Bench,Amazon,SwipeShop Studio,storage,,176.99,https://www.amazon.ca/s?k=Classic%20Bench%20SwipeShop%20Studio%20seating,https://picsum.photos/seed/seating_170/600/600,true,true,www.amazon.ca,true,false,false,false,,true,true,true,picsum.photos,false,false,false,true,false,true,true,review,"Missing ASIN for Amazon product | Missing Amazon affiliate tag | Amazon affiliate tag missing, placeholder, or not equal to configured production tag | imageUrl domain does not match merchant domain | imageApproved is false | isCurated is false | swipeEligible is false | Brand looks placeholder/internal and should be verified"
k47aOiIE7dctCAU01BY8,Classic Bench,Amazon,SwipeShop Studio,storage,,149.99,https://www.amazon.ca/s?k=Classic%20Bench%20SwipeShop%20Studio%20seating,https://picsum.photos/seed/seating_191/600/600,true,true,www.amazon.ca,true,false,false,false,,true,true,true,picsum.photos,false,false,false,true,false,true,true,review,"Missing ASIN for Amazon product | Missing Amazon affiliate tag | Amazon affiliate tag missing, placeholder, or not equal to configured production tag | imageUrl domain does not match merchant domain | imageApproved is false | isCurated is false | swipeEligible is false | Brand looks placeholder/internal and should be verified"
lptByxWriF8nlfD96WOl,Classic Bench,Amazon,SwipeShop Studio,storage,,161.99,https://www.amazon.ca/s?k=Classic%20Bench%20SwipeShop%20Studio%20seating,https://picsum.photos/seed/seating_175/600/600,true,true,www.amazon.ca,true,false,false,false,,true,true,true,picsum.photos,false,false,false,true,false,true,true,review,"Missing ASIN for Amazon product | Missing Amazon affiliate tag | Amazon affiliate tag missing, placeholder, or not equal to configured production tag | imageUrl domain does not match merchant domain | imageApproved is false | isCurated is false | swipeEligible is false | Brand looks placeholder/internal and should be verified"
o2hAe9TlzqEvU2gDVIdo,Classic Bench,Amazon,SwipeShop Studio,storage,,176.99,https://www.amazon.ca/s?k=Classic%20Bench%20SwipeShop%20Studio%20seating,https://picsum.photos/seed/seating_160/600/600,true,true,www.amazon.ca,true,false,false,false,,true,true,true,picsum.photos,false,false,false,true,false,true,true,review,"Missing ASIN for Amazon product | Missing Amazon affiliate tag | Amazon affiliate tag missing, placeholder, or not equal to configured production tag | imageUrl domain does not match merchant domain | imageApproved is false | isCurated is false | swipeEligible is false | Brand looks placeholder/internal and should be verified"
98UB6BmA30SRodXMqLZC,Classic Canvas Art,Amazon,SwipeShop Studio,wall-decor,,54.99,https://www.amazon.ca/s?k=Classic%20Canvas%20Art%20SwipeShop%20Studio%20wall_art,https://picsum.photos/seed/wall_art_166/600/600,true,true,www.amazon.ca,true,false,false,false,,true,true,true,picsum.photos,false,false,false,true,false,true,true,review,"Missing ASIN for Amazon product | Missing Amazon affiliate tag | Amazon affiliate tag missing, placeholder, or not equal to configured production tag | imageUrl domain does not match merchant domain | imageApproved is false | isCurated is false | swipeEligible is false | Brand looks placeholder/internal and should be verified"
KYOsMCS5viqcBDLglZkI,Classic Canvas Art,Amazon,SwipeShop Studio,wall-decor,,60.99,https://www.amazon.ca/s?k=Classic%20Canvas%20Art%20SwipeShop%20Studio%20wall_art,https://picsum.photos/seed/wall_art_68/600/600,true,true,www.amazon.ca,true,false,false,false,,true,true,true,picsum.photos,false,false,false,true,false,true,true,review,"Missing ASIN for Amazon product | Missing Amazon affiliate tag | Amazon affiliate tag missing, placeholder, or not equal to configured production tag | imageUrl domain does not match merchant domain | imageApproved is false | isCurated is false | swipeEligible is false | Brand looks placeholder/internal and should be verified"
Mex7Npc11EWv8BEMdFU1,Classic Ceramic Set,Amazon,SwipeShop Studio,storage,,19.99,https://www.amazon.ca/s?k=Classic%20Ceramic%20Set%20SwipeShop%20Studio%20kitchen_decor,https://picsum.photos/seed/kitchen_decor_101/600/600,true,true,www.amazon.ca,true,false,false,false,,true,true,true,picsum.photos,false,false,false,true,false,true,true,review,"Missing ASIN for Amazon product | Missing Amazon affiliate tag | Amazon affiliate tag missing, placeholder, or not equal to configured production tag | imageUrl domain does not match merchant domain | imageApproved is false | isCurated is false | swipeEligible is false | Brand looks placeholder/internal and should be verified"
RDqmiKLKcNHsM71BCVN1,Classic Ceramic Set,Amazon,SwipeShop Studio,storage,,43.99,https://www.amazon.ca/s?k=Classic%20Ceramic%20Set%20SwipeShop%20Studio%20kitchen_decor,https://picsum.photos/seed/kitchen_decor_149/600/600,true,true,www.amazon.ca,true,false,false,false,,true,true,true,picsum.photos,false,false,false,true,false,true,true,review,"Missing ASIN for Amazon product | Missing Amazon affiliate tag | Amazon affiliate tag missing, placeholder, or not equal to configured production tag | imageUrl domain does not match merchant domain | imageApproved is false | isCurated is false | swipeEligible is false | Brand looks placeholder/internal and should be verified"
7vUInzzbM6RX2yfvJlw2,Classic Coffee Table,Amazon,SwipeShop Studio,storage,,144.99,https://www.amazon.ca/s?k=Classic%20Coffee%20Table%20SwipeShop%20Studio%20tables,https://picsum.photos/seed/tables_116/600/600,true,true,www.amazon.ca,true,false,false,false,,true,true,true,picsum.photos,false,false,false,true,false,true,true,review,"Missing ASIN for Amazon product | Missing Amazon affiliate tag | Amazon affiliate tag missing, placeholder, or not equal to configured production tag | imageUrl domain does not match merchant domain | imageApproved is false | isCurated is false | swipeEligible is false | Brand looks placeholder/internal and should be verified"
cTqVOpeH2ayJtf2x2NIb,Classic Coffee Table,Amazon,SwipeShop Studio,storage,,144.99,https://www.amazon.ca/s?k=Classic%20Coffee%20Table%20SwipeShop%20Studio%20tables,https://picsum.photos/seed/tables_186/600/600,true,true,www.amazon.ca,true,false,false,false,,true,true,true,picsum.photos,false,false,false,true,false,true,true,review,"Missing ASIN for Amazon product | Missing Amazon affiliate tag | Amazon affiliate tag missing, placeholder, or not equal to configured production tag | imageUrl domain does not match merchant domain | imageApproved is false | isCurated is false | swipeEligible is false | Brand looks placeholder/internal and should be verified"
Y9DkeoFM4dJwiKRY0gqR,Classic Coffee Table,Amazon,SwipeShop Studio,storage,,138.99,https://www.amazon.ca/s?k=Classic%20Coffee%20Table%20SwipeShop%20Studio%20tables,https://picsum.photos/seed/tables_194/600/600,true,true,www.amazon.ca,true,false,false,false,,true,true,true,picsum.photos,false,false,false,true,false,true,true,review,"Missing ASIN for Amazon product | Missing Amazon affiliate tag | Amazon affiliate tag missing, placeholder, or not equal to configured production tag | imageUrl domain does not match merchant domain | imageApproved is false | isCurated is false | swipeEligible is false | Brand looks placeholder/internal and should be verified"
yDwH1pTrlRHaVGC7IEQO,Classic Coffee Table,Amazon,SwipeShop Studio,storage,,144.99,https://www.amazon.ca/s?k=Classic%20Coffee%20Table%20SwipeShop%20Studio%20tables,https://picsum.photos/seed/tables_156/600/600,true,true,www.amazon.ca,true,false,false,false,,true,true,true,picsum.photos,false,false,false,true,false,true,true,review,"Missing ASIN for Amazon product | Missing Amazon affiliate tag | Amazon affiliate tag missing, placeholder, or not equal to configured production tag | imageUrl domain does not match merchant domain | imageApproved is false | isCurated is false | swipeEligible is false | Brand looks placeholder/internal and should be verified"
DbjcyZ15stH9CBYnbAKZ,Classic Console Table,Amazon,SwipeShop Studio,storage,,156.99,https://www.amazon.ca/s?k=Classic%20Console%20Table%20SwipeShop%20Studio%20tables,https://picsum.photos/seed/tables_40/600/600,true,true,www.amazon.ca,true,false,false,false,,true,true,true,picsum.photos,false,false,false,true,false,true,true,review,"Missing ASIN for Amazon product | Missing Amazon affiliate tag | Amazon affiliate tag missing, placeholder, or not equal to configured production tag | imageUrl domain does not match merchant domain | imageApproved is false | isCurated is false | swipeEligible is false | Brand looks placeholder/internal and should be verified"
jLedbnsbpiTFlpfcthUi,Classic Console Table,Amazon,SwipeShop Studio,storage,,138.99,https://www.amazon.ca/s?k=Classic%20Console%20Table%20SwipeShop%20Studio%20tables,https://picsum.photos/seed/tables_64/600/600,true,true,www.amazon.ca,true,false,false,false,,true,true,true,picsum.photos,false,false,false,true,false,true,true,review,"Missing ASIN for Amazon product | Missing Amazon affiliate tag | Amazon affiliate tag missing, placeholder, or not equal to configured production tag | imageUrl domain does not match merchant domain | imageApproved is false | isCurated is false | swipeEligible is false | Brand looks placeholder/internal and should be verified"
jbClP7bczM4DOCn8E4aN,Classic Duvet Set,Amazon,SwipeShop Studio,cozy-bedroom,,84.99,https://www.amazon.ca/s?k=Classic%20Duvet%20Set%20SwipeShop%20Studio%20bedding,https://picsum.photos/seed/bedding_146/600/600,true,true,www.amazon.ca,true,false,false,false,,true,true,true,picsum.photos,false,false,false,true,false,true,true,review,"Missing ASIN for Amazon product | Missing Amazon affiliate tag | Amazon affiliate tag missing, placeholder, or not equal to configured production tag | imageUrl domain does not match merchant domain | imageApproved is false | isCurated is false | swipeEligible is false | Brand looks placeholder/internal and should be verified"
iezzTOe7FzWDQ6P1AtZu,Classic Floor Lamp,Amazon,SwipeShop Studio,lighting,,58.99,https://www.amazon.ca/s?k=Classic%20Floor%20Lamp%20SwipeShop%20Studio%20lighting,https://picsum.photos/seed/lighting_94/600/600,true,true,www.amazon.ca,true,false,false,false,,true,true,true,picsum.photos,false,false,false,true,false,true,true,review,"Missing ASIN for Amazon product | Missing Amazon affiliate tag | Amazon affiliate tag missing, placeholder, or not equal to configured production tag | imageUrl domain does not match merchant domain | imageApproved is false | isCurated is false | swipeEligible is false | Brand looks placeholder/internal and should be verified"
tUyiAW0vbnGXMt4ayoSI,Classic Floor Lamp,Amazon,SwipeShop Studio,lighting,,61.99,https://www.amazon.ca/s?k=Classic%20Floor%20Lamp%20SwipeShop%20Studio%20lighting,https://picsum.photos/seed/lighting_135/600/600,true,true,www.amazon.ca,true,false,false,false,,true,true,true,picsum.photos,false,false,false,true,false,true,true,review,"Missing ASIN for Amazon product | Missing Amazon affiliate tag | Amazon affiliate tag missing, placeholder, or not equal to configured production tag | imageUrl domain does not match merchant domain | imageApproved is false | isCurated is false | swipeEligible is false | Brand looks placeholder/internal and should be verified"
Y45emFk8pvBLwQTABzDs,Classic Floor Lamp,Amazon,SwipeShop Studio,lighting,,58.99,https://www.amazon.ca/s?k=Classic%20Floor%20Lamp%20SwipeShop%20Studio%20lighting,https://picsum.photos/seed/lighting_24/600/600,true,true,www.amazon.ca,true,false,false,false,,true,true,true,picsum.photos,false,false,false,true,false,true,true,review,"Missing ASIN for Amazon product | Missing Amazon affiliate tag | Amazon affiliate tag missing, placeholder, or not equal to configured production tag | imageUrl domain does not match merchant domain | imageApproved is false | isCurated is false | swipeEligible is false | Brand looks placeholder/internal and should be verified"
8GKqjfjp2vNGMENqj03p,Classic Kitchen Decor,Amazon,SwipeShop Studio,storage,,19.99,https://www.amazon.ca/s?k=Classic%20Kitchen%20Decor%20SwipeShop%20Studio%20kitchen_decor,https://picsum.photos/seed/kitchen_decor_91/600/600,true,true,www.amazon.ca,true,false,false,false,,true,true,true,picsum.photos,false,false,false,true,false,true,true,review,"Missing ASIN for Amazon product | Missing Amazon affiliate tag | Amazon affiliate tag missing, placeholder, or not equal to configured production tag | imageUrl domain does not match merchant domain | imageApproved is false | isCurated is false | swipeEligible is false | Brand looks placeholder/internal and should be verified"
B9wTLFkCR07DDoZFPTga,Classic Organizer,Amazon,SwipeShop Studio,storage,,44.99,https://www.amazon.ca/s?k=Classic%20Organizer%20SwipeShop%20Studio%20storage,https://picsum.photos/seed/storage_146/600/600,true,true,www.amazon.ca,true,false,false,false,,true,true,true,picsum.photos,false,false,false,true,false,true,true,review,"Missing ASIN for Amazon product | Missing Amazon affiliate tag | Amazon affiliate tag missing, placeholder, or not equal to configured production tag | imageUrl domain does not match merchant domain | imageApproved is false | isCurated is false | swipeEligible is false | Brand looks placeholder/internal and should be verified"
bBJcJFGmgEoE1ChtyAOn,Classic Planter,Amazon,SwipeShop Studio,plants,,39.99,https://www.amazon.ca/s?k=Classic%20Planter%20SwipeShop%20Studio%20plants,https://picsum.photos/seed/plants_176/600/600,true,true,www.amazon.ca,true,false,false,false,,true,true,true,picsum.photos,false,false,false,true,false,true,true,review,"Missing ASIN for Amazon product | Missing Amazon affiliate tag | Amazon affiliate tag missing, placeholder, or not equal to configured production tag | imageUrl domain does not match merchant domain | imageApproved is false | isCurated is false | swipeEligible is false | Brand looks placeholder/internal and should be verified"
C1o6MhHyVAJCOHDuMUSa,Classic Planter,Amazon,SwipeShop Studio,plants,,27.99,https://www.amazon.ca/s?k=Classic%20Planter%20SwipeShop%20Studio%20plants,https://picsum.photos/seed/plants_62/600/600,true,true,www.amazon.ca,true,false,false,false,,true,true,true,picsum.photos,false,false,false,true,false,true,true,review,"Missing ASIN for Amazon product | Missing Amazon affiliate tag | Amazon affiliate tag missing, placeholder, or not equal to configured production tag | imageUrl domain does not match merchant domain | imageApproved is false | isCurated is false | swipeEligible is false | Brand looks placeholder/internal and should be verified"
fvSvoYHs4RW3kJOpi3uD,Classic Planter,Amazon,SwipeShop Studio,plants,,45.99,https://www.amazon.ca/s?k=Classic%20Planter%20SwipeShop%20Studio%20plants,https://picsum.photos/seed/plants_178/600/600,true,true,www.amazon.ca,true,false,false,false,,true,true,true,picsum.photos,false,false,false,true,false,true,true,review,"Missing ASIN for Amazon product | Missing Amazon affiliate tag | Amazon affiliate tag missing, placeholder, or not equal to configured production tag | imageUrl domain does not match merchant domain | imageApproved is false | isCurated is false | swipeEligible is false | Brand looks placeholder/internal and should be verified"
goK3cJM1yFsHpeRVuPH7,Classic Planter,Amazon,SwipeShop Studio,plants,,45.99,https://www.amazon.ca/s?k=Classic%20Planter%20SwipeShop%20Studio%20plants,https://picsum.photos/seed/plants_58/600/600,true,true,www.amazon.ca,true,false,false,false,,true,true,true,picsum.photos,false,false,false,true,false,true,true,review,"Missing ASIN for Amazon product | Missing Amazon affiliate tag | Amazon affiliate tag missing, placeholder, or not equal to configured production tag | imageUrl domain does not match merchant domain | imageApproved is false | isCurated is false | swipeEligible is false | Brand looks placeholder/internal and should be verified"
KAJANlCjjlfvv4RTSVdk,Classic Planter,Amazon,SwipeShop Studio,plants,,45.99,https://www.amazon.ca/s?k=Classic%20Planter%20SwipeShop%20Studio%20plants,https://picsum.photos/seed/plants_68/600/600,true,true,www.amazon.ca,true,false,false,false,,true,true,true,picsum.photos,false,false,false,true,false,true,true,review,"Missing ASIN for Amazon product | Missing Amazon affiliate tag | Amazon affiliate tag missing, placeholder, or not equal to configured production tag | imageUrl domain does not match merchant domain | imageApproved is false | isCurated is false | swipeEligible is false | Brand looks placeholder/internal and should be verified"
xZeqhNkIx8yzKsqylGQI,Classic Planter,Amazon,SwipeShop Studio,plants,,51.99,https://www.amazon.ca/s?k=Classic%20Planter%20SwipeShop%20Studio%20plants,https://picsum.photos/seed/plants_190/600/600,true,true,www.amazon.ca,true,false,false,false,,true,true,true,picsum.photos,false,false,false,true,false,true,true,review,"Missing ASIN for Amazon product | Missing Amazon affiliate tag | Amazon affiliate tag missing, placeholder, or not equal to configured production tag | imageUrl domain does not match merchant domain | imageApproved is false | isCurated is false | swipeEligible is false | Brand looks placeholder/internal and should be verified"
sERKbObzmbs2WN1Ix4t7,Classic Potted Plant,Amazon,SwipeShop Studio,plants,,42.99,https://www.amazon.ca/s?k=Classic%20Potted%20Plant%20SwipeShop%20Studio%20plants,https://picsum.photos/seed/plants_107/600/600,true,true,www.amazon.ca,true,false,false,false,,true,true,true,picsum.photos,false,false,false,true,false,true,true,review,"Missing ASIN for Amazon product | Missing Amazon affiliate tag | Amazon affiliate tag missing, placeholder, or not equal to configured production tag | imageUrl domain does not match merchant domain | imageApproved is false | isCurated is false | swipeEligible is false | Brand looks placeholder/internal and should be verified"
0jNp8d45kKVNFlK6ZNiZ,Classic Round Mirror,Amazon,SwipeShop Studio,mirrors,B0CL8R9KG5,69.99,https://www.amazon.ca/dp/B0CL8R9KG5/ref=nosim?tag=YOURREALTAG-20,https://images.thdstatic.com/productImages/437042f7-1979-4fbd-b802-69be15738785/svn/ebikebc-wall-mirrors-e-b36-64_600.jpg,true,true,www.amazon.ca,true,true,true,true,YOURREALTAG-20,true,true,true,images.thdstatic.com,false,false,false,true,true,true,true,review,"Amazon affiliate tag missing, placeholder, or not equal to configured production tag | imageUrl domain does not match merchant domain | imageApproved is false | isCurated is false | Brand looks placeholder/internal and should be verified"
fkBiKSOe3b8ZmdODYORl,Classic Round Mirror,Amazon,SwipeShop Studio,mirrors,,65.99,https://www.amazon.ca/s?k=Classic%20Round%20Mirror%20SwipeShop%20Studio%20mirrors,https://picsum.photos/seed/mirrors_33/600/600,true,true,www.amazon.ca,true,false,false,false,,true,true,true,picsum.photos,false,false,false,true,false,true,true,review,"Missing ASIN for Amazon product | Missing Amazon affiliate tag | Amazon affiliate tag missing, placeholder, or not equal to configured production tag | imageUrl domain does not match merchant domain | imageApproved is false | isCurated is false | swipeEligible is false | Brand looks placeholder/internal and should be verified"
ItCpe247P4fqC9yNq6Zx,Classic Round Mirror,Amazon,SwipeShop Studio,mirrors,,86.99,https://www.amazon.ca/s?k=Classic%20Round%20Mirror%20SwipeShop%20Studio%20mirrors,https://picsum.photos/seed/mirrors_90/600/600,true,true,www.amazon.ca,true,false,false,false,,true,true,true,picsum.photos,false,false,false,true,false,true,true,review,"Missing ASIN for Amazon product | Missing Amazon affiliate tag | Amazon affiliate tag missing, placeholder, or not equal to configured production tag | imageUrl domain does not match merchant domain | imageApproved is false | isCurated is false | swipeEligible is false | Brand looks placeholder/internal and should be verified"
ZDyjaR2ecEf4Hiww79bo,Classic Serving Tray,Amazon,SwipeShop Studio,storage,,37.99,https://www.amazon.ca/s?k=Classic%20Serving%20Tray%20SwipeShop%20Studio%20kitchen_decor,https://picsum.photos/seed/kitchen_decor_17/600/600,true,true,www.amazon.ca,true,false,false,false,,true,true,true,picsum.photos,false,false,false,true,false,true,true,review,"Missing ASIN for Amazon product | Missing Amazon affiliate tag | Amazon affiliate tag missing, placeholder, or not equal to configured production tag | imageUrl domain does not match merchant domain | imageApproved is false | isCurated is false | swipeEligible is false | Brand looks placeholder/internal and should be verified"
kCQ4Q2GVoduhk29LsDP2,Classic Sheet Set,Amazon,SwipeShop Studio,cozy-bedroom,,90.99,https://www.amazon.ca/s?k=Classic%20Sheet%20Set%20SwipeShop%20Studio%20bedding,https://picsum.photos/seed/bedding_38/600/600,true,true,www.amazon.ca,true,false,false,false,,true,true,true,picsum.photos,false,false,false,true,false,true,true,review,"Missing ASIN for Amazon product | Missing Amazon affiliate tag | Amazon affiliate tag missing, placeholder, or not equal to configured production tag | imageUrl domain does not match merchant domain | imageApproved is false | isCurated is false | swipeEligible is false | Brand looks placeholder/internal and should be verified"
mvPRDTn6IsO4iXZEjiQY,Classic Sheet Set,Amazon,SwipeShop Studio,cozy-bedroom,,75.99,https://www.amazon.ca/s?k=Classic%20Sheet%20Set%20SwipeShop%20Studio%20bedding,https://picsum.photos/seed/bedding_173/600/600,true,true,www.amazon.ca,true,false,false,false,,true,true,true,picsum.photos,false,false,false,true,false,true,true,review,"Missing ASIN for Amazon product | Missing Amazon affiliate tag | Amazon affiliate tag missing, placeholder, or not equal to configured production tag | imageUrl domain does not match merchant domain | imageApproved is false | isCurated is false | swipeEligible is false | Brand looks placeholder/internal and should be verified"
0gODIckhMRY7QwHGJ7Bh,Classic Shelf Unit,Amazon,SwipeShop Studio,storage,B0932PSJ1K,92.99,https://www.amazon.ca/dp/B0932PSJ1K/ref=nosim?tag=YOURREALTAG-20,https://images.thdstatic.com/productImages/5777c42358324d94b47bb931c4b2415f/svn/black-tileon-pantry-organizers-aybszhd2729-64_600.jpg,true,true,www.amazon.ca,true,true,true,true,YOURREALTAG-20,true,true,true,images.thdstatic.com,false,false,false,true,false,true,true,review,"Amazon affiliate tag missing, placeholder, or not equal to configured production tag | imageUrl domain does not match merchant domain | imageApproved is false | isCurated is false | swipeEligible is false | Brand looks placeholder/internal and should be verified"
662vt88BXlU1YuUq7kzd,Classic Shelf Unit,Amazon,SwipeShop Studio,storage,,44.99,https://www.amazon.ca/s?k=Classic%20Shelf%20Unit%20SwipeShop%20Studio%20storage,https://picsum.photos/seed/storage_26/600/600,true,true,www.amazon.ca,true,false,false,false,,true,true,true,picsum.photos,false,false,false,true,false,true,true,review,"Missing ASIN for Amazon product | Missing Amazon affiliate tag | Amazon affiliate tag missing, placeholder, or not equal to configured production tag | imageUrl domain does not match merchant domain | imageApproved is false | isCurated is false | swipeEligible is false | Brand looks placeholder/internal and should be verified"
Gph67eKsyZvpcP9nsof1,Classic Shelf Unit,Amazon,SwipeShop Studio,storage,,47.99,https://www.amazon.ca/s?k=Classic%20Shelf%20Unit%20SwipeShop%20Studio%20storage,https://picsum.photos/seed/storage_57/600/600,true,true,www.amazon.ca,true,false,false,false,,true,true,true,picsum.photos,false,false,false,true,false,true,true,review,"Missing ASIN for Amazon product | Missing Amazon affiliate tag | Amazon affiliate tag missing, placeholder, or not equal to configured production tag | imageUrl domain does not match merchant domain | imageApproved is false | isCurated is false | swipeEligible is false | Brand looks placeholder/internal and should be verified"
L6ahdqndO94vzhPw2DxP,Classic Side Table,Amazon,SwipeShop Studio,storage,,132.99,https://www.amazon.ca/s?k=Classic%20Side%20Table%20SwipeShop%20Studio%20tables,https://picsum.photos/seed/tables_182/600/600,true,true,www.amazon.ca,true,false,false,false,,true,true,true,picsum.photos,false,false,false,true,false,true,true,review,"Missing ASIN for Amazon product | Missing Amazon affiliate tag | Amazon affiliate tag missing, placeholder, or not equal to configured production tag | imageUrl domain does not match merchant domain | imageApproved is false | isCurated is false | swipeEligible is false | Brand looks placeholder/internal and should be verified"
QDlwKWdA9DEJgX6PeC4e,Classic Side Table,Amazon,SwipeShop Studio,storage,,135.99,https://www.amazon.ca/s?k=Classic%20Side%20Table%20SwipeShop%20Studio%20tables,https://picsum.photos/seed/tables_83/600/600,true,true,www.amazon.ca,true,false,false,false,,true,true,true,picsum.photos,false,false,false,true,false,true,true,review,"Missing ASIN for Amazon product | Missing Amazon affiliate tag | Amazon affiliate tag missing, placeholder, or not equal to configured production tag | imageUrl domain does not match merchant domain | imageApproved is false | isCurated is false | swipeEligible is false | Brand looks placeholder/internal and should be verified"
fCng9Vx9Z3UbbHYNi6Iw,Classic Stool,Amazon,SwipeShop Studio,storage,,152.99,https://www.amazon.ca/s?k=Classic%20Stool%20SwipeShop%20Studio%20seating,https://picsum.photos/seed/seating_12/600/600,true,true,www.amazon.ca,true,false,false,false,,true,true,true,picsum.photos,false,false,false,true,false,true,true,review,"Missing ASIN for Amazon product | Missing Amazon affiliate tag | Amazon affiliate tag missing, placeholder, or not equal to configured production tag | imageUrl domain does not match merchant domain | imageApproved is false | isCurated is false | swipeEligible is false | Brand looks placeholder/internal and should be verified"
TrkWmMX3QppV8s27M6Ct,Classic Storage Basket,Amazon,SwipeShop Studio,storage,,56.99,https://www.amazon.ca/s?k=Classic%20Storage%20Basket%20SwipeShop%20Studio%20storage,https://picsum.photos/seed/storage_110/600/600,true,true,www.amazon.ca,true,false,false,false,,true,true,true,picsum.photos,false,false,false,true,false,true,true,review,"Missing ASIN for Amazon product | Missing Amazon affiliate tag | Amazon affiliate tag missing, placeholder, or not equal to configured production tag | imageUrl domain does not match merchant domain | imageApproved is false | isCurated is false | swipeEligible is false | Brand looks placeholder/internal and should be verified"
CyezIcJVVAkbg0F2UAaZ,Classic Vanity Mirror,Amazon,SwipeShop Studio,mirrors,,59.99,https://www.amazon.ca/s?k=Classic%20Vanity%20Mirror%20SwipeShop%20Studio%20mirrors,https://picsum.photos/seed/mirrors_131/600/600,true,true,www.amazon.ca,true,false,false,false,,true,true,true,picsum.photos,false,false,false,true,false,true,true,review,"Missing ASIN for Amazon product | Missing Amazon affiliate tag | Amazon affiliate tag missing, placeholder, or not equal to configured production tag | imageUrl domain does not match merchant domain | imageApproved is false | isCurated is false | swipeEligible is false | Brand looks placeholder/internal and should be verified"
ASkgYbBiaxTYCH6NlQ41,Classic Wall Mirror,Amazon,SwipeShop Studio,mirrors,,71.99,https://www.amazon.ca/s?k=Classic%20Wall%20Mirror%20SwipeShop%20Studio%20mirrors,https://picsum.photos/seed/mirrors_45/600/600,true,true,www.amazon.ca,true,false,false,false,,true,true,true,picsum.photos,false,false,false,true,false,true,true,review,"Missing ASIN for Amazon product | Missing Amazon affiliate tag | Amazon affiliate tag missing, placeholder, or not equal to configured production tag | imageUrl domain does not match merchant domain | imageApproved is false | isCurated is false | swipeEligible is false | Brand looks placeholder/internal and should be verified"
45Rpj421wRUEt3uUj3X1,Classic Wall Poster,Amazon,SwipeShop Studio,wall-decor,,60.99,https://www.amazon.ca/s?k=Classic%20Wall%20Poster%20SwipeShop%20Studio%20wall_art,https://picsum.photos/seed/wall_art_58/600/600,true,true,www.amazon.ca,true,false,false,false,,true,true,true,picsum.photos,false,false,false,true,false,true,true,review,"Missing ASIN for Amazon product | Missing Amazon affiliate tag | Amazon affiliate tag missing, placeholder, or not equal to configured production tag | imageUrl domain does not match merchant domain | imageApproved is false | isCurated is false | swipeEligible is false | Brand looks placeholder/internal and should be verified"
bcTlOJGTwTXk9TN5CC45,Classic Wall Poster,Amazon,SwipeShop Studio,wall-decor,,48.99,https://www.amazon.ca/s?k=Classic%20Wall%20Poster%20SwipeShop%20Studio%20wall_art,https://picsum.photos/seed/wall_art_144/600/600,true,true,www.amazon.ca,true,false,false,false,,true,true,true,picsum.photos,false,false,false,true,false,true,true,review,"Missing ASIN for Amazon product | Missing Amazon affiliate tag | Amazon affiliate tag missing, placeholder, or not equal to configured production tag | imageUrl domain does not match merchant domain | imageApproved is false | isCurated is false | swipeEligible is false | Brand looks placeholder/internal and should be verified"
exYAmdurg6SHcD8lW5rZ,Classic Wall Poster,Amazon,SwipeShop Studio,wall-decor,,45.99,https://www.amazon.ca/s?k=Classic%20Wall%20Poster%20SwipeShop%20Studio%20wall_art,https://picsum.photos/seed/wall_art_123/600/600,true,true,www.amazon.ca,true,false,false,false,,true,true,true,picsum.photos,false,false,false,true,false,true,true,review,"Missing ASIN for Amazon product | Missing Amazon affiliate tag | Amazon affiliate tag missing, placeholder, or not equal to configured production tag | imageUrl domain does not match merchant domain | imageApproved is false | isCurated is false | swipeEligible is false | Brand looks placeholder/internal and should be verified"
I8BEqPOvztwVHbKl5pwM,Classic Wall Poster,Amazon,SwipeShop Studio,wall-decor,,42.99,https://www.amazon.ca/s?k=Classic%20Wall%20Poster%20SwipeShop%20Studio%20wall_art,https://picsum.photos/seed/wall_art_92/600/600,true,true,www.amazon.ca,true,false,false,false,,true,true,true,picsum.photos,false,false,false,true,false,true,true,review,"Missing ASIN for Amazon product | Missing Amazon affiliate tag | Amazon affiliate tag missing, placeholder, or not equal to configured production tag | imageUrl domain does not match merchant domain | imageApproved is false | isCurated is false | swipeEligible is false | Brand looks placeholder/internal and should be verified"
5XV87SntrqfajztESE9k,Classic Wool Rug,Amazon,SwipeShop Studio,storage,,103.99,https://www.amazon.ca/s?k=Classic%20Wool%20Rug%20SwipeShop%20Studio%20rugs,https://picsum.photos/seed/rugs_29/600/600,true,true,www.amazon.ca,true,false,false,false,,true,true,true,picsum.photos,false,false,false,true,false,true,true,review,"Missing ASIN for Amazon product | Missing Amazon affiliate tag | Amazon affiliate tag missing, placeholder, or not equal to configured production tag | imageUrl domain does not match merchant domain | imageApproved is false | isCurated is false | swipeEligible is false | Brand looks placeholder/internal and should be verified"
LTcHCvYvOvQiXieuYu4U,Classic Wool Rug,Amazon,SwipeShop Studio,storage,,79.99,https://www.amazon.ca/s?k=Classic%20Wool%20Rug%20SwipeShop%20Studio%20rugs,https://picsum.photos/seed/rugs_41/600/600,true,true,www.amazon.ca,true,false,false,false,,true,true,true,picsum.photos,false,false,false,true,false,true,true,review,"Missing ASIN for Amazon product | Missing Amazon affiliate tag | Amazon affiliate tag missing, placeholder, or not equal to configured production tag | imageUrl domain does not match merchant domain | imageApproved is false | isCurated is false | swipeEligible is false | Brand looks placeholder/internal and should be verified"
OKGfTZSnPdOrfyT9VQiU,Classic Wool Rug,Amazon,SwipeShop Studio,storage,,85.99,https://www.amazon.ca/s?k=Classic%20Wool%20Rug%20SwipeShop%20Studio%20rugs,https://picsum.photos/seed/rugs_53/600/600,true,true,www.amazon.ca,true,false,false,false,,true,true,true,picsum.photos,false,false,false,true,false,true,true,review,"Missing ASIN for Amazon product | Missing Amazon affiliate tag | Amazon affiliate tag missing, placeholder, or not equal to configured production tag | imageUrl domain does not match merchant domain | imageApproved is false | isCurated is false | swipeEligible is false | Brand looks placeholder/internal and should be verified"
tmOP0xt8ycjrdywkZorU,Classic Wool Rug,Amazon,SwipeShop Studio,storage,,103.99,https://www.amazon.ca/s?k=Classic%20Wool%20Rug%20SwipeShop%20Studio%20rugs,https://picsum.photos/seed/rugs_189/600/600,true,true,www.amazon.ca,true,false,false,false,,true,true,true,picsum.photos,false,false,false,true,false,true,true,review,"Missing ASIN for Amazon product | Missing Amazon affiliate tag | Amazon affiliate tag missing, placeholder, or not equal to configured production tag | imageUrl domain does not match merchant domain | imageApproved is false | isCurated is false | swipeEligible is false | Brand looks placeholder/internal and should be verified"
amazon_B0848JGM78,COCODOR Flower Reed Diffuser Set White Jasmine,Amazon.ca,Cocod'or,shelf-styling,B0848JGM78,27.99,https://www.amazon.ca/dp/B0848JGM78,https://m.media-amazon.com/images/I/61h2tXuDjjL._AC_SX679_.jpg,true,true,www.amazon.ca,true,true,true,false,,true,true,true,m.media-amazon.com,true,true,true,true,true,true,false,review,"Missing Amazon affiliate tag | Amazon affiliate tag missing, placeholder, or not equal to configured production tag"
amazon_B06ZYH411W,Command Display Floating Wall Shelves Set,Amazon.ca,Command,wall-decor,B06ZYH411W,25.02,https://www.amazon.ca/dp/B06ZYH411W,https://m.media-amazon.com/images/I/71C6kInVA0L._AC_SY879_.jpg,true,true,www.amazon.ca,true,true,true,false,,true,true,true,m.media-amazon.com,true,true,true,true,true,true,false,review,"Missing Amazon affiliate tag | Amazon affiliate tag missing, placeholder, or not equal to configured production tag"
8Z0NieE2XyDTyqv3nNL1,Cozy Accent Chair,Amazon,SwipeShop Studio,storage,,152.99,https://www.amazon.ca/s?k=Cozy%20Accent%20Chair%20SwipeShop%20Studio%20seating,https://picsum.photos/seed/seating_142/600/600,true,true,www.amazon.ca,true,false,false,false,,true,true,true,picsum.photos,false,false,false,true,false,true,true,review,"Missing ASIN for Amazon product | Missing Amazon affiliate tag | Amazon affiliate tag missing, placeholder, or not equal to configured production tag | imageUrl domain does not match merchant domain | imageApproved is false | isCurated is false | swipeEligible is false | Brand looks placeholder/internal and should be verified"
EWpbaySRFau8gNaM91pt,Cozy Accent Chair,Amazon,SwipeShop Studio,storage,,170.99,https://www.amazon.ca/s?k=Cozy%20Accent%20Chair%20SwipeShop%20Studio%20seating,https://picsum.photos/seed/seating_38/600/600,true,true,www.amazon.ca,true,false,false,false,,true,true,true,picsum.photos,false,false,false,true,false,true,true,review,"Missing ASIN for Amazon product | Missing Amazon affiliate tag | Amazon affiliate tag missing, placeholder, or not equal to configured production tag | imageUrl domain does not match merchant domain | imageApproved is false | isCurated is false | swipeEligible is false | Brand looks placeholder/internal and should be verified"
sLpsQM4uiaCCg5hAs7Gl,Cozy Area Rug,Amazon,SwipeShop Studio,storage,,79.99,https://www.amazon.ca/s?k=Cozy%20Area%20Rug%20SwipeShop%20Studio%20rugs,https://picsum.photos/seed/rugs_161/600/600,true,true,www.amazon.ca,true,false,false,false,,true,true,true,picsum.photos,false,false,false,true,false,true,true,review,"Missing ASIN for Amazon product | Missing Amazon affiliate tag | Amazon affiliate tag missing, placeholder, or not equal to configured production tag | imageUrl domain does not match merchant domain | imageApproved is false | isCurated is false | swipeEligible is false | Brand looks placeholder/internal and should be verified"
sYmll7EQo7mMb2QZOWt7,Cozy Area Rug,Amazon,SwipeShop Studio,storage,,106.99,https://www.amazon.ca/s?k=Cozy%20Area%20Rug%20SwipeShop%20Studio%20rugs,https://picsum.photos/seed/rugs_80/600/600,true,true,www.amazon.ca,true,false,false,false,,true,true,true,picsum.photos,false,false,false,true,false,true,true,review,"Missing ASIN for Amazon product | Missing Amazon affiliate tag | Amazon affiliate tag missing, placeholder, or not equal to configured production tag | imageUrl domain does not match merchant domain | imageApproved is false | isCurated is false | swipeEligible is false | Brand looks placeholder/internal and should be verified"
1Ugc7BgT2nM8O83ADMiR,Cozy Bench,Amazon,SwipeShop Studio,storage,B084SN2GD7,155.99,https://www.amazon.ca/dp/B084SN2GD7/ref=nosim?tag=YOURREALTAG-20,https://picsum.photos/seed/seating_193/600/600,true,true,www.amazon.ca,true,true,true,true,YOURREALTAG-20,true,true,true,picsum.photos,false,false,false,true,false,true,true,review,"Amazon affiliate tag missing, placeholder, or not equal to configured production tag | imageUrl domain does not match merchant domain | imageApproved is false | isCurated is false | swipeEligible is false | Brand looks placeholder/internal and should be verified"
FktYZkf1XtixBN9dqbhy,Cozy Bench,Amazon,SwipeShop Studio,storage,,152.99,https://www.amazon.ca/s?k=Cozy%20Bench%20SwipeShop%20Studio%20seating,https://picsum.photos/seed/seating_122/600/600,true,true,www.amazon.ca,true,false,false,false,,true,true,true,picsum.photos,false,false,false,true,false,true,true,review,"Missing ASIN for Amazon product | Missing Amazon affiliate tag | Amazon affiliate tag missing, placeholder, or not equal to configured production tag | imageUrl domain does not match merchant domain | imageApproved is false | isCurated is false | swipeEligible is false | Brand looks placeholder/internal and should be verified"
pfUZW5aBH96RitbGB8qa,Cozy Bench,Amazon,SwipeShop Studio,storage,,152.99,https://www.amazon.ca/s?k=Cozy%20Bench%20SwipeShop%20Studio%20seating,https://picsum.photos/seed/seating_102/600/600,true,true,www.amazon.ca,true,false,false,false,,true,true,true,picsum.photos,false,false,false,true,false,true,true,review,"Missing ASIN for Amazon product | Missing Amazon affiliate tag | Amazon affiliate tag missing, placeholder, or not equal to configured production tag | imageUrl domain does not match merchant domain | imageApproved is false | isCurated is false | swipeEligible is false | Brand looks placeholder/internal and should be verified"
PwSaPNIUbIqlAsmXUbVK,Cozy Bench,Amazon,SwipeShop Studio,storage,,152.99,https://www.amazon.ca/s?k=Cozy%20Bench%20SwipeShop%20Studio%20seating,https://picsum.photos/seed/seating_172/600/600,true,true,www.amazon.ca,true,false,false,false,,true,true,true,picsum.photos,false,false,false,true,false,true,true,review,"Missing ASIN for Amazon product | Missing Amazon affiliate tag | Amazon affiliate tag missing, placeholder, or not equal to configured production tag | imageUrl domain does not match merchant domain | imageApproved is false | isCurated is false | swipeEligible is false | Brand looks placeholder/internal and should be verified"
ygh4lF2A5fJSgK2Ot3Jp,Cozy Bench,Amazon,SwipeShop Studio,storage,,170.99,https://www.amazon.ca/s?k=Cozy%20Bench%20SwipeShop%20Studio%20seating,https://picsum.photos/seed/seating_178/600/600,true,true,www.amazon.ca,true,false,false,false,,true,true,true,picsum.photos,false,false,false,true,false,true,true,review,"Missing ASIN for Amazon product | Missing Amazon affiliate tag | Amazon affiliate tag missing, placeholder, or not equal to configured production tag | imageUrl domain does not match merchant domain | imageApproved is false | isCurated is false | swipeEligible is false | Brand looks placeholder/internal and should be verified"
YRMa2MrpePewrUwK3QYJ,Cozy Bench,Amazon,SwipeShop Studio,storage,,170.99,https://www.amazon.ca/s?k=Cozy%20Bench%20SwipeShop%20Studio%20seating,https://picsum.photos/seed/seating_108/600/600,true,true,www.amazon.ca,true,false,false,false,,true,true,true,picsum.photos,false,false,false,true,false,true,true,review,"Missing ASIN for Amazon product | Missing Amazon affiliate tag | Amazon affiliate tag missing, placeholder, or not equal to configured production tag | imageUrl domain does not match merchant domain | imageApproved is false | isCurated is false | swipeEligible is false | Brand looks placeholder/internal and should be verified"
5HvlSDZ0FaoEO2w7aXYF,Cozy Canvas Art,Amazon,SwipeShop Studio,wall-decor,,48.99,https://www.amazon.ca/s?k=Cozy%20Canvas%20Art%20SwipeShop%20Studio%20wall_art,https://picsum.photos/seed/wall_art_4/600/600,true,true,www.amazon.ca,true,false,false,false,,true,true,true,picsum.photos,false,false,false,true,false,true,true,review,"Missing ASIN for Amazon product | Missing Amazon affiliate tag | Amazon affiliate tag missing, placeholder, or not equal to configured production tag | imageUrl domain does not match merchant domain | imageApproved is false | isCurated is false | swipeEligible is false | Brand looks placeholder/internal and should be verified"
JGEloy7I8aMrO4Mg6FCt,Cozy Canvas Art,Amazon,SwipeShop Studio,wall-decor,,42.99,https://www.amazon.ca/s?k=Cozy%20Canvas%20Art%20SwipeShop%20Studio%20wall_art,https://picsum.photos/seed/wall_art_152/600/600,true,true,www.amazon.ca,true,false,false,false,,true,true,true,picsum.photos,false,false,false,true,false,true,true,review,"Missing ASIN for Amazon product | Missing Amazon affiliate tag | Amazon affiliate tag missing, placeholder, or not equal to configured production tag | imageUrl domain does not match merchant domain | imageApproved is false | isCurated is false | swipeEligible is false | Brand looks placeholder/internal and should be verified"
Nay2YSWy8F2gPd1TyGnx,Cozy Canvas Art,Amazon,SwipeShop Studio,wall-decor,,48.99,https://www.amazon.ca/s?k=Cozy%20Canvas%20Art%20SwipeShop%20Studio%20wall_art,https://picsum.photos/seed/wall_art_184/600/600,true,true,www.amazon.ca,true,false,false,false,,true,true,true,picsum.photos,false,false,false,true,false,true,true,review,"Missing ASIN for Amazon product | Missing Amazon affiliate tag | Amazon affiliate tag missing, placeholder, or not equal to configured production tag | imageUrl domain does not match merchant domain | imageApproved is false | isCurated is false | swipeEligible is false | Brand looks placeholder/internal and should be verified"
pgHv0X2IkFFJck1sZuna,Cozy Canvas Art,Amazon,SwipeShop Studio,wall-decor,,66.99,https://www.amazon.ca/s?k=Cozy%20Canvas%20Art%20SwipeShop%20Studio%20wall_art,https://picsum.photos/seed/wall_art_40/600/600,true,true,www.amazon.ca,true,false,false,false,,true,true,true,picsum.photos,false,false,false,true,false,true,true,review,"Missing ASIN for Amazon product | Missing Amazon affiliate tag | Amazon affiliate tag missing, placeholder, or not equal to configured production tag | imageUrl domain does not match merchant domain | imageApproved is false | isCurated is false | swipeEligible is false | Brand looks placeholder/internal and should be verified"
sANdiIo70GH6BVcC8qAe,Cozy Ceramic Set,Amazon,SwipeShop Studio,storage,,19.99,https://www.amazon.ca/s?k=Cozy%20Ceramic%20Set%20SwipeShop%20Studio%20kitchen_decor,https://picsum.photos/seed/kitchen_decor_51/600/600,true,true,www.amazon.ca,true,false,false,false,,true,true,true,picsum.photos,false,false,false,true,false,true,true,review,"Missing ASIN for Amazon product | Missing Amazon affiliate tag | Amazon affiliate tag missing, placeholder, or not equal to configured production tag | imageUrl domain does not match merchant domain | imageApproved is false | isCurated is false | swipeEligible is false | Brand looks placeholder/internal and should be verified"
x79aYcOmmgWlVddIfXtg,Cozy Ceramic Set,Amazon,SwipeShop Studio,storage,,40.99,https://www.amazon.ca/s?k=Cozy%20Ceramic%20Set%20SwipeShop%20Studio%20kitchen_decor,https://picsum.photos/seed/kitchen_decor_168/600/600,true,true,www.amazon.ca,true,false,false,false,,true,true,true,picsum.photos,false,false,false,true,false,true,true,review,"Missing ASIN for Amazon product | Missing Amazon affiliate tag | Amazon affiliate tag missing, placeholder, or not equal to configured production tag | imageUrl domain does not match merchant domain | imageApproved is false | isCurated is false | swipeEligible is false | Brand looks placeholder/internal and should be verified"
EfPa779vIfB8tq6x7FwR,Cozy Coffee Table,Amazon,SwipeShop Studio,storage,,156.99,https://www.amazon.ca/s?k=Cozy%20Coffee%20Table%20SwipeShop%20Studio%20tables,https://picsum.photos/seed/tables_150/600/600,true,true,www.amazon.ca,true,false,false,false,,true,true,true,picsum.photos,false,false,false,true,false,true,true,review,"Missing ASIN for Amazon product | Missing Amazon affiliate tag | Amazon affiliate tag missing, placeholder, or not equal to configured production tag | imageUrl domain does not match merchant domain | imageApproved is false | isCurated is false | swipeEligible is false | Brand looks placeholder/internal and should be verified"
ezHm8QS7zTYU0j7RaAEn,Cozy Coffee Table,Amazon,SwipeShop Studio,storage,,144.99,https://www.amazon.ca/s?k=Cozy%20Coffee%20Table%20SwipeShop%20Studio%20tables,https://picsum.photos/seed/tables_116/600/600,true,true,www.amazon.ca,true,false,false,false,,true,true,true,picsum.photos,false,false,false,true,false,true,true,review,"Missing ASIN for Amazon product | Missing Amazon affiliate tag | Amazon affiliate tag missing, placeholder, or not equal to configured production tag | imageUrl domain does not match merchant domain | imageApproved is false | isCurated is false | swipeEligible is false | Brand looks placeholder/internal and should be verified"
pWmcfHd54WF1iPy6H6j5,Cozy Console Table,Amazon,SwipeShop Studio,storage,,132.99,https://www.amazon.ca/s?k=Cozy%20Console%20Table%20SwipeShop%20Studio%20tables,https://picsum.photos/seed/tables_72/600/600,true,true,www.amazon.ca,true,false,false,false,,true,true,true,picsum.photos,false,false,false,true,false,true,true,review,"Missing ASIN for Amazon product | Missing Amazon affiliate tag | Amazon affiliate tag missing, placeholder, or not equal to configured production tag | imageUrl domain does not match merchant domain | imageApproved is false | isCurated is false | swipeEligible is false | Brand looks placeholder/internal and should be verified"
vMmABeRc75sPqtMp1QXU,Cozy Console Table,Amazon,SwipeShop Studio,storage,,147.99,https://www.amazon.ca/s?k=Cozy%20Console%20Table%20SwipeShop%20Studio%20tables,https://picsum.photos/seed/tables_147/600/600,true,true,www.amazon.ca,true,false,false,false,,true,true,true,picsum.photos,false,false,false,true,false,true,true,review,"Missing ASIN for Amazon product | Missing Amazon affiliate tag | Amazon affiliate tag missing, placeholder, or not equal to configured production tag | imageUrl domain does not match merchant domain | imageApproved is false | isCurated is false | swipeEligible is false | Brand looks placeholder/internal and should be verified"
PE55ozLPYpmVboSJyGFs,Cozy Duvet Set,Amazon,SwipeShop Studio,cozy-bedroom,,69.99,https://www.amazon.ca/s?k=Cozy%20Duvet%20Set%20SwipeShop%20Studio%20bedding,https://picsum.photos/seed/bedding_61/600/600,true,true,www.amazon.ca,true,false,false,false,,true,true,true,picsum.photos,false,false,false,true,false,true,true,review,"Missing ASIN for Amazon product | Missing Amazon affiliate tag | Amazon affiliate tag missing, placeholder, or not equal to configured production tag | imageUrl domain does not match merchant domain | imageApproved is false | isCurated is false | swipeEligible is false | Brand looks placeholder/internal and should be verified"
YtVL29nE6xDf7KoineFM,Cozy Duvet Set,Amazon,SwipeShop Studio,cozy-bedroom,,81.99,https://www.amazon.ca/s?k=Cozy%20Duvet%20Set%20SwipeShop%20Studio%20bedding,https://picsum.photos/seed/bedding_85/600/600,true,true,www.amazon.ca,true,false,false,false,,true,true,true,picsum.photos,false,false,false,true,false,true,true,review,"Missing ASIN for Amazon product | Missing Amazon affiliate tag | Amazon affiliate tag missing, placeholder, or not equal to configured production tag | imageUrl domain does not match merchant domain | imageApproved is false | isCurated is false | swipeEligible is false | Brand looks placeholder/internal and should be verified"
NIu51t1CmhkGT5NXouL8,Cozy Floor Lamp,Amazon,SwipeShop Studio,lighting,,67.99,https://www.amazon.ca/s?k=Cozy%20Floor%20Lamp%20SwipeShop%20Studio%20lighting,https://picsum.photos/seed/lighting_147/600/600,true,true,www.amazon.ca,true,false,false,false,,true,true,true,picsum.photos,false,false,false,true,false,true,true,review,"Missing ASIN for Amazon product | Missing Amazon affiliate tag | Amazon affiliate tag missing, placeholder, or not equal to configured production tag | imageUrl domain does not match merchant domain | imageApproved is false | isCurated is false | swipeEligible is false | Brand looks placeholder/internal and should be verified"
Mepy65gYgwMOaXyCRKNJ,Cozy Framed Print,Amazon,SwipeShop Studio,wall-decor,,54.99,https://www.amazon.ca/s?k=Cozy%20Framed%20Print%20SwipeShop%20Studio%20wall_art,https://picsum.photos/seed/wall_art_6/600/600,true,true,www.amazon.ca,true,false,false,false,,true,true,true,picsum.photos,false,false,false,true,false,true,true,review,"Missing ASIN for Amazon product | Missing Amazon affiliate tag | Amazon affiliate tag missing, placeholder, or not equal to configured production tag | imageUrl domain does not match merchant domain | imageApproved is false | isCurated is false | swipeEligible is false | Brand looks placeholder/internal and should be verified"
n7CixAyzX7ApsDEarXMx,Cozy Framed Print,Amazon,SwipeShop Studio,wall-decor,,48.99,https://www.amazon.ca/s?k=Cozy%20Framed%20Print%20SwipeShop%20Studio%20wall_art,https://picsum.photos/seed/wall_art_164/600/600,true,true,www.amazon.ca,true,false,false,false,,true,true,true,picsum.photos,false,false,false,true,false,true,true,review,"Missing ASIN for Amazon product | Missing Amazon affiliate tag | Amazon affiliate tag missing, placeholder, or not equal to configured production tag | imageUrl domain does not match merchant domain | imageApproved is false | isCurated is false | swipeEligible is false | Brand looks placeholder/internal and should be verified"
NoKD2XdFMWO4LETAfixS,Cozy Framed Print,Amazon,SwipeShop Studio,wall-decor,,63.99,https://www.amazon.ca/s?k=Cozy%20Framed%20Print%20SwipeShop%20Studio%20wall_art,https://picsum.photos/seed/wall_art_49/600/600,true,true,www.amazon.ca,true,false,false,false,,true,true,true,picsum.photos,false,false,false,true,false,true,true,review,"Missing ASIN for Amazon product | Missing Amazon affiliate tag | Amazon affiliate tag missing, placeholder, or not equal to configured production tag | imageUrl domain does not match merchant domain | imageApproved is false | isCurated is false | swipeEligible is false | Brand looks placeholder/internal and should be verified"
djCJPyOs5GB8tpqx4XNo,Cozy Indoor Plant,Amazon,SwipeShop Studio,plants,,45.99,https://www.amazon.ca/s?k=Cozy%20Indoor%20Plant%20SwipeShop%20Studio%20plants,https://picsum.photos/seed/plants_128/600/600,true,true,www.amazon.ca,true,false,false,false,,true,true,true,picsum.photos,false,false,false,true,false,true,true,review,"Missing ASIN for Amazon product | Missing Amazon affiliate tag | Amazon affiliate tag missing, placeholder, or not equal to configured production tag | imageUrl domain does not match merchant domain | imageApproved is false | isCurated is false | swipeEligible is false | Brand looks placeholder/internal and should be verified"
dLvA7L7anaF7FT6o98aX,Cozy Indoor Plant,Amazon,SwipeShop Studio,plants,,45.99,https://www.amazon.ca/s?k=Cozy%20Indoor%20Plant%20SwipeShop%20Studio%20plants,https://picsum.photos/seed/plants_78/600/600,true,true,www.amazon.ca,true,false,false,false,,true,true,true,picsum.photos,false,false,false,true,false,true,true,review,"Missing ASIN for Amazon product | Missing Amazon affiliate tag | Amazon affiliate tag missing, placeholder, or not equal to configured production tag | imageUrl domain does not match merchant domain | imageApproved is false | isCurated is false | swipeEligible is false | Brand looks placeholder/internal and should be verified"
SnJ5ymEZtgCnv65nPykL,Cozy Indoor Plant,Amazon,SwipeShop Studio,plants,,30.99,https://www.amazon.ca/s?k=Cozy%20Indoor%20Plant%20SwipeShop%20Studio%20plants,https://picsum.photos/seed/plants_163/600/600,true,true,www.amazon.ca,true,false,false,false,,true,true,true,picsum.photos,false,false,false,true,false,true,true,review,"Missing ASIN for Amazon product | Missing Amazon affiliate tag | Amazon affiliate tag missing, placeholder, or not equal to configured production tag | imageUrl domain does not match merchant domain | imageApproved is false | isCurated is false | swipeEligible is false | Brand looks placeholder/internal and should be verified"
Mez6DrfwXhV2ax9r4u2t,Cozy Kitchen Decor,Amazon,SwipeShop Studio,storage,,22.99,https://www.amazon.ca/s?k=Cozy%20Kitchen%20Decor%20SwipeShop%20Studio%20kitchen_decor,https://picsum.photos/seed/kitchen_decor_192/600/600,true,true,www.amazon.ca,true,false,false,false,,true,true,true,picsum.photos,false,false,false,true,false,true,true,review,"Missing ASIN for Amazon product | Missing Amazon affiliate tag | Amazon affiliate tag missing, placeholder, or not equal to configured production tag | imageUrl domain does not match merchant domain | imageApproved is false | isCurated is false | swipeEligible is false | Brand looks placeholder/internal and should be verified"
VtFWEfuFumwsNuE4Awnx,Cozy Kitchen Decor,Amazon,SwipeShop Studio,storage,,43.99,https://www.amazon.ca/s?k=Cozy%20Kitchen%20Decor%20SwipeShop%20Studio%20kitchen_decor,https://picsum.photos/seed/kitchen_decor_119/600/600,true,true,www.amazon.ca,true,false,false,false,,true,true,true,picsum.photos,false,false,false,true,false,true,true,review,"Missing ASIN for Amazon product | Missing Amazon affiliate tag | Amazon affiliate tag missing, placeholder, or not equal to configured production tag | imageUrl domain does not match merchant domain | imageApproved is false | isCurated is false | swipeEligible is false | Brand looks placeholder/internal and should be verified"
3jCrenVGzmN4a4gdgSOF,Cozy Organizer,Amazon,SwipeShop Studio,storage,,53.99,https://www.amazon.ca/s?k=Cozy%20Organizer%20SwipeShop%20Studio%20storage,https://picsum.photos/seed/storage_149/600/600,true,true,www.amazon.ca,true,false,false,false,,true,true,true,picsum.photos,false,false,false,true,false,true,true,review,"Missing ASIN for Amazon product | Missing Amazon affiliate tag | Amazon affiliate tag missing, placeholder, or not equal to configured production tag | imageUrl domain does not match merchant domain | imageApproved is false | isCurated is false | swipeEligible is false | Brand looks placeholder/internal and should be verified"
baEYmrocQmXI8mfbLPN9,Cozy Organizer,Amazon,SwipeShop Studio,storage,,29.99,https://www.amazon.ca/s?k=Cozy%20Organizer%20SwipeShop%20Studio%20storage,https://picsum.photos/seed/storage_111/600/600,true,true,www.amazon.ca,true,false,false,false,,true,true,true,picsum.photos,false,false,false,true,false,true,true,review,"Missing ASIN for Amazon product | Missing Amazon affiliate tag | Amazon affiliate tag missing, placeholder, or not equal to configured production tag | imageUrl domain does not match merchant domain | imageApproved is false | isCurated is false | swipeEligible is false | Brand looks placeholder/internal and should be verified"
LDRTDGuqUeVfCRC55ko7,Cozy Pendant Light,Amazon,SwipeShop Studio,lighting,,73.99,https://www.amazon.ca/s?k=Cozy%20Pendant%20Light%20SwipeShop%20Studio%20lighting,https://picsum.photos/seed/lighting_199/600/600,true,true,www.amazon.ca,true,false,false,false,,true,true,true,picsum.photos,false,false,false,true,false,true,true,review,"Missing ASIN for Amazon product | Missing Amazon affiliate tag | Amazon affiliate tag missing, placeholder, or not equal to configured production tag | imageUrl domain does not match merchant domain | imageApproved is false | isCurated is false | swipeEligible is false | Brand looks placeholder/internal and should be verified"
s9BJGctrmU3MyJDFxRV1,Cozy Pendant Light,Amazon,SwipeShop Studio,lighting,,55.99,https://www.amazon.ca/s?k=Cozy%20Pendant%20Light%20SwipeShop%20Studio%20lighting,https://picsum.photos/seed/lighting_193/600/600,true,true,www.amazon.ca,true,false,false,false,,true,true,true,picsum.photos,false,false,false,true,false,true,true,review,"Missing ASIN for Amazon product | Missing Amazon affiliate tag | Amazon affiliate tag missing, placeholder, or not equal to configured production tag | imageUrl domain does not match merchant domain | imageApproved is false | isCurated is false | swipeEligible is false | Brand looks placeholder/internal and should be verified"
gmgVpmsOPqtsGXiHMhMH,Cozy Pillow Set,Amazon,SwipeShop Studio,cozy-bedroom,,69.99,https://www.amazon.ca/s?k=Cozy%20Pillow%20Set%20SwipeShop%20Studio%20bedding,https://picsum.photos/seed/bedding_1/600/600,true,true,www.amazon.ca,true,false,false,false,,true,true,true,picsum.photos,false,false,false,true,false,true,true,review,"Missing ASIN for Amazon product | Missing Amazon affiliate tag | Amazon affiliate tag missing, placeholder, or not equal to configured production tag | imageUrl domain does not match merchant domain | imageApproved is false | isCurated is false | swipeEligible is false | Brand looks placeholder/internal and should be verified"
hPSW87SjLMTvm4rK6uES,Cozy Pillow Set,Amazon,SwipeShop Studio,cozy-bedroom,,69.99,https://www.amazon.ca/s?k=Cozy%20Pillow%20Set%20SwipeShop%20Studio%20bedding,https://picsum.photos/seed/bedding_51/600/600,true,true,www.amazon.ca,true,false,false,false,,true,true,true,picsum.photos,false,false,false,true,false,true,true,review,"Missing ASIN for Amazon product | Missing Amazon affiliate tag | Amazon affiliate tag missing, placeholder, or not equal to configured production tag | imageUrl domain does not match merchant domain | imageApproved is false | isCurated is false | swipeEligible is false | Brand looks placeholder/internal and should be verified"
Kgb9zDaaMSdrVFIEbEgU,Cozy Pillow Set,Amazon,SwipeShop Studio,cozy-bedroom,,69.99,https://www.amazon.ca/s?k=Cozy%20Pillow%20Set%20SwipeShop%20Studio%20bedding,https://picsum.photos/seed/bedding_11/600/600,true,true,www.amazon.ca,true,false,false,false,,true,true,true,picsum.photos,false,false,false,true,false,true,true,review,"Missing ASIN for Amazon product | Missing Amazon affiliate tag | Amazon affiliate tag missing, placeholder, or not equal to configured production tag | imageUrl domain does not match merchant domain | imageApproved is false | isCurated is false | swipeEligible is false | Brand looks placeholder/internal and should be verified"
7nbrSWjG1EL3ZPZhFo4S,Cozy Potted Plant,Amazon,SwipeShop Studio,plants,,33.99,https://www.amazon.ca/s?k=Cozy%20Potted%20Plant%20SwipeShop%20Studio%20plants,https://picsum.photos/seed/plants_174/600/600,true,true,www.amazon.ca,true,false,false,false,,true,true,true,picsum.photos,false,false,false,true,false,true,true,review,"Missing ASIN for Amazon product | Missing Amazon affiliate tag | Amazon affiliate tag missing, placeholder, or not equal to configured production tag | imageUrl domain does not match merchant domain | imageApproved is false | isCurated is false | swipeEligible is false | Brand looks placeholder/internal and should be verified"
qhrS6WY8NksMJsPK3833,Cozy Potted Plant,Amazon,SwipeShop Studio,plants,,24.99,https://www.amazon.ca/s?k=Cozy%20Potted%20Plant%20SwipeShop%20Studio%20plants,https://picsum.photos/seed/plants_181/600/600,true,true,www.amazon.ca,true,false,false,false,,true,true,true,picsum.photos,false,false,false,true,false,true,true,review,"Missing ASIN for Amazon product | Missing Amazon affiliate tag | Amazon affiliate tag missing, placeholder, or not equal to configured production tag | imageUrl domain does not match merchant domain | imageApproved is false | isCurated is false | swipeEligible is false | Brand looks placeholder/internal and should be verified"
yBsVBkfgGke9FwU94FGX,Cozy Potted Plant,Amazon,SwipeShop Studio,plants,,24.99,https://www.amazon.ca/s?k=Cozy%20Potted%20Plant%20SwipeShop%20Studio%20plants,https://picsum.photos/seed/plants_91/600/600,true,true,www.amazon.ca,true,false,false,false,,true,true,true,picsum.photos,false,false,false,true,false,true,true,review,"Missing ASIN for Amazon product | Missing Amazon affiliate tag | Amazon affiliate tag missing, placeholder, or not equal to configured production tag | imageUrl domain does not match merchant domain | imageApproved is false | isCurated is false | swipeEligible is false | Brand looks placeholder/internal and should be verified"
ZgYmLLJ39JJ8Rv2Suuis,Cozy Round Mirror,Amazon,SwipeShop Studio,mirrors,,71.99,https://www.amazon.ca/s?k=Cozy%20Round%20Mirror%20SwipeShop%20Studio%20mirrors,https://picsum.photos/seed/mirrors_185/600/600,true,true,www.amazon.ca,true,false,false,false,,true,true,true,picsum.photos,false,false,false,true,false,true,true,review,"Missing ASIN for Amazon product | Missing Amazon affiliate tag | Amazon affiliate tag missing, placeholder, or not equal to configured production tag | imageUrl domain does not match merchant domain | imageApproved is false | isCurated is false | swipeEligible is false | Brand looks placeholder/internal and should be verified"
eiD5VtLMP1w0FsuRPvKl,Cozy Serving Tray,Amazon,SwipeShop Studio,storage,,43.99,https://www.amazon.ca/s?k=Cozy%20Serving%20Tray%20SwipeShop%20Studio%20kitchen_decor,https://picsum.photos/seed/kitchen_decor_99/600/600,true,true,www.amazon.ca,true,false,false,false,,true,true,true,picsum.photos,false,false,false,true,false,true,true,review,"Missing ASIN for Amazon product | Missing Amazon affiliate tag | Amazon affiliate tag missing, placeholder, or not equal to configured production tag | imageUrl domain does not match merchant domain | imageApproved is false | isCurated is false | swipeEligible is false | Brand looks placeholder/internal and should be verified"
KCJ1sVhx7Z0ucA1dJ2kn,Cozy Serving Tray,Amazon,SwipeShop Studio,storage,,37.99,https://www.amazon.ca/s?k=Cozy%20Serving%20Tray%20SwipeShop%20Studio%20kitchen_decor,https://picsum.photos/seed/kitchen_decor_197/600/600,true,true,www.amazon.ca,true,false,false,false,,true,true,true,picsum.photos,false,false,false,true,false,true,true,review,"Missing ASIN for Amazon product | Missing Amazon affiliate tag | Amazon affiliate tag missing, placeholder, or not equal to configured production tag | imageUrl domain does not match merchant domain | imageApproved is false | isCurated is false | swipeEligible is false | Brand looks placeholder/internal and should be verified"
nu9kOptvs4WUH4NquOBh,Cozy Sheet Set,Amazon,SwipeShop Studio,cozy-bedroom,,84.99,https://www.amazon.ca/s?k=Cozy%20Sheet%20Set%20SwipeShop%20Studio%20bedding,https://picsum.photos/seed/bedding_86/600/600,true,true,www.amazon.ca,true,false,false,false,,true,true,true,picsum.photos,false,false,false,true,false,true,true,review,"Missing ASIN for Amazon product | Missing Amazon affiliate tag | Amazon affiliate tag missing, placeholder, or not equal to configured production tag | imageUrl domain does not match merchant domain | imageApproved is false | isCurated is false | swipeEligible is false | Brand looks placeholder/internal and should be verified"
O6jxpN8pF8oi349mpfIS,Cozy Sheet Set,Amazon,SwipeShop Studio,cozy-bedroom,,69.99,https://www.amazon.ca/s?k=Cozy%20Sheet%20Set%20SwipeShop%20Studio%20bedding,https://picsum.photos/seed/bedding_131/600/600,true,true,www.amazon.ca,true,false,false,false,,true,true,true,picsum.photos,false,false,false,true,false,true,true,review,"Missing ASIN for Amazon product | Missing Amazon affiliate tag | Amazon affiliate tag missing, placeholder, or not equal to configured production tag | imageUrl domain does not match merchant domain | imageApproved is false | isCurated is false | swipeEligible is false | Brand looks placeholder/internal and should be verified"
68AZTsMnHgF8i0HJxih8,Cozy Shelf Unit,Amazon,SwipeShop Studio,storage,,41.99,https://www.amazon.ca/s?k=Cozy%20Shelf%20Unit%20SwipeShop%20Studio%20storage,https://picsum.photos/seed/storage_65/600/600,true,true,www.amazon.ca,true,false,false,false,,true,true,true,picsum.photos,false,false,false,true,false,true,true,review,"Missing ASIN for Amazon product | Missing Amazon affiliate tag | Amazon affiliate tag missing, placeholder, or not equal to configured production tag | imageUrl domain does not match merchant domain | imageApproved is false | isCurated is false | swipeEligible is false | Brand looks placeholder/internal and should be verified"
Oq56hkVTLzwF1jUEVWpY,Cozy Shelf Unit,Amazon,SwipeShop Studio,storage,,47.99,https://www.amazon.ca/s?k=Cozy%20Shelf%20Unit%20SwipeShop%20Studio%20storage,https://picsum.photos/seed/storage_67/600/600,true,true,www.amazon.ca,true,false,false,false,,true,true,true,picsum.photos,false,false,false,true,false,true,true,review,"Missing ASIN for Amazon product | Missing Amazon affiliate tag | Amazon affiliate tag missing, placeholder, or not equal to configured production tag | imageUrl domain does not match merchant domain | imageApproved is false | isCurated is false | swipeEligible is false | Brand looks placeholder/internal and should be verified"
LF2LvGG71HjoINbYdsiO,Cozy Side Table,Amazon,SwipeShop Studio,storage,,138.99,https://www.amazon.ca/s?k=Cozy%20Side%20Table%20SwipeShop%20Studio%20tables,https://picsum.photos/seed/tables_124/600/600,true,true,www.amazon.ca,true,false,false,false,,true,true,true,picsum.photos,false,false,false,true,false,true,true,review,"Missing ASIN for Amazon product | Missing Amazon affiliate tag | Amazon affiliate tag missing, placeholder, or not equal to configured production tag | imageUrl domain does not match merchant domain | imageApproved is false | isCurated is false | swipeEligible is false | Brand looks placeholder/internal and should be verified"
kgEoasLlGQxjOyb2CYhw,Cozy Stool,Amazon,SwipeShop Studio,storage,,164.99,https://www.amazon.ca/s?k=Cozy%20Stool%20SwipeShop%20Studio%20seating,https://picsum.photos/seed/seating_126/600/600,true,true,www.amazon.ca,true,false,false,false,,true,true,true,picsum.photos,false,false,false,true,false,true,true,review,"Missing ASIN for Amazon product | Missing Amazon affiliate tag | Amazon affiliate tag missing, placeholder, or not equal to configured production tag | imageUrl domain does not match merchant domain | imageApproved is false | isCurated is false | swipeEligible is false | Brand looks placeholder/internal and should be verified"
yEsGIyEAHZSoeV1dpETp,Cozy Storage Basket,Amazon,SwipeShop Studio,storage,,53.99,https://www.amazon.ca/s?k=Cozy%20Storage%20Basket%20SwipeShop%20Studio%20storage,https://picsum.photos/seed/storage_69/600/600,true,true,www.amazon.ca,true,false,false,false,,true,true,true,picsum.photos,false,false,false,true,false,true,true,review,"Missing ASIN for Amazon product | Missing Amazon affiliate tag | Amazon affiliate tag missing, placeholder, or not equal to configured production tag | imageUrl domain does not match merchant domain | imageApproved is false | isCurated is false | swipeEligible is false | Brand looks placeholder/internal and should be verified"
zRt4RRfydDeROu5O6BXh,Cozy Storage Basket,Amazon,SwipeShop Studio,storage,,47.99,https://www.amazon.ca/s?k=Cozy%20Storage%20Basket%20SwipeShop%20Studio%20storage,https://picsum.photos/seed/storage_87/600/600,true,true,www.amazon.ca,true,false,false,false,,true,true,true,picsum.photos,false,false,false,true,false,true,true,review,"Missing ASIN for Amazon product | Missing Amazon affiliate tag | Amazon affiliate tag missing, placeholder, or not equal to configured production tag | imageUrl domain does not match merchant domain | imageApproved is false | isCurated is false | swipeEligible is false | Brand looks placeholder/internal and should be verified"
dJJLDx6BcOxxyI5ShA6R,Cozy Throw Blanket,Amazon,SwipeShop Studio,cozy-bedroom,,39.99,https://www.amazon.ca/s?k=Cozy%20Throw%20Blanket%20SwipeShop%20Studio%20Bedding,https://picsum.photos/seed/bedding_02/600/600,true,true,www.amazon.ca,true,false,false,false,,true,true,true,picsum.photos,false,false,false,true,false,true,true,review,"Missing ASIN for Amazon product | Missing Amazon affiliate tag | Amazon affiliate tag missing, placeholder, or not equal to configured production tag | imageUrl domain does not match merchant domain | imageApproved is false | isCurated is false | swipeEligible is false | Brand looks placeholder/internal and should be verified"
q1vKaqkFam60f0CNhgn4,Cozy Throw Blanket,Amazon,SwipeShop Studio,cozy-bedroom,,39.99,https://www.amazon.ca/s?k=Cozy%20Throw%20Blanket%20SwipeShop%20Studio%20Bedding,https://picsum.photos/seed/bedding_02/600/600,true,true,www.amazon.ca,true,false,false,false,,true,true,true,picsum.photos,false,false,false,true,false,true,true,review,"Missing ASIN for Amazon product | Missing Amazon affiliate tag | Amazon affiliate tag missing, placeholder, or not equal to configured production tag | imageUrl domain does not match merchant domain | imageApproved is false | isCurated is false | swipeEligible is false | Brand looks placeholder/internal and should be verified"
7pMmtKvfIrfzREElATdH,Cozy Vanity Mirror,Amazon,SwipeShop Studio,mirrors,,62.99,https://www.amazon.ca/s?k=Cozy%20Vanity%20Mirror%20SwipeShop%20Studio%20mirrors,https://picsum.photos/seed/mirrors_52/600/600,true,true,www.amazon.ca,true,false,false,false,,true,true,true,picsum.photos,false,false,false,true,false,true,true,review,"Missing ASIN for Amazon product | Missing Amazon affiliate tag | Amazon affiliate tag missing, placeholder, or not equal to configured production tag | imageUrl domain does not match merchant domain | imageApproved is false | isCurated is false | swipeEligible is false | Brand looks placeholder/internal and should be verified"
A7PeBUvoCb3brse6q1lC,Cozy Vanity Mirror,Amazon,SwipeShop Studio,mirrors,,62.99,https://www.amazon.ca/s?k=Cozy%20Vanity%20Mirror%20SwipeShop%20Studio%20mirrors,https://picsum.photos/seed/mirrors_2/600/600,true,true,www.amazon.ca,true,false,false,false,,true,true,true,picsum.photos,false,false,false,true,false,true,true,review,"Missing ASIN for Amazon product | Missing Amazon affiliate tag | Amazon affiliate tag missing, placeholder, or not equal to configured production tag | imageUrl domain does not match merchant domain | imageApproved is false | isCurated is false | swipeEligible is false | Brand looks placeholder/internal and should be verified"
MJSrMsHBpYHx0KpQhtmX,Cozy Vanity Mirror,Amazon,SwipeShop Studio,mirrors,,62.99,https://www.amazon.ca/s?k=Cozy%20Vanity%20Mirror%20SwipeShop%20Studio%20mirrors,https://picsum.photos/seed/mirrors_22/600/600,true,true,www.amazon.ca,true,false,false,false,,true,true,true,picsum.photos,false,false,false,true,false,true,true,review,"Missing ASIN for Amazon product | Missing Amazon affiliate tag | Amazon affiliate tag missing, placeholder, or not equal to configured production tag | imageUrl domain does not match merchant domain | imageApproved is false | isCurated is false | swipeEligible is false | Brand looks placeholder/internal and should be verified"
nxz00imXbyok2gm230LZ,Cozy Vanity Mirror,Amazon,SwipeShop Studio,mirrors,,62.99,https://www.amazon.ca/s?k=Cozy%20Vanity%20Mirror%20SwipeShop%20Studio%20mirrors,https://picsum.photos/seed/mirrors_162/600/600,true,true,www.amazon.ca,true,false,false,false,,true,true,true,picsum.photos,false,false,false,true,false,true,true,review,"Missing ASIN for Amazon product | Missing Amazon affiliate tag | Amazon affiliate tag missing, placeholder, or not equal to configured production tag | imageUrl domain does not match merchant domain | imageApproved is false | isCurated is false | swipeEligible is false | Brand looks placeholder/internal and should be verified"
PA2B42hxNlju4Tno7P0f,Cozy Vanity Mirror,Amazon,SwipeShop Studio,mirrors,,68.99,https://www.amazon.ca/s?k=Cozy%20Vanity%20Mirror%20SwipeShop%20Studio%20mirrors,https://picsum.photos/seed/mirrors_24/600/600,true,true,www.amazon.ca,true,false,false,false,,true,true,true,picsum.photos,false,false,false,true,false,true,true,review,"Missing ASIN for Amazon product | Missing Amazon affiliate tag | Amazon affiliate tag missing, placeholder, or not equal to configured production tag | imageUrl domain does not match merchant domain | imageApproved is false | isCurated is false | swipeEligible is false | Brand looks placeholder/internal and should be verified"
DngeAvI1WWuy5xKPjuOs,Cozy Wall Mirror,Amazon,SwipeShop Studio,mirrors,,80.99,https://www.amazon.ca/s?k=Cozy%20Wall%20Mirror%20SwipeShop%20Studio%20mirrors,https://picsum.photos/seed/mirrors_168/600/600,true,true,www.amazon.ca,true,false,false,false,,true,true,true,picsum.photos,false,false,false,true,false,true,true,review,"Missing ASIN for Amazon product | Missing Amazon affiliate tag | Amazon affiliate tag missing, placeholder, or not equal to configured production tag | imageUrl domain does not match merchant domain | imageApproved is false | isCurated is false | swipeEligible is false | Brand looks placeholder/internal and should be verified"
yy8vYUaGNhu3pxcdQgfe,Cozy Wall Mirror,Amazon,SwipeShop Studio,mirrors,,65.99,https://www.amazon.ca/s?k=Cozy%20Wall%20Mirror%20SwipeShop%20Studio%20mirrors,https://picsum.photos/seed/mirrors_133/600/600,true,true,www.amazon.ca,true,false,false,false,,true,true,true,picsum.photos,false,false,false,true,false,true,true,review,"Missing ASIN for Amazon product | Missing Amazon affiliate tag | Amazon affiliate tag missing, placeholder, or not equal to configured production tag | imageUrl domain does not match merchant domain | imageApproved is false | isCurated is false | swipeEligible is false | Brand looks placeholder/internal and should be verified"
fsIp7mcV3guTdDuZRsC6,Cozy Wall Poster,Amazon,SwipeShop Studio,wall-decor,,63.99,https://www.amazon.ca/s?k=Cozy%20Wall%20Poster%20SwipeShop%20Studio%20wall_art,https://picsum.photos/seed/wall_art_29/600/600,true,true,www.amazon.ca,true,false,false,false,,true,true,true,picsum.photos,false,false,false,true,false,true,true,review,"Missing ASIN for Amazon product | Missing Amazon affiliate tag | Amazon affiliate tag missing, placeholder, or not equal to configured production tag | imageUrl domain does not match merchant domain | imageApproved is false | isCurated is false | swipeEligible is false | Brand looks placeholder/internal and should be verified"
NBopzWeb2rJGGKrAKuz0,Cozy Wall Poster,Amazon,SwipeShop Studio,wall-decor,,54.99,https://www.amazon.ca/s?k=Cozy%20Wall%20Poster%20SwipeShop%20Studio%20wall_art,https://picsum.photos/seed/wall_art_196/600/600,true,true,www.amazon.ca,true,false,false,false,,true,true,true,picsum.photos,false,false,false,true,false,true,true,review,"Missing ASIN for Amazon product | Missing Amazon affiliate tag | Amazon affiliate tag missing, placeholder, or not equal to configured production tag | imageUrl domain does not match merchant domain | imageApproved is false | isCurated is false | swipeEligible is false | Brand looks placeholder/internal and should be verified"
EIrCkLro1BTxMCzovh4m,Cozy Wool Rug,Amazon,SwipeShop Studio,storage,,106.99,https://www.amazon.ca/s?k=Cozy%20Wool%20Rug%20SwipeShop%20Studio%20rugs,https://picsum.photos/seed/rugs_140/600/600,true,true,www.amazon.ca,true,false,false,false,,true,true,true,picsum.photos,false,false,false,true,false,true,true,review,"Missing ASIN for Amazon product | Missing Amazon affiliate tag | Amazon affiliate tag missing, placeholder, or not equal to configured production tag | imageUrl domain does not match merchant domain | imageApproved is false | isCurated is false | swipeEligible is false | Brand looks placeholder/internal and should be verified"
uRPSChzx44qoTNZeSagW,Cozy Wool Rug,Amazon,SwipeShop Studio,storage,,88.99,https://www.amazon.ca/s?k=Cozy%20Wool%20Rug%20SwipeShop%20Studio%20rugs,https://picsum.photos/seed/rugs_84/600/600,true,true,www.amazon.ca,true,false,false,false,,true,true,true,picsum.photos,false,false,false,true,false,true,true,review,"Missing ASIN for Amazon product | Missing Amazon affiliate tag | Amazon affiliate tag missing, placeholder, or not equal to configured production tag | imageUrl domain does not match merchant domain | imageApproved is false | isCurated is false | swipeEligible is false | Brand looks placeholder/internal and should be verified"
Uvao2qupXiHlzErPF5V5,Cozy Wool Rug,Amazon,SwipeShop Studio,storage,,82.99,https://www.amazon.ca/s?k=Cozy%20Wool%20Rug%20SwipeShop%20Studio%20rugs,https://picsum.photos/seed/rugs_92/600/600,true,true,www.amazon.ca,true,false,false,false,,true,true,true,picsum.photos,false,false,false,true,false,true,true,review,"Missing ASIN for Amazon product | Missing Amazon affiliate tag | Amazon affiliate tag missing, placeholder, or not equal to configured production tag | imageUrl domain does not match merchant domain | imageApproved is false | isCurated is false | swipeEligible is false | Brand looks placeholder/internal and should be verified"
YkhHPWxGxKgxvqTUhTry,Cozy Wool Rug,Amazon,SwipeShop Studio,storage,,100.99,https://www.amazon.ca/s?k=Cozy%20Wool%20Rug%20SwipeShop%20Studio%20rugs,https://picsum.photos/seed/rugs_8/600/600,true,true,www.amazon.ca,true,false,false,false,,true,true,true,picsum.photos,false,false,false,true,false,true,true,review,"Missing ASIN for Amazon product | Missing Amazon affiliate tag | Amazon affiliate tag missing, placeholder, or not equal to configured production tag | imageUrl domain does not match merchant domain | imageApproved is false | isCurated is false | swipeEligible is false | Brand looks placeholder/internal and should be verified"
amazon_B07Y5HTRVD,Dahey Gold Hanging Round Wall Mirror,Amazon.ca,Dahey,mirrors,B07Y5HTRVD,22.99,https://www.amazon.ca/dp/B07Y5HTRVD,https://m.media-amazon.com/images/I/61qpbCI8JhL._AC_SX679_.jpg,true,true,www.amazon.ca,true,true,true,false,,true,true,true,m.media-amazon.com,true,true,true,true,true,true,false,review,"Missing Amazon affiliate tag | Amazon affiliate tag missing, placeholder, or not equal to configured production tag"
amazon_B0CXXD2TFZ,Der Rose 2-Piece Faux Hanging Plant Set,Amazon.ca,Der Rose,plants,B0CXXD2TFZ,26.99,https://www.amazon.ca/dp/B0CXXD2TFZ,https://m.media-amazon.com/images/I/814dRWyGaIL._AC_SX679_.jpg,true,true,www.amazon.ca,true,true,true,false,,true,true,true,m.media-amazon.com,true,true,true,true,true,true,false,review,"Missing Amazon affiliate tag | Amazon affiliate tag missing, placeholder, or not equal to configured production tag"
amazon_B0BZ8DZV6D,Der Rose 3-Piece Mini Faux Succulent Set,Amazon.ca,Der Rose,plants,B0BZ8DZV6D,19.99,https://www.amazon.ca/dp/B0BZ8DZV6D,https://m.media-amazon.com/images/I/81UChF-GWVL._AC_SX679_.jpg,true,true,www.amazon.ca,true,true,true,false,,true,true,true,m.media-amazon.com,true,true,true,true,true,true,false,review,"Missing Amazon affiliate tag | Amazon affiliate tag missing, placeholder, or not equal to configured production tag"
amazon_B0F93NDNTM,EDISHINE 13.4 Inch Wood Table Lamp,Amazon.ca,EDISHINE,lighting,B0F93NDNTM,33.99,https://www.amazon.ca/dp/B0F93NDNTM,https://m.media-amazon.com/images/I/71qmmtA4kFL._AC_SX679_.jpg,true,true,www.amazon.ca,true,true,true,false,,true,true,true,m.media-amazon.com,true,true,true,true,true,true,false,review,"Missing Amazon affiliate tag | Amazon affiliate tag missing, placeholder, or not equal to configured production tag"
amazon_B0BZTT3MKR,EDISHINE Tripod Table Lamp,Amazon.ca,EDISHINE,lighting,B0BZTT3MKR,36.99,https://www.amazon.ca/dp/B0BZTT3MKR,https://m.media-amazon.com/images/I/81hd5Sql6fL._AC_SX679_.jpg,true,true,www.amazon.ca,true,true,true,false,,true,true,true,m.media-amazon.com,true,true,true,true,true,true,false,review,"Missing Amazon affiliate tag | Amazon affiliate tag missing, placeholder, or not equal to configured production tag"
FEQ7GCTJ4WrAcLtkCIZZ,Entryway Shoe Cabinet,Amazon,SwipeShop Studio,storage,,159.99,https://www.amazon.ca/s?k=Entryway%20Shoe%20Cabinet%20SwipeShop%20Studio%20Storage,https://picsum.photos/seed/storage_03/600/600,true,true,www.amazon.ca,true,false,false,false,,true,true,true,picsum.photos,false,false,false,true,false,true,true,review,"Missing ASIN for Amazon product | Missing Amazon affiliate tag | Amazon affiliate tag missing, placeholder, or not equal to configured production tag | imageUrl domain does not match merchant domain | imageApproved is false | isCurated is false | swipeEligible is false | Brand looks placeholder/internal and should be verified"
Oypy1o6XAQXLNLDpnAlS,Entryway Shoe Cabinet,Amazon,SwipeShop Studio,storage,,159.99,https://www.amazon.ca/s?k=Entryway%20Shoe%20Cabinet%20SwipeShop%20Studio%20Storage,https://picsum.photos/seed/storage_03/600/600,true,true,www.amazon.ca,true,false,false,false,,true,true,true,picsum.photos,false,false,false,true,false,true,true,review,"Missing ASIN for Amazon product | Missing Amazon affiliate tag | Amazon affiliate tag missing, placeholder, or not equal to configured production tag | imageUrl domain does not match merchant domain | imageApproved is false | isCurated is false | swipeEligible is false | Brand looks placeholder/internal and should be verified"
amazon_B0G8TGGTWG,Erosebridal Abstract Modern Black Beige Canvas Wall Art Set of 3,Amazon.ca,Erosebridal,wall-decor,B0G8TGGTWG,40.79,https://www.amazon.ca/dp/B0G8TGGTWG,https://m.media-amazon.com/images/I/61m0uTyE0TL._AC_SX679_.jpg,true,true,www.amazon.ca,true,true,true,false,,true,true,true,m.media-amazon.com,true,true,true,true,true,true,false,review,"Missing Amazon affiliate tag | Amazon affiliate tag missing, placeholder, or not equal to configured production tag"
amazon_B0FNN2B414,ESUNYD Candle Warmer Lamp with Timer,Amazon.ca,ESUNYD,lighting,B0FNN2B414,26.99,https://www.amazon.ca/dp/B0FNN2B414,https://m.media-amazon.com/images/I/81bKlnL7QSL._AC_SX679_.jpg,true,true,www.amazon.ca,true,true,true,false,,true,true,true,m.media-amazon.com,true,true,true,true,true,true,false,review,"Missing Amazon affiliate tag | Amazon affiliate tag missing, placeholder, or not equal to configured production tag"
Eqz5YKYwFoOdlcqjIi40,Faux Olive Tree,Amazon,SwipeShop Studio,plants,,79.99,https://www.amazon.ca/s?k=Faux%20Olive%20Tree%20SwipeShop%20Studio%20Plants,https://picsum.photos/seed/plants_01/600/600,true,true,www.amazon.ca,true,false,false,false,,true,true,true,picsum.photos,false,false,false,true,false,true,true,review,"Missing ASIN for Amazon product | Missing Amazon affiliate tag | Amazon affiliate tag missing, placeholder, or not equal to configured production tag | imageUrl domain does not match merchant domain | imageApproved is false | isCurated is false | swipeEligible is false | Brand looks placeholder/internal and should be verified"
ZDHJpHAXW7JRObMDAKxl,Faux Olive Tree,Amazon,SwipeShop Studio,plants,,79.99,https://www.amazon.ca/s?k=Faux%20Olive%20Tree%20SwipeShop%20Studio%20Plants,https://picsum.photos/seed/plants_01/600/600,true,true,www.amazon.ca,true,false,false,false,,true,true,true,picsum.photos,false,false,false,true,false,true,true,review,"Missing ASIN for Amazon product | Missing Amazon affiliate tag | Amazon affiliate tag missing, placeholder, or not equal to configured production tag | imageUrl domain does not match merchant domain | imageApproved is false | isCurated is false | swipeEligible is false | Brand looks placeholder/internal and should be verified"
iY3yCH7AFRM56AqBZ641,Full Length Mirror,Amazon,SwipeShop Studio,mirrors,,89.99,https://www.amazon.ca/s?k=Full%20Length%20Mirror%20SwipeShop%20Studio%20Mirrors,https://picsum.photos/seed/mirrors_02/600/600,true,true,www.amazon.ca,true,false,false,false,,true,true,true,picsum.photos,false,false,false,true,false,true,true,review,"Missing ASIN for Amazon product | Missing Amazon affiliate tag | Amazon affiliate tag missing, placeholder, or not equal to configured production tag | imageUrl domain does not match merchant domain | imageApproved is false | isCurated is false | swipeEligible is false | Brand looks placeholder/internal and should be verified"
NO4fMMQsrhDAW05aA40e,Full Length Mirror,Amazon,SwipeShop Studio,mirrors,,89.99,https://www.amazon.ca/s?k=Full%20Length%20Mirror%20SwipeShop%20Studio%20Mirrors,https://picsum.photos/seed/mirrors_02/600/600,true,true,www.amazon.ca,true,false,false,false,,true,true,true,picsum.photos,false,false,false,true,false,true,true,review,"Missing ASIN for Amazon product | Missing Amazon affiliate tag | Amazon affiliate tag missing, placeholder, or not equal to configured production tag | imageUrl domain does not match merchant domain | imageApproved is false | isCurated is false | swipeEligible is false | Brand looks placeholder/internal and should be verified"
BYmMOYmOWhlXTiLneaSM,Hanging Plant Pot,Amazon,SwipeShop Studio,plants,,19.99,https://www.amazon.ca/s?k=Hanging%20Plant%20Pot%20SwipeShop%20Studio%20Plants,https://picsum.photos/seed/plants_03/600/600,true,true,www.amazon.ca,true,false,false,false,,true,true,true,picsum.photos,false,false,false,true,false,true,true,review,"Missing ASIN for Amazon product | Missing Amazon affiliate tag | Amazon affiliate tag missing, placeholder, or not equal to configured production tag | imageUrl domain does not match merchant domain | imageApproved is false | isCurated is false | swipeEligible is false | Brand looks placeholder/internal and should be verified"
u0Lji1uGGXbie6wREWFE,Hanging Plant Pot,Amazon,SwipeShop Studio,plants,,19.99,https://www.amazon.ca/s?k=Hanging%20Plant%20Pot%20SwipeShop%20Studio%20Plants,https://picsum.photos/seed/plants_03/600/600,true,true,www.amazon.ca,true,false,false,false,,true,true,true,picsum.photos,false,false,false,true,false,true,true,review,"Missing ASIN for Amazon product | Missing Amazon affiliate tag | Amazon affiliate tag missing, placeholder, or not equal to configured production tag | imageUrl domain does not match merchant domain | imageApproved is false | isCurated is false | swipeEligible is false | Brand looks placeholder/internal and should be verified"
amazon_B0D93DQZQD,Hbluefat 2-Tier Desktop Organizer Shelf,Amazon.ca,Hbluefat,desk-setup,B0D93DQZQD,36.8,https://www.amazon.ca/dp/B0D93DQZQD,https://m.media-amazon.com/images/I/61ObneF52kL._AC_SX679_.jpg,true,true,www.amazon.ca,true,true,true,false,,true,true,true,m.media-amazon.com,true,true,true,true,true,true,false,review,"Missing Amazon affiliate tag | Amazon affiliate tag missing, placeholder, or not equal to configured production tag"
amazon_B09S8W8HK8,Hbnlai 3-Bulb Propagation Station,Amazon.ca,Hbnlai,shelf-styling,B09S8W8HK8,19.99,https://www.amazon.ca/dp/B09S8W8HK8,https://m.media-amazon.com/images/I/71SX40wpnqL._AC_SX679_.jpg,true,true,www.amazon.ca,true,true,true,false,,true,true,true,m.media-amazon.com,true,true,true,true,true,true,false,review,"Missing Amazon affiliate tag | Amazon affiliate tag missing, placeholder, or not equal to configured production tag"
amazon_B0D5HWK1XD,HERCHR Bedside Table Lamp,Amazon.ca,HERCHR,lighting,B0D5HWK1XD,22.39,https://www.amazon.ca/dp/B0D5HWK1XD,https://m.media-amazon.com/images/I/81XtYh4k8ML._AC_SX679_.jpg,true,true,www.amazon.ca,true,true,true,false,,true,true,true,m.media-amazon.com,true,true,true,true,true,true,false,review,"Missing Amazon affiliate tag | Amazon affiliate tag missing, placeholder, or not equal to configured production tag"
amazon_B0CSXLCL45,Home & Honor Mountain Canvas Wall Art Set,Amazon.ca,Home & Honor,wall-decor,B0CSXLCL45,29.84,https://www.amazon.ca/dp/B0CSXLCL45,https://m.media-amazon.com/images/I/61BoEqZS6SL._AC_SX679_.jpg,true,true,www.amazon.ca,true,true,true,false,,true,true,true,m.media-amazon.com,true,true,true,true,true,true,false,review,"Missing Amazon affiliate tag | Amazon affiliate tag missing, placeholder, or not equal to configured production tag"
amazon_B0DFD4XCPB,HOMKOKO Small Storage Box with Handles,Amazon.ca,HOMKOKO,storage,B0DFD4XCPB,21.49,https://www.amazon.ca/dp/B0DFD4XCPB,https://m.media-amazon.com/images/I/71R1HYMJv1L._AC_SX679_.jpg,true,true,www.amazon.ca,true,true,true,false,,true,true,true,m.media-amazon.com,true,true,true,true,true,true,false,review,"Missing Amazon affiliate tag | Amazon affiliate tag missing, placeholder, or not equal to configured production tag"
amazon_B0DDC6WXLN,Jukercici Collapsible Storage Baskets 2-Pack,Amazon.ca,Jukercici,storage,B0DDC6WXLN,36.99,https://www.amazon.ca/dp/B0DDC6WXLN,https://m.media-amazon.com/images/I/616vB++L0KL._AC_SX679_.jpg,true,true,www.amazon.ca,true,true,true,false,,true,true,true,m.media-amazon.com,true,true,true,true,true,true,false,review,"Missing Amazon affiliate tag | Amazon affiliate tag missing, placeholder, or not equal to configured production tag"
CBz1PpqW14by4dXjK2HJ,Landscape Poster,Amazon,SwipeShop Studio,wall-decor,,24.99,https://www.amazon.ca/s?k=Landscape%20Poster%20SwipeShop%20Studio%20Wall%20Art,https://picsum.photos/seed/wall_art_03/600/600,true,true,www.amazon.ca,true,false,false,false,,true,true,true,picsum.photos,false,false,false,true,false,true,true,review,"Missing ASIN for Amazon product | Missing Amazon affiliate tag | Amazon affiliate tag missing, placeholder, or not equal to configured production tag | imageUrl domain does not match merchant domain | imageApproved is false | isCurated is false | swipeEligible is false | Brand looks placeholder/internal and should be verified"
uiPLoMbzmPgxpuIZXhSu,Landscape Poster,Amazon,SwipeShop Studio,wall-decor,,24.99,https://www.amazon.ca/s?k=Landscape%20Poster%20SwipeShop%20Studio%20Wall%20Art,https://picsum.photos/seed/wall_art_03/600/600,true,true,www.amazon.ca,true,false,false,false,,true,true,true,picsum.photos,false,false,false,true,false,true,true,review,"Missing ASIN for Amazon product | Missing Amazon affiliate tag | Amazon affiliate tag missing, placeholder, or not equal to configured production tag | imageUrl domain does not match merchant domain | imageApproved is false | isCurated is false | swipeEligible is false | Brand looks placeholder/internal and should be verified"
amazon_B0C5M5HHQT,Lewondr Corduroy Throw Pillow Covers Set of 4,Amazon.ca,Lewondr,cozy-bedroom,B0C5M5HHQT,24.99,https://www.amazon.ca/dp/B0C5M5HHQT,https://m.media-amazon.com/images/I/81O-cg2L6uL._AC_SX679_.jpg,true,true,www.amazon.ca,true,true,true,false,,true,true,true,m.media-amazon.com,true,true,true,true,true,true,false,review,"Missing Amazon affiliate tag | Amazon affiliate tag missing, placeholder, or not equal to configured production tag"
CbR2KgXzl8n4eStIVvQz,Linen Duvet Set,Amazon,SwipeShop Studio,cozy-bedroom,,119.99,https://www.amazon.ca/s?k=Linen%20Duvet%20Set%20SwipeShop%20Studio%20Bedding,https://picsum.photos/seed/bedding_01/600/600,true,true,www.amazon.ca,true,false,false,false,,true,true,true,picsum.photos,false,false,false,true,false,true,true,review,"Missing ASIN for Amazon product | Missing Amazon affiliate tag | Amazon affiliate tag missing, placeholder, or not equal to configured production tag | imageUrl domain does not match merchant domain | imageApproved is false | isCurated is false | swipeEligible is false | Brand looks placeholder/internal and should be verified"
YvletTVSb4y2V93At3zs,Linen Duvet Set,Amazon,SwipeShop Studio,cozy-bedroom,,119.99,https://www.amazon.ca/s?k=Linen%20Duvet%20Set%20SwipeShop%20Studio%20Bedding,https://picsum.photos/seed/bedding_01/600/600,true,true,www.amazon.ca,true,false,false,false,,true,true,true,picsum.photos,false,false,false,true,false,true,true,review,"Missing ASIN for Amazon product | Missing Amazon affiliate tag | Amazon affiliate tag missing, placeholder, or not equal to configured production tag | imageUrl domain does not match merchant domain | imageApproved is false | isCurated is false | swipeEligible is false | Brand looks placeholder/internal and should be verified"
amazon_B08CMJNDRY,LONGWIN Hanging Gold Circle Mirror,Amazon.ca,LONGWIN,mirrors,B08CMJNDRY,32.99,https://www.amazon.ca/dp/B08CMJNDRY,https://m.media-amazon.com/images/I/51kEt8mw4GL._AC_SX679_.jpg,true,true,www.amazon.ca,true,true,true,false,,true,true,true,m.media-amazon.com,true,true,true,true,true,true,false,review,"Missing Amazon affiliate tag | Amazon affiliate tag missing, placeholder, or not equal to configured production tag"
amazon_B0C9MJ749Q,LUSHARBOR Battery Powered Table Lamp with Timer,Amazon.ca,LUSHARBOR,lighting,B0C9MJ749Q,29.99,https://www.amazon.ca/dp/B0C9MJ749Q,https://m.media-amazon.com/images/I/81-JPsbZGdL._AC_SX679_.jpg,true,true,www.amazon.ca,true,true,true,false,,true,true,true,m.media-amazon.com,true,true,true,true,true,true,false,review,"Missing Amazon affiliate tag | Amazon affiliate tag missing, placeholder, or not equal to configured production tag"
amazon_B07X9JQQZ1,MADIZZ Velvet Throw Pillow Covers Set of 2,Amazon.ca,MADIZZ,cozy-bedroom,B07X9JQQZ1,24.99,https://www.amazon.ca/dp/B07X9JQQZ1,https://m.media-amazon.com/images/I/81u4zQegrIS._AC_SX679_.jpg,true,true,www.amazon.ca,true,true,true,false,,true,true,true,m.media-amazon.com,true,true,true,true,true,true,false,review,"Missing Amazon affiliate tag | Amazon affiliate tag missing, placeholder, or not equal to configured production tag"
amazon_B0FDG5C999,MEKOTRIN Cordless Glass Bedside Table Lamp,Amazon.ca,MEKOTRIN,lighting,B0FDG5C999,35.99,https://www.amazon.ca/dp/B0FDG5C999,https://m.media-amazon.com/images/I/81xBdMs7yJL._AC_SX679_.jpg,true,true,www.amazon.ca,true,true,true,false,,true,true,true,m.media-amazon.com,true,true,true,true,true,true,false,review,"Missing Amazon affiliate tag | Amazon affiliate tag missing, placeholder, or not equal to configured production tag"
fNN2SOFYrI2xTCnC0C3K,Minimal Area Rug,Amazon,SwipeShop Studio,storage,,91.99,https://www.amazon.ca/s?k=Minimal%20Area%20Rug%20SwipeShop%20Studio%20rugs,https://picsum.photos/seed/rugs_35/600/600,true,true,www.amazon.ca,true,false,false,false,,true,true,true,picsum.photos,false,false,false,true,false,true,true,review,"Missing ASIN for Amazon product | Missing Amazon affiliate tag | Amazon affiliate tag missing, placeholder, or not equal to configured production tag | imageUrl domain does not match merchant domain | imageApproved is false | isCurated is false | swipeEligible is false | Brand looks placeholder/internal and should be verified"
KGZPWTXWk7fTo9agooN6,Minimal Area Rug,Amazon,SwipeShop Studio,storage,,94.99,https://www.amazon.ca/s?k=Minimal%20Area%20Rug%20SwipeShop%20Studio%20rugs,https://picsum.photos/seed/rugs_76/600/600,true,true,www.amazon.ca,true,false,false,false,,true,true,true,picsum.photos,false,false,false,true,false,true,true,review,"Missing ASIN for Amazon product | Missing Amazon affiliate tag | Amazon affiliate tag missing, placeholder, or not equal to configured production tag | imageUrl domain does not match merchant domain | imageApproved is false | isCurated is false | swipeEligible is false | Brand looks placeholder/internal and should be verified"
amZQpAM0J3fwFKjVvT8J,Minimal Bar Stool,Amazon,SwipeShop Studio,storage,,89.99,https://www.amazon.ca/s?k=Minimal%20Bar%20Stool%20SwipeShop%20Studio%20Seating,https://picsum.photos/seed/seating_03/600/600,true,true,www.amazon.ca,true,false,false,false,,true,true,true,picsum.photos,false,false,false,true,false,true,true,review,"Missing ASIN for Amazon product | Missing Amazon affiliate tag | Amazon affiliate tag missing, placeholder, or not equal to configured production tag | imageUrl domain does not match merchant domain | imageApproved is false | isCurated is false | swipeEligible is false | Brand looks placeholder/internal and should be verified"
gMOhJXi13l71tuAqNWfa,Minimal Bar Stool,Amazon,SwipeShop Studio,storage,,89.99,https://www.amazon.ca/s?k=Minimal%20Bar%20Stool%20SwipeShop%20Studio%20Seating,https://picsum.photos/seed/seating_03/600/600,true,true,www.amazon.ca,true,false,false,false,,true,true,true,picsum.photos,false,false,false,true,false,true,true,review,"Missing ASIN for Amazon product | Missing Amazon affiliate tag | Amazon affiliate tag missing, placeholder, or not equal to configured production tag | imageUrl domain does not match merchant domain | imageApproved is false | isCurated is false | swipeEligible is false | Brand looks placeholder/internal and should be verified"
9vnngoq5Ey0CLrswiJFg,Minimal Bench,Amazon,SwipeShop Studio,storage,,176.99,https://www.amazon.ca/s?k=Minimal%20Bench%20SwipeShop%20Studio%20seating,https://picsum.photos/seed/seating_180/600/600,true,true,www.amazon.ca,true,false,false,false,,true,true,true,picsum.photos,false,false,false,true,false,true,true,review,"Missing ASIN for Amazon product | Missing Amazon affiliate tag | Amazon affiliate tag missing, placeholder, or not equal to configured production tag | imageUrl domain does not match merchant domain | imageApproved is false | isCurated is false | swipeEligible is false | Brand looks placeholder/internal and should be verified"
LE9HwXcUQqeTSAesuZfV,Minimal Bench,Amazon,SwipeShop Studio,storage,,164.99,https://www.amazon.ca/s?k=Minimal%20Bench%20SwipeShop%20Studio%20seating,https://picsum.photos/seed/seating_176/600/600,true,true,www.amazon.ca,true,false,false,false,,true,true,true,picsum.photos,false,false,false,true,false,true,true,review,"Missing ASIN for Amazon product | Missing Amazon affiliate tag | Amazon affiliate tag missing, placeholder, or not equal to configured production tag | imageUrl domain does not match merchant domain | imageApproved is false | isCurated is false | swipeEligible is false | Brand looks placeholder/internal and should be verified"
m6QAYBAoRJQvautJGjkY,Minimal Canister Set,Amazon,SwipeShop Studio,storage,,34.99,https://www.amazon.ca/s?k=Minimal%20Canister%20Set%20SwipeShop%20Studio%20Kitchen%20Decor,https://picsum.photos/seed/kitchen_01/600/600,true,true,www.amazon.ca,true,false,false,false,,true,true,true,picsum.photos,false,false,false,true,false,true,true,review,"Missing ASIN for Amazon product | Missing Amazon affiliate tag | Amazon affiliate tag missing, placeholder, or not equal to configured production tag | imageUrl domain does not match merchant domain | imageApproved is false | isCurated is false | swipeEligible is false | Brand looks placeholder/internal and should be verified"
OuxOf0wevbdPagSL3ypJ,Minimal Canister Set,Amazon,SwipeShop Studio,storage,,34.99,https://www.amazon.ca/s?k=Minimal%20Canister%20Set%20SwipeShop%20Studio%20Kitchen%20Decor,https://picsum.photos/seed/kitchen_01/600/600,true,true,www.amazon.ca,true,false,false,false,,true,true,true,picsum.photos,false,false,false,true,false,true,true,review,"Missing ASIN for Amazon product | Missing Amazon affiliate tag | Amazon affiliate tag missing, placeholder, or not equal to configured production tag | imageUrl domain does not match merchant domain | imageApproved is false | isCurated is false | swipeEligible is false | Brand looks placeholder/internal and should be verified"
DSFyY4qR3I8pXVYKt3C1,Minimal Ceramic Set,Amazon,SwipeShop Studio,storage,,25.99,https://www.amazon.ca/s?k=Minimal%20Ceramic%20Set%20SwipeShop%20Studio%20kitchen_decor,https://picsum.photos/seed/kitchen_decor_183/600/600,true,true,www.amazon.ca,true,false,false,false,,true,true,true,picsum.photos,false,false,false,true,false,true,true,review,"Missing ASIN for Amazon product | Missing Amazon affiliate tag | Amazon affiliate tag missing, placeholder, or not equal to configured production tag | imageUrl domain does not match merchant domain | imageApproved is false | isCurated is false | swipeEligible is false | Brand looks placeholder/internal and should be verified"
qb5Zv4DHwWkhWtxOhnU9,Minimal Ceramic Set,Amazon,SwipeShop Studio,storage,,22.99,https://www.amazon.ca/s?k=Minimal%20Ceramic%20Set%20SwipeShop%20Studio%20kitchen_decor,https://picsum.photos/seed/kitchen_decor_132/600/600,true,true,www.amazon.ca,true,false,false,false,,true,true,true,picsum.photos,false,false,false,true,false,true,true,review,"Missing ASIN for Amazon product | Missing Amazon affiliate tag | Amazon affiliate tag missing, placeholder, or not equal to configured production tag | imageUrl domain does not match merchant domain | imageApproved is false | isCurated is false | swipeEligible is false | Brand looks placeholder/internal and should be verified"
5upfzXXsGsKdnwLTrmR1,Minimal Coffee Table,Amazon,SwipeShop Studio,storage,,153.99,https://www.amazon.ca/s?k=Minimal%20Coffee%20Table%20SwipeShop%20Studio%20tables,https://picsum.photos/seed/tables_39/600/600,true,true,www.amazon.ca,true,false,false,false,,true,true,true,picsum.photos,false,false,false,true,false,true,true,review,"Missing ASIN for Amazon product | Missing Amazon affiliate tag | Amazon affiliate tag missing, placeholder, or not equal to configured production tag | imageUrl domain does not match merchant domain | imageApproved is false | isCurated is false | swipeEligible is false | Brand looks placeholder/internal and should be verified"
9WvH9C3o7Mprjqogh42d,Minimal Console Table,Amazon,SwipeShop Studio,storage,,129.99,https://www.amazon.ca/s?k=Minimal%20Console%20Table%20SwipeShop%20Studio%20Tables,https://picsum.photos/seed/tables_03/600/600,true,true,www.amazon.ca,true,false,false,false,,true,true,true,picsum.photos,false,false,false,true,false,true,true,review,"Missing ASIN for Amazon product | Missing Amazon affiliate tag | Amazon affiliate tag missing, placeholder, or not equal to configured production tag | imageUrl domain does not match merchant domain | imageApproved is false | isCurated is false | swipeEligible is false | Brand looks placeholder/internal and should be verified"
UX2hJPJ7nSG8esrSTgHu,Minimal Console Table,Amazon,SwipeShop Studio,storage,,129.99,https://www.amazon.ca/s?k=Minimal%20Console%20Table%20SwipeShop%20Studio%20Tables,https://picsum.photos/seed/tables_03/600/600,true,true,www.amazon.ca,true,false,false,false,,true,true,true,picsum.photos,false,false,false,true,false,true,true,review,"Missing ASIN for Amazon product | Missing Amazon affiliate tag | Amazon affiliate tag missing, placeholder, or not equal to configured production tag | imageUrl domain does not match merchant domain | imageApproved is false | isCurated is false | swipeEligible is false | Brand looks placeholder/internal and should be verified"
lq03ExezvsstV7xEncDi,Minimal Floor Lamp,Amazon,SwipeShop Studio,lighting,,61.99,https://www.amazon.ca/s?k=Minimal%20Floor%20Lamp%20SwipeShop%20Studio%20lighting,https://picsum.photos/seed/lighting_35/600/600,true,true,www.amazon.ca,true,false,false,false,,true,true,true,picsum.photos,false,false,false,true,false,true,true,review,"Missing ASIN for Amazon product | Missing Amazon affiliate tag | Amazon affiliate tag missing, placeholder, or not equal to configured production tag | imageUrl domain does not match merchant domain | imageApproved is false | isCurated is false | swipeEligible is false | Brand looks placeholder/internal and should be verified"
7SdJ91CScknwY505lNT1,Minimal Framed Print,Amazon,SwipeShop Studio,wall-decor,,60.99,https://www.amazon.ca/s?k=Minimal%20Framed%20Print%20SwipeShop%20Studio%20wall_art,https://picsum.photos/seed/wall_art_188/600/600,true,true,www.amazon.ca,true,false,false,false,,true,true,true,picsum.photos,false,false,false,true,false,true,true,review,"Missing ASIN for Amazon product | Missing Amazon affiliate tag | Amazon affiliate tag missing, placeholder, or not equal to configured production tag | imageUrl domain does not match merchant domain | imageApproved is false | isCurated is false | swipeEligible is false | Brand looks placeholder/internal and should be verified"
QPEWqiPsXLBNioN5HhTX,Minimal Framed Print,Amazon,SwipeShop Studio,wall-decor,,39.99,https://www.amazon.ca/s?k=Minimal%20Framed%20Print%20SwipeShop%20Studio%20wall_art,https://picsum.photos/seed/wall_art_111/600/600,true,true,www.amazon.ca,true,false,false,false,,true,true,true,picsum.photos,false,false,false,true,false,true,true,review,"Missing ASIN for Amazon product | Missing Amazon affiliate tag | Amazon affiliate tag missing, placeholder, or not equal to configured production tag | imageUrl domain does not match merchant domain | imageApproved is false | isCurated is false | swipeEligible is false | Brand looks placeholder/internal and should be verified"
SQOHrDkjXbdGNvuBkEtf,Minimal Framed Print,Amazon,SwipeShop Studio,wall-decor,,45.99,https://www.amazon.ca/s?k=Minimal%20Framed%20Print%20SwipeShop%20Studio%20wall_art,https://picsum.photos/seed/wall_art_143/600/600,true,true,www.amazon.ca,true,false,false,false,,true,true,true,picsum.photos,false,false,false,true,false,true,true,review,"Missing ASIN for Amazon product | Missing Amazon affiliate tag | Amazon affiliate tag missing, placeholder, or not equal to configured production tag | imageUrl domain does not match merchant domain | imageApproved is false | isCurated is false | swipeEligible is false | Brand looks placeholder/internal and should be verified"
nyLBIxbTpxtUzI9TQNpQ,Minimal Indoor Plant,Amazon,SwipeShop Studio,plants,,45.99,https://www.amazon.ca/s?k=Minimal%20Indoor%20Plant%20SwipeShop%20Studio%20plants,https://picsum.photos/seed/plants_138/600/600,true,true,www.amazon.ca,true,false,false,false,,true,true,true,picsum.photos,false,false,false,true,false,true,true,review,"Missing ASIN for Amazon product | Missing Amazon affiliate tag | Amazon affiliate tag missing, placeholder, or not equal to configured production tag | imageUrl domain does not match merchant domain | imageApproved is false | isCurated is false | swipeEligible is false | Brand looks placeholder/internal and should be verified"
PJ2Ap78oZWlZt9IY5rVm,Minimal Indoor Plant,Amazon,SwipeShop Studio,plants,,30.99,https://www.amazon.ca/s?k=Minimal%20Indoor%20Plant%20SwipeShop%20Studio%20plants,https://picsum.photos/seed/plants_33/600/600,true,true,www.amazon.ca,true,false,false,false,,true,true,true,picsum.photos,false,false,false,true,false,true,true,review,"Missing ASIN for Amazon product | Missing Amazon affiliate tag | Amazon affiliate tag missing, placeholder, or not equal to configured production tag | imageUrl domain does not match merchant domain | imageApproved is false | isCurated is false | swipeEligible is false | Brand looks placeholder/internal and should be verified"
rVsYdR2MgFKJ7JeT8jrM,Minimal Indoor Plant,Amazon,SwipeShop Studio,plants,,36.99,https://www.amazon.ca/s?k=Minimal%20Indoor%20Plant%20SwipeShop%20Studio%20plants,https://picsum.photos/seed/plants_195/600/600,true,true,www.amazon.ca,true,false,false,false,,true,true,true,picsum.photos,false,false,false,true,false,true,true,review,"Missing ASIN for Amazon product | Missing Amazon affiliate tag | Amazon affiliate tag missing, placeholder, or not equal to configured production tag | imageUrl domain does not match merchant domain | imageApproved is false | isCurated is false | swipeEligible is false | Brand looks placeholder/internal and should be verified"
c2C0u6TEnrNktMtkOb9r,Minimal Kitchen Decor,Amazon,SwipeShop Studio,storage,,34.99,https://www.amazon.ca/s?k=Minimal%20Kitchen%20Decor%20SwipeShop%20Studio%20kitchen_decor,https://picsum.photos/seed/kitchen_decor_56/600/600,true,true,www.amazon.ca,true,false,false,false,,true,true,true,picsum.photos,false,false,false,true,false,true,true,review,"Missing ASIN for Amazon product | Missing Amazon affiliate tag | Amazon affiliate tag missing, placeholder, or not equal to configured production tag | imageUrl domain does not match merchant domain | imageApproved is false | isCurated is false | swipeEligible is false | Brand looks placeholder/internal and should be verified"
iPdmTP3FQATwWPwNlXd4,Minimal Kitchen Decor,Amazon,SwipeShop Studio,storage,,31.99,https://www.amazon.ca/s?k=Minimal%20Kitchen%20Decor%20SwipeShop%20Studio%20kitchen_decor,https://picsum.photos/seed/kitchen_decor_145/600/600,true,true,www.amazon.ca,true,false,false,false,,true,true,true,picsum.photos,false,false,false,true,false,true,true,review,"Missing ASIN for Amazon product | Missing Amazon affiliate tag | Amazon affiliate tag missing, placeholder, or not equal to configured production tag | imageUrl domain does not match merchant domain | imageApproved is false | isCurated is false | swipeEligible is false | Brand looks placeholder/internal and should be verified"
N3ybuj7bEu4mF1Zj85lM,Minimal Line Art Set (2-pack),Amazon,SwipeShop Studio,wall-decor,,29.99,https://www.amazon.ca/s?k=Minimal%20Line%20Art%20Set%20(2-pack)%20SwipeShop%20Studio%20Wall%20Art,https://picsum.photos/seed/wall_art_02/600/600,true,true,www.amazon.ca,true,false,false,false,,true,true,true,picsum.photos,false,false,false,true,false,true,true,review,"Missing ASIN for Amazon product | Missing Amazon affiliate tag | Amazon affiliate tag missing, placeholder, or not equal to configured production tag | imageUrl domain does not match merchant domain | imageApproved is false | isCurated is false | swipeEligible is false | Brand looks placeholder/internal and should be verified"
NRGTGdTScA6VdUBh63PG,Minimal Line Art Set (2-pack),Amazon,SwipeShop Studio,wall-decor,,29.99,https://www.amazon.ca/s?k=Minimal%20Line%20Art%20Set%20(2-pack)%20SwipeShop%20Studio%20Wall%20Art,https://picsum.photos/seed/wall_art_02/600/600,true,true,www.amazon.ca,true,false,false,false,,true,true,true,picsum.photos,false,false,false,true,false,true,true,review,"Missing ASIN for Amazon product | Missing Amazon affiliate tag | Amazon affiliate tag missing, placeholder, or not equal to configured production tag | imageUrl domain does not match merchant domain | imageApproved is false | isCurated is false | swipeEligible is false | Brand looks placeholder/internal and should be verified"
879mM2ZfJNtaYbH1ErWp,Minimal Organizer,Amazon,SwipeShop Studio,storage,,32.99,https://www.amazon.ca/s?k=Minimal%20Organizer%20SwipeShop%20Studio%20storage,https://picsum.photos/seed/storage_142/600/600,true,true,www.amazon.ca,true,false,false,false,,true,true,true,picsum.photos,false,false,false,true,false,true,true,review,"Missing ASIN for Amazon product | Missing Amazon affiliate tag | Amazon affiliate tag missing, placeholder, or not equal to configured production tag | imageUrl domain does not match merchant domain | imageApproved is false | isCurated is false | swipeEligible is false | Brand looks placeholder/internal and should be verified"
k3Ioxuhn51vAJsBYguXt,Minimal Organizer,Amazon,SwipeShop Studio,storage,,41.99,https://www.amazon.ca/s?k=Minimal%20Organizer%20SwipeShop%20Studio%20storage,https://picsum.photos/seed/storage_125/600/600,true,true,www.amazon.ca,true,false,false,false,,true,true,true,picsum.photos,false,false,false,true,false,true,true,review,"Missing ASIN for Amazon product | Missing Amazon affiliate tag | Amazon affiliate tag missing, placeholder, or not equal to configured production tag | imageUrl domain does not match merchant domain | imageApproved is false | isCurated is false | swipeEligible is false | Brand looks placeholder/internal and should be verified"
K0pANLIg63aqCvJZn5BG,Minimal Pendant Light,Amazon,SwipeShop Studio,lighting,,76.99,https://www.amazon.ca/s?k=Minimal%20Pendant%20Light%20SwipeShop%20Studio%20lighting,https://picsum.photos/seed/lighting_60/600/600,true,true,www.amazon.ca,true,false,false,false,,true,true,true,picsum.photos,false,false,false,true,false,true,true,review,"Missing ASIN for Amazon product | Missing Amazon affiliate tag | Amazon affiliate tag missing, placeholder, or not equal to configured production tag | imageUrl domain does not match merchant domain | imageApproved is false | isCurated is false | swipeEligible is false | Brand looks placeholder/internal and should be verified"
mFN9Nw5rpq0IQBd4YEwI,Minimal Pendant Light,Amazon,SwipeShop Studio,lighting,,58.99,https://www.amazon.ca/s?k=Minimal%20Pendant%20Light%20SwipeShop%20Studio%20lighting,https://picsum.photos/seed/lighting_144/600/600,true,true,www.amazon.ca,true,false,false,false,,true,true,true,picsum.photos,false,false,false,true,false,true,true,review,"Missing ASIN for Amazon product | Missing Amazon affiliate tag | Amazon affiliate tag missing, placeholder, or not equal to configured production tag | imageUrl domain does not match merchant domain | imageApproved is false | isCurated is false | swipeEligible is false | Brand looks placeholder/internal and should be verified"
p7QaKRQuSUas16wLF9qi,Minimal Pendant Light,Amazon,SwipeShop Studio,lighting,,89.99,https://www.amazon.ca/s?k=Minimal%20Pendant%20Light%20SwipeShop%20Studio%20Lighting,https://picsum.photos/seed/lighting_03/600/600,true,true,www.amazon.ca,true,false,false,false,,true,true,true,picsum.photos,false,false,false,true,false,true,true,review,"Missing ASIN for Amazon product | Missing Amazon affiliate tag | Amazon affiliate tag missing, placeholder, or not equal to configured production tag | imageUrl domain does not match merchant domain | imageApproved is false | isCurated is false | swipeEligible is false | Brand looks placeholder/internal and should be verified"
s8HtgAJI3uU4YqrQqbha,Minimal Pendant Light,Amazon,SwipeShop Studio,lighting,,58.99,https://www.amazon.ca/s?k=Minimal%20Pendant%20Light%20SwipeShop%20Studio%20lighting,https://picsum.photos/seed/lighting_104/600/600,true,true,www.amazon.ca,true,false,false,false,,true,true,true,picsum.photos,false,false,false,true,false,true,true,review,"Missing ASIN for Amazon product | Missing Amazon affiliate tag | Amazon affiliate tag missing, placeholder, or not equal to configured production tag | imageUrl domain does not match merchant domain | imageApproved is false | isCurated is false | swipeEligible is false | Brand looks placeholder/internal and should be verified"
UJ6fbmZ3gwQKBgfYLLg8,Minimal Pendant Light,Amazon,SwipeShop Studio,lighting,,89.99,https://www.amazon.ca/s?k=Minimal%20Pendant%20Light%20SwipeShop%20Studio%20Lighting,https://picsum.photos/seed/lighting_03/600/600,true,true,www.amazon.ca,true,false,false,false,,true,true,true,picsum.photos,false,false,false,true,false,true,true,review,"Missing ASIN for Amazon product | Missing Amazon affiliate tag | Amazon affiliate tag missing, placeholder, or not equal to configured production tag | imageUrl domain does not match merchant domain | imageApproved is false | isCurated is false | swipeEligible is false | Brand looks placeholder/internal and should be verified"
09QOiR7lChQWvQxUCxOm,Minimal Pillow Set,Amazon,SwipeShop Studio,cozy-bedroom,B07XXRKMCW,57.51,https://www.amazon.ca/dp/B07XXRKMCW/ref=nosim?tag=YOURREALTAG-20,https://shoppurilite.ca/cdn/shop/files/613A4InUrUL._AC_SL1500.jpg?v=1754039540,true,true,www.amazon.ca,true,true,true,true,YOURREALTAG-20,true,true,true,shoppurilite.ca,false,false,false,true,true,true,true,review,"Amazon affiliate tag missing, placeholder, or not equal to configured production tag | imageUrl domain does not match merchant domain | imageApproved is false | isCurated is false | Brand looks placeholder/internal and should be verified"
D2wv5aRMwrHe4h65JT18,Minimal Pillow Set,Amazon,SwipeShop Studio,cozy-bedroom,,96.99,https://www.amazon.ca/s?k=Minimal%20Pillow%20Set%20SwipeShop%20Studio%20bedding,https://picsum.photos/seed/bedding_70/600/600,true,true,www.amazon.ca,true,false,false,false,,true,true,true,picsum.photos,false,false,false,true,false,true,true,review,"Missing ASIN for Amazon product | Missing Amazon affiliate tag | Amazon affiliate tag missing, placeholder, or not equal to configured production tag | imageUrl domain does not match merchant domain | imageApproved is false | isCurated is false | swipeEligible is false | Brand looks placeholder/internal and should be verified"
EVzzZE2CDnt2r5fmOt5K,Minimal Pillow Set,Amazon,SwipeShop Studio,cozy-bedroom,,81.99,https://www.amazon.ca/s?k=Minimal%20Pillow%20Set%20SwipeShop%20Studio%20bedding,https://picsum.photos/seed/bedding_15/600/600,true,true,www.amazon.ca,true,false,false,false,,true,true,true,picsum.photos,false,false,false,true,false,true,true,review,"Missing ASIN for Amazon product | Missing Amazon affiliate tag | Amazon affiliate tag missing, placeholder, or not equal to configured production tag | imageUrl domain does not match merchant domain | imageApproved is false | isCurated is false | swipeEligible is false | Brand looks placeholder/internal and should be verified"
HSZrWfxiXuuevvlnT4qG,Minimal Pillow Set,Amazon,SwipeShop Studio,cozy-bedroom,,78.99,https://www.amazon.ca/s?k=Minimal%20Pillow%20Set%20SwipeShop%20Studio%20bedding,https://picsum.photos/seed/bedding_34/600/600,true,true,www.amazon.ca,true,false,false,false,,true,true,true,picsum.photos,false,false,false,true,false,true,true,review,"Missing ASIN for Amazon product | Missing Amazon affiliate tag | Amazon affiliate tag missing, placeholder, or not equal to configured production tag | imageUrl domain does not match merchant domain | imageApproved is false | isCurated is false | swipeEligible is false | Brand looks placeholder/internal and should be verified"
x4G9zOn0DLxg5bUZh84U,Minimal Pillow Set,Amazon,SwipeShop Studio,cozy-bedroom,,90.99,https://www.amazon.ca/s?k=Minimal%20Pillow%20Set%20SwipeShop%20Studio%20bedding,https://picsum.photos/seed/bedding_118/600/600,true,true,www.amazon.ca,true,false,false,false,,true,true,true,picsum.photos,false,false,false,true,false,true,true,review,"Missing ASIN for Amazon product | Missing Amazon affiliate tag | Amazon affiliate tag missing, placeholder, or not equal to configured production tag | imageUrl domain does not match merchant domain | imageApproved is false | isCurated is false | swipeEligible is false | Brand looks placeholder/internal and should be verified"
vGFeJh440cdnN5JvDBQd,Minimal Pillow Set (2-pack),Amazon,SwipeShop Studio,cozy-bedroom,,29.99,https://www.amazon.ca/s?k=Minimal%20Pillow%20Set%20(2-pack)%20SwipeShop%20Studio%20Bedding,https://picsum.photos/seed/bedding_03/600/600,true,true,www.amazon.ca,true,false,false,false,,true,true,true,picsum.photos,false,false,false,true,false,true,true,review,"Missing ASIN for Amazon product | Missing Amazon affiliate tag | Amazon affiliate tag missing, placeholder, or not equal to configured production tag | imageUrl domain does not match merchant domain | imageApproved is false | isCurated is false | swipeEligible is false | Brand looks placeholder/internal and should be verified"
Yq6OK3954O2FlRzjRKdC,Minimal Pillow Set (2-pack),Amazon,SwipeShop Studio,cozy-bedroom,,29.99,https://www.amazon.ca/s?k=Minimal%20Pillow%20Set%20(2-pack)%20SwipeShop%20Studio%20Bedding,https://picsum.photos/seed/bedding_03/600/600,true,true,www.amazon.ca,true,false,false,false,,true,true,true,picsum.photos,false,false,false,true,false,true,true,review,"Missing ASIN for Amazon product | Missing Amazon affiliate tag | Amazon affiliate tag missing, placeholder, or not equal to configured production tag | imageUrl domain does not match merchant domain | imageApproved is false | isCurated is false | swipeEligible is false | Brand looks placeholder/internal and should be verified"
0p113dqwz2AktGL1LKwO,Minimal Planter,Amazon,SwipeShop Studio,plants,B0B3RNR33Y,39.99,https://www.amazon.ca/dp/B0B3RNR33Y/ref=nosim?tag=YOURREALTAG-20,https://encrypted-tbn0.gstatic.com/images?q=tbn:ANd9GcTMppMT8j2J_FjY6epUxqBLtPfZ7RH4h4lrCg&s,true,true,www.amazon.ca,true,true,true,true,YOURREALTAG-20,true,true,true,encrypted-tbn0.gstatic.com,false,false,false,true,true,true,true,review,"Amazon affiliate tag missing, placeholder, or not equal to configured production tag | imageUrl domain does not match merchant domain | imageApproved is false | isCurated is false | Brand looks placeholder/internal and should be verified"
Gcpej4Q92ZYWkvIdBxsw,Minimal Planter,Amazon,SwipeShop Studio,plants,,51.99,https://www.amazon.ca/s?k=Minimal%20Planter%20SwipeShop%20Studio%20plants,https://picsum.photos/seed/plants_30/600/600,true,true,www.amazon.ca,true,false,false,false,,true,true,true,picsum.photos,false,false,false,true,false,true,true,review,"Missing ASIN for Amazon product | Missing Amazon affiliate tag | Amazon affiliate tag missing, placeholder, or not equal to configured production tag | imageUrl domain does not match merchant domain | imageApproved is false | isCurated is false | swipeEligible is false | Brand looks placeholder/internal and should be verified"
pSEPGqygx8W1Xzr0KciF,Minimal Planter,Amazon,SwipeShop Studio,plants,,36.99,https://www.amazon.ca/s?k=Minimal%20Planter%20SwipeShop%20Studio%20plants,https://picsum.photos/seed/plants_15/600/600,true,true,www.amazon.ca,true,false,false,false,,true,true,true,picsum.photos,false,false,false,true,false,true,true,review,"Missing ASIN for Amazon product | Missing Amazon affiliate tag | Amazon affiliate tag missing, placeholder, or not equal to configured production tag | imageUrl domain does not match merchant domain | imageApproved is false | isCurated is false | swipeEligible is false | Brand looks placeholder/internal and should be verified"
x2QszWxaYW0c662SOFLI,Minimal Planter,Amazon,SwipeShop Studio,plants,,36.99,https://www.amazon.ca/s?k=Minimal%20Planter%20SwipeShop%20Studio%20plants,https://picsum.photos/seed/plants_135/600/600,true,true,www.amazon.ca,true,false,false,false,,true,true,true,picsum.photos,false,false,false,true,false,true,true,review,"Missing ASIN for Amazon product | Missing Amazon affiliate tag | Amazon affiliate tag missing, placeholder, or not equal to configured production tag | imageUrl domain does not match merchant domain | imageApproved is false | isCurated is false | swipeEligible is false | Brand looks placeholder/internal and should be verified"
yWri0ZZxiTk9aQ30OqYJ,Minimal Planter,Amazon,SwipeShop Studio,plants,,48.99,https://www.amazon.ca/s?k=Minimal%20Planter%20SwipeShop%20Studio%20plants,https://picsum.photos/seed/plants_199/600/600,true,true,www.amazon.ca,true,false,false,false,,true,true,true,picsum.photos,false,false,false,true,false,true,true,review,"Missing ASIN for Amazon product | Missing Amazon affiliate tag | Amazon affiliate tag missing, placeholder, or not equal to configured production tag | imageUrl domain does not match merchant domain | imageApproved is false | isCurated is false | swipeEligible is false | Brand looks placeholder/internal and should be verified"
d6RzYbC7Z8zDipGVHd0I,Minimal Potted Plant,Amazon,SwipeShop Studio,plants,,48.99,https://www.amazon.ca/s?k=Minimal%20Potted%20Plant%20SwipeShop%20Studio%20plants,https://picsum.photos/seed/plants_179/600/600,true,true,www.amazon.ca,true,false,false,false,,true,true,true,picsum.photos,false,false,false,true,false,true,true,review,"Missing ASIN for Amazon product | Missing Amazon affiliate tag | Amazon affiliate tag missing, placeholder, or not equal to configured production tag | imageUrl domain does not match merchant domain | imageApproved is false | isCurated is false | swipeEligible is false | Brand looks placeholder/internal and should be verified"
FUjiAwBCpaLHKDghhtIO,Minimal Potted Plant,Amazon,SwipeShop Studio,plants,,27.99,https://www.amazon.ca/s?k=Minimal%20Potted%20Plant%20SwipeShop%20Studio%20plants,https://picsum.photos/seed/plants_2/600/600,true,true,www.amazon.ca,true,false,false,false,,true,true,true,picsum.photos,false,false,false,true,false,true,true,review,"Missing ASIN for Amazon product | Missing Amazon affiliate tag | Amazon affiliate tag missing, placeholder, or not equal to configured production tag | imageUrl domain does not match merchant domain | imageApproved is false | isCurated is false | swipeEligible is false | Brand looks placeholder/internal and should be verified"
PFXVSycITdF7huhZmEye,Minimal Potted Plant,Amazon,SwipeShop Studio,plants,,42.99,https://www.amazon.ca/s?k=Minimal%20Potted%20Plant%20SwipeShop%20Studio%20plants,https://picsum.photos/seed/plants_87/600/600,true,true,www.amazon.ca,true,false,false,false,,true,true,true,picsum.photos,false,false,false,true,false,true,true,review,"Missing ASIN for Amazon product | Missing Amazon affiliate tag | Amazon affiliate tag missing, placeholder, or not equal to configured production tag | imageUrl domain does not match merchant domain | imageApproved is false | isCurated is false | swipeEligible is false | Brand looks placeholder/internal and should be verified"
wrnMxJOirYCplC9mDlGZ,Minimal Potted Plant,Amazon,SwipeShop Studio,plants,,48.99,https://www.amazon.ca/s?k=Minimal%20Potted%20Plant%20SwipeShop%20Studio%20plants,https://picsum.photos/seed/plants_59/600/600,true,true,www.amazon.ca,true,false,false,false,,true,true,true,picsum.photos,false,false,false,true,false,true,true,review,"Missing ASIN for Amazon product | Missing Amazon affiliate tag | Amazon affiliate tag missing, placeholder, or not equal to configured production tag | imageUrl domain does not match merchant domain | imageApproved is false | isCurated is false | swipeEligible is false | Brand looks placeholder/internal and should be verified"
XXsLWfKqrOe2XsE5prLK,Minimal Potted Plant,Amazon,SwipeShop Studio,plants,,30.99,https://www.amazon.ca/s?k=Minimal%20Potted%20Plant%20SwipeShop%20Studio%20plants,https://picsum.photos/seed/plants_13/600/600,true,true,www.amazon.ca,true,false,false,false,,true,true,true,picsum.photos,false,false,false,true,false,true,true,review,"Missing ASIN for Amazon product | Missing Amazon affiliate tag | Amazon affiliate tag missing, placeholder, or not equal to configured production tag | imageUrl domain does not match merchant domain | imageApproved is false | isCurated is false | swipeEligible is false | Brand looks placeholder/internal and should be verified"
25rsjAVfziaNsnTEJiWl,Minimal Round Mirror,Amazon,SwipeShop Studio,mirrors,B0DGXDWNG4,62.99,https://www.amazon.ca/dp/B0DGXDWNG4/ref=nosim?tag=YOURREALTAG-20,https://picsum.photos/seed/mirrors_132/600/600,true,true,www.amazon.ca,true,true,true,true,YOURREALTAG-20,true,true,true,picsum.photos,false,false,false,true,false,true,true,review,"Amazon affiliate tag missing, placeholder, or not equal to configured production tag | imageUrl domain does not match merchant domain | imageApproved is false | isCurated is false | swipeEligible is false | Brand looks placeholder/internal and should be verified"
FVbdKy6519GIVRLfFYfn,Minimal Round Mirror,Amazon,SwipeShop Studio,mirrors,,62.99,https://www.amazon.ca/s?k=Minimal%20Round%20Mirror%20SwipeShop%20Studio%20mirrors,https://picsum.photos/seed/mirrors_122/600/600,true,true,www.amazon.ca,true,false,false,false,,true,true,true,picsum.photos,false,false,false,true,false,true,true,review,"Missing ASIN for Amazon product | Missing Amazon affiliate tag | Amazon affiliate tag missing, placeholder, or not equal to configured production tag | imageUrl domain does not match merchant domain | imageApproved is false | isCurated is false | swipeEligible is false | Brand looks placeholder/internal and should be verified"
gqdVaZuwzQBv2APnUjHZ,Minimal Round Mirror,Amazon,SwipeShop Studio,mirrors,,68.99,https://www.amazon.ca/s?k=Minimal%20Round%20Mirror%20SwipeShop%20Studio%20mirrors,https://picsum.photos/seed/mirrors_4/600/600,true,true,www.amazon.ca,true,false,false,false,,true,true,true,picsum.photos,false,false,false,true,false,true,true,review,"Missing ASIN for Amazon product | Missing Amazon affiliate tag | Amazon affiliate tag missing, placeholder, or not equal to configured production tag | imageUrl domain does not match merchant domain | imageApproved is false | isCurated is false | swipeEligible is false | Brand looks placeholder/internal and should be verified"
mIvsTTucnzIYIF6YuaW0,Minimal Round Mirror,Amazon,SwipeShop Studio,mirrors,,59.99,https://www.amazon.ca/s?k=Minimal%20Round%20Mirror%20SwipeShop%20Studio%20mirrors,https://picsum.photos/seed/mirrors_171/600/600,true,true,www.amazon.ca,true,false,false,false,,true,true,true,picsum.photos,false,false,false,true,false,true,true,review,"Missing ASIN for Amazon product | Missing Amazon affiliate tag | Amazon affiliate tag missing, placeholder, or not equal to configured production tag | imageUrl domain does not match merchant domain | imageApproved is false | isCurated is false | swipeEligible is false | Brand looks placeholder/internal and should be verified"
2bllusfsCmNnvXQuBd2U,Minimal Runner Rug,Amazon,SwipeShop Studio,storage,B0D9P5N6BJ,103.99,https://www.amazon.ca/dp/B0D9P5N6BJ/ref=nosim?tag=YOURREALTAG-20,https://picsum.photos/seed/rugs_39/600/600,true,true,www.amazon.ca,true,true,true,true,YOURREALTAG-20,true,true,true,picsum.photos,false,false,false,true,false,true,true,review,"Amazon affiliate tag missing, placeholder, or not equal to configured production tag | imageUrl domain does not match merchant domain | imageApproved is false | isCurated is false | swipeEligible is false | Brand looks placeholder/internal and should be verified"
50hRpp0WyhPKOWYg3irI,Minimal Runner Rug,Amazon,SwipeShop Studio,storage,,85.99,https://www.amazon.ca/s?k=Minimal%20Runner%20Rug%20SwipeShop%20Studio%20rugs,https://picsum.photos/seed/rugs_113/600/600,true,true,www.amazon.ca,true,false,false,false,,true,true,true,picsum.photos,false,false,false,true,false,true,true,review,"Missing ASIN for Amazon product | Missing Amazon affiliate tag | Amazon affiliate tag missing, placeholder, or not equal to configured production tag | imageUrl domain does not match merchant domain | imageApproved is false | isCurated is false | swipeEligible is false | Brand looks placeholder/internal and should be verified"
FTGkeqyCByUkUSLRs1GP,Minimal Runner Rug,Amazon,SwipeShop Studio,storage,,59.99,https://www.amazon.ca/s?k=Minimal%20Runner%20Rug%20SwipeShop%20Studio%20Rugs,https://picsum.photos/seed/rugs_03/600/600,true,true,www.amazon.ca,true,false,false,false,,true,true,true,picsum.photos,false,false,false,true,false,true,true,review,"Missing ASIN for Amazon product | Missing Amazon affiliate tag | Amazon affiliate tag missing, placeholder, or not equal to configured production tag | imageUrl domain does not match merchant domain | imageApproved is false | isCurated is false | swipeEligible is false | Brand looks placeholder/internal and should be verified"
tRdGcHO8Tagk1KretSrq,Minimal Runner Rug,Amazon,SwipeShop Studio,storage,,59.99,https://www.amazon.ca/s?k=Minimal%20Runner%20Rug%20SwipeShop%20Studio%20Rugs,https://picsum.photos/seed/rugs_03/600/600,true,true,www.amazon.ca,true,false,false,false,,true,true,true,picsum.photos,false,false,false,true,false,true,true,review,"Missing ASIN for Amazon product | Missing Amazon affiliate tag | Amazon affiliate tag missing, placeholder, or not equal to configured production tag | imageUrl domain does not match merchant domain | imageApproved is false | isCurated is false | swipeEligible is false | Brand looks placeholder/internal and should be verified"
6nX61zTS0T5yAB2FK5IJ,Minimal Serving Tray,Amazon,SwipeShop Studio,storage,,28.99,https://www.amazon.ca/s?k=Minimal%20Serving%20Tray%20SwipeShop%20Studio%20kitchen_decor,https://picsum.photos/seed/kitchen_decor_114/600/600,true,true,www.amazon.ca,true,false,false,false,,true,true,true,picsum.photos,false,false,false,true,false,true,true,review,"Missing ASIN for Amazon product | Missing Amazon affiliate tag | Amazon affiliate tag missing, placeholder, or not equal to configured production tag | imageUrl domain does not match merchant domain | imageApproved is false | isCurated is false | swipeEligible is false | Brand looks placeholder/internal and should be verified"
YzwTNCZfBNm9d1jH361I,Minimal Sheet Set,Amazon,SwipeShop Studio,cozy-bedroom,,81.99,https://www.amazon.ca/s?k=Minimal%20Sheet%20Set%20SwipeShop%20Studio%20bedding,https://picsum.photos/seed/bedding_165/600/600,true,true,www.amazon.ca,true,false,false,false,,true,true,true,picsum.photos,false,false,false,true,false,true,true,review,"Missing ASIN for Amazon product | Missing Amazon affiliate tag | Amazon affiliate tag missing, placeholder, or not equal to configured production tag | imageUrl domain does not match merchant domain | imageApproved is false | isCurated is false | swipeEligible is false | Brand looks placeholder/internal and should be verified"
8joz5ayFmSriprsu5mSc,Minimal Shelf Unit,Amazon,SwipeShop Studio,storage,,139.99,https://www.amazon.ca/s?k=Minimal%20Shelf%20Unit%20SwipeShop%20Studio%20Storage,https://picsum.photos/seed/storage_02/600/600,true,true,www.amazon.ca,true,false,false,false,,true,true,true,picsum.photos,false,false,false,true,false,true,true,review,"Missing ASIN for Amazon product | Missing Amazon affiliate tag | Amazon affiliate tag missing, placeholder, or not equal to configured production tag | imageUrl domain does not match merchant domain | imageApproved is false | isCurated is false | swipeEligible is false | Brand looks placeholder/internal and should be verified"
G58YHXBd57w3nNqvbsYL,Minimal Shelf Unit,Amazon,SwipeShop Studio,storage,,53.99,https://www.amazon.ca/s?k=Minimal%20Shelf%20Unit%20SwipeShop%20Studio%20storage,https://picsum.photos/seed/storage_189/600/600,true,true,www.amazon.ca,true,false,false,false,,true,true,true,picsum.photos,false,false,false,true,false,true,true,review,"Missing ASIN for Amazon product | Missing Amazon affiliate tag | Amazon affiliate tag missing, placeholder, or not equal to configured production tag | imageUrl domain does not match merchant domain | imageApproved is false | isCurated is false | swipeEligible is false | Brand looks placeholder/internal and should be verified"
HgGe5ua4dgui4dljcljW,Minimal Shelf Unit,Amazon,SwipeShop Studio,storage,,139.99,https://www.amazon.ca/s?k=Minimal%20Shelf%20Unit%20SwipeShop%20Studio%20Storage,https://picsum.photos/seed/storage_02/600/600,true,true,www.amazon.ca,true,false,false,false,,true,true,true,picsum.photos,false,false,false,true,false,true,true,review,"Missing ASIN for Amazon product | Missing Amazon affiliate tag | Amazon affiliate tag missing, placeholder, or not equal to configured production tag | imageUrl domain does not match merchant domain | imageApproved is false | isCurated is false | swipeEligible is false | Brand looks placeholder/internal and should be verified"
3CI067BHtUQfr5Gl8nX9,Minimal Side Table,Amazon,SwipeShop Studio,storage,B0DDPY7Y8D,153.99,https://www.amazon.ca/dp/B0DDPY7Y8D/ref=nosim?tag=YOURREALTAG-20,https://picsum.photos/seed/tables_79/600/600,true,true,www.amazon.ca,true,true,true,true,YOURREALTAG-20,true,true,true,picsum.photos,false,false,false,true,false,true,true,review,"Amazon affiliate tag missing, placeholder, or not equal to configured production tag | imageUrl domain does not match merchant domain | imageApproved is false | isCurated is false | swipeEligible is false | Brand looks placeholder/internal and should be verified"
BXFtGgQbDjzmuBP6hh9P,Minimal Stool,Amazon,SwipeShop Studio,storage,,167.99,https://www.amazon.ca/s?k=Minimal%20Stool%20SwipeShop%20Studio%20seating,https://picsum.photos/seed/seating_127/600/600,true,true,www.amazon.ca,true,false,false,false,,true,true,true,picsum.photos,false,false,false,true,false,true,true,review,"Missing ASIN for Amazon product | Missing Amazon affiliate tag | Amazon affiliate tag missing, placeholder, or not equal to configured production tag | imageUrl domain does not match merchant domain | imageApproved is false | isCurated is false | swipeEligible is false | Brand looks placeholder/internal and should be verified"
Ep6lF3ZOzzDNqS1MhE9F,Minimal Stool,Amazon,SwipeShop Studio,storage,,155.99,https://www.amazon.ca/s?k=Minimal%20Stool%20SwipeShop%20Studio%20seating,https://picsum.photos/seed/seating_83/600/600,true,true,www.amazon.ca,true,false,false,false,,true,true,true,picsum.photos,false,false,false,true,false,true,true,review,"Missing ASIN for Amazon product | Missing Amazon affiliate tag | Amazon affiliate tag missing, placeholder, or not equal to configured production tag | imageUrl domain does not match merchant domain | imageApproved is false | isCurated is false | swipeEligible is false | Brand looks placeholder/internal and should be verified"
mK2XYsW8heUc0R00ZeMB,Minimal Stool,Amazon,SwipeShop Studio,storage,,161.99,https://www.amazon.ca/s?k=Minimal%20Stool%20SwipeShop%20Studio%20seating,https://picsum.photos/seed/seating_25/600/600,true,true,www.amazon.ca,true,false,false,false,,true,true,true,picsum.photos,false,false,false,true,false,true,true,review,"Missing ASIN for Amazon product | Missing Amazon affiliate tag | Amazon affiliate tag missing, placeholder, or not equal to configured production tag | imageUrl domain does not match merchant domain | imageApproved is false | isCurated is false | swipeEligible is false | Brand looks placeholder/internal and should be verified"
YwqJSZC0iyA1sVKSngLP,Minimal Stool,Amazon,SwipeShop Studio,storage,,170.99,https://www.amazon.ca/s?k=Minimal%20Stool%20SwipeShop%20Studio%20seating,https://picsum.photos/seed/seating_118/600/600,true,true,www.amazon.ca,true,false,false,false,,true,true,true,picsum.photos,false,false,false,true,false,true,true,review,"Missing ASIN for Amazon product | Missing Amazon affiliate tag | Amazon affiliate tag missing, placeholder, or not equal to configured production tag | imageUrl domain does not match merchant domain | imageApproved is false | isCurated is false | swipeEligible is false | Brand looks placeholder/internal and should be verified"
3i91qW7P7YyclDNkMvez,Minimal Storage Basket,Amazon,SwipeShop Studio,storage,,41.99,https://www.amazon.ca/s?k=Minimal%20Storage%20Basket%20SwipeShop%20Studio%20storage,https://picsum.photos/seed/storage_125/600/600,true,true,www.amazon.ca,true,false,false,false,,true,true,true,picsum.photos,false,false,false,true,false,true,true,review,"Missing ASIN for Amazon product | Missing Amazon affiliate tag | Amazon affiliate tag missing, placeholder, or not equal to configured production tag | imageUrl domain does not match merchant domain | imageApproved is false | isCurated is false | swipeEligible is false | Brand looks placeholder/internal and should be verified"
B4JpjRxtZjLL27uuAPDA,Minimal Storage Basket,Amazon,SwipeShop Studio,storage,,32.99,https://www.amazon.ca/s?k=Minimal%20Storage%20Basket%20SwipeShop%20Studio%20storage,https://picsum.photos/seed/storage_172/600/600,true,true,www.amazon.ca,true,false,false,false,,true,true,true,picsum.photos,false,false,false,true,false,true,true,review,"Missing ASIN for Amazon product | Missing Amazon affiliate tag | Amazon affiliate tag missing, placeholder, or not equal to configured production tag | imageUrl domain does not match merchant domain | imageApproved is false | isCurated is false | swipeEligible is false | Brand looks placeholder/internal and should be verified"
wYxbKI42AbHzZIdTSIfh,Minimal Storage Basket,Amazon,SwipeShop Studio,storage,,29.99,https://www.amazon.ca/s?k=Minimal%20Storage%20Basket%20SwipeShop%20Studio%20storage,https://picsum.photos/seed/storage_21/600/600,true,true,www.amazon.ca,true,false,false,false,,true,true,true,picsum.photos,false,false,false,true,false,true,true,review,"Missing ASIN for Amazon product | Missing Amazon affiliate tag | Amazon affiliate tag missing, placeholder, or not equal to configured production tag | imageUrl domain does not match merchant domain | imageApproved is false | isCurated is false | swipeEligible is false | Brand looks placeholder/internal and should be verified"
dE2oETI1TWhenrj8nSqF,Minimal Table Lamp,Amazon,SwipeShop Studio,lighting,,52.99,https://www.amazon.ca/s?k=Minimal%20Table%20Lamp%20SwipeShop%20Studio%20lighting,https://picsum.photos/seed/lighting_42/600/600,true,true,www.amazon.ca,true,false,false,false,,true,true,true,picsum.photos,false,false,false,true,false,true,true,review,"Missing ASIN for Amazon product | Missing Amazon affiliate tag | Amazon affiliate tag missing, placeholder, or not equal to configured production tag | imageUrl domain does not match merchant domain | imageApproved is false | isCurated is false | swipeEligible is false | Brand looks placeholder/internal and should be verified"
F08hJ9GAZtSmqfzwJj6R,Minimal Vanity Mirror,Amazon,SwipeShop Studio,mirrors,,65.99,https://www.amazon.ca/s?k=Minimal%20Vanity%20Mirror%20SwipeShop%20Studio%20mirrors,https://picsum.photos/seed/mirrors_113/600/600,true,true,www.amazon.ca,true,false,false,false,,true,true,true,picsum.photos,false,false,false,true,false,true,true,review,"Missing ASIN for Amazon product | Missing Amazon affiliate tag | Amazon affiliate tag missing, placeholder, or not equal to configured production tag | imageUrl domain does not match merchant domain | imageApproved is false | isCurated is false | swipeEligible is false | Brand looks placeholder/internal and should be verified"
kqxsKI3sdZTbMxF85lFB,Minimal Vanity Mirror,Amazon,SwipeShop Studio,mirrors,,86.99,https://www.amazon.ca/s?k=Minimal%20Vanity%20Mirror%20SwipeShop%20Studio%20mirrors,https://picsum.photos/seed/mirrors_200/600/600,true,true,www.amazon.ca,true,false,false,false,,true,true,true,picsum.photos,false,false,false,true,false,true,true,review,"Missing ASIN for Amazon product | Missing Amazon affiliate tag | Amazon affiliate tag missing, placeholder, or not equal to configured production tag | imageUrl domain does not match merchant domain | imageApproved is false | isCurated is false | swipeEligible is false | Brand looks placeholder/internal and should be verified"
tCCyfzcrnCNB8B6XHrix,Minimal Vanity Mirror,Amazon,SwipeShop Studio,mirrors,,71.99,https://www.amazon.ca/s?k=Minimal%20Vanity%20Mirror%20SwipeShop%20Studio%20mirrors,https://picsum.photos/seed/mirrors_65/600/600,true,true,www.amazon.ca,true,false,false,false,,true,true,true,picsum.photos,false,false,false,true,false,true,true,review,"Missing ASIN for Amazon product | Missing Amazon affiliate tag | Amazon affiliate tag missing, placeholder, or not equal to configured production tag | imageUrl domain does not match merchant domain | imageApproved is false | isCurated is false | swipeEligible is false | Brand looks placeholder/internal and should be verified"
oonOKl2FYHBjlZO9rjP5,Minimal Wall Mirror,Amazon,SwipeShop Studio,mirrors,,86.99,https://www.amazon.ca/s?k=Minimal%20Wall%20Mirror%20SwipeShop%20Studio%20mirrors,https://picsum.photos/seed/mirrors_90/600/600,true,true,www.amazon.ca,true,false,false,false,,true,true,true,picsum.photos,false,false,false,true,false,true,true,review,"Missing ASIN for Amazon product | Missing Amazon affiliate tag | Amazon affiliate tag missing, placeholder, or not equal to configured production tag | imageUrl domain does not match merchant domain | imageApproved is false | isCurated is false | swipeEligible is false | Brand looks placeholder/internal and should be verified"
AhWQByDizdet2QOvKlse,Minimal Wall Poster,Amazon,SwipeShop Studio,wall-decor,,60.99,https://www.amazon.ca/s?k=Minimal%20Wall%20Poster%20SwipeShop%20Studio%20wall_art,https://picsum.photos/seed/wall_art_148/600/600,true,true,www.amazon.ca,true,false,false,false,,true,true,true,picsum.photos,false,false,false,true,false,true,true,review,"Missing ASIN for Amazon product | Missing Amazon affiliate tag | Amazon affiliate tag missing, placeholder, or not equal to configured production tag | imageUrl domain does not match merchant domain | imageApproved is false | isCurated is false | swipeEligible is false | Brand looks placeholder/internal and should be verified"
uG8qhh6L11Uoouw8rFiU,Minimal Wall Poster,Amazon,SwipeShop Studio,wall-decor,,45.99,https://www.amazon.ca/s?k=Minimal%20Wall%20Poster%20SwipeShop%20Studio%20wall_art,https://picsum.photos/seed/wall_art_123/600/600,true,true,www.amazon.ca,true,false,false,false,,true,true,true,picsum.photos,false,false,false,true,false,true,true,review,"Missing ASIN for Amazon product | Missing Amazon affiliate tag | Amazon affiliate tag missing, placeholder, or not equal to configured production tag | imageUrl domain does not match merchant domain | imageApproved is false | isCurated is false | swipeEligible is false | Brand looks placeholder/internal and should be verified"
wItmhgyblvmUxreQYvx5,Minimal Wall Poster,Amazon,SwipeShop Studio,wall-decor,,54.99,https://www.amazon.ca/s?k=Minimal%20Wall%20Poster%20SwipeShop%20Studio%20wall_art,https://picsum.photos/seed/wall_art_66/600/600,true,true,www.amazon.ca,true,false,false,false,,true,true,true,picsum.photos,false,false,false,true,false,true,true,review,"Missing ASIN for Amazon product | Missing Amazon affiliate tag | Amazon affiliate tag missing, placeholder, or not equal to configured production tag | imageUrl domain does not match merchant domain | imageApproved is false | isCurated is false | swipeEligible is false | Brand looks placeholder/internal and should be verified"
XgpUDXkN57NeAb4WKd0g,Minimal Wall Poster,Amazon,SwipeShop Studio,wall-decor,,48.99,https://www.amazon.ca/s?k=Minimal%20Wall%20Poster%20SwipeShop%20Studio%20wall_art,https://picsum.photos/seed/wall_art_64/600/600,true,true,www.amazon.ca,true,false,false,false,,true,true,true,picsum.photos,false,false,false,true,false,true,true,review,"Missing ASIN for Amazon product | Missing Amazon affiliate tag | Amazon affiliate tag missing, placeholder, or not equal to configured production tag | imageUrl domain does not match merchant domain | imageApproved is false | isCurated is false | swipeEligible is false | Brand looks placeholder/internal and should be verified"
0ViJxN1ldrp1NcAYhXSL,Minimal Wool Rug,Amazon,SwipeShop Studio,storage,B0FH2XQMK9,59.99,https://www.amazon.ca/dp/B0FH2XQMK9/ref=nosim?tag=YOURREALTAG-20,https://i5.walmartimages.com/asr/570a7a8b-1d53-4d29-a04a-d7927c461eb8.ed1ba53ffd03e2272b550086af21c8a7.jpeg,true,true,www.amazon.ca,true,true,true,true,YOURREALTAG-20,true,true,true,i5.walmartimages.com,false,false,false,true,true,true,true,review,"Amazon affiliate tag missing, placeholder, or not equal to configured production tag | imageUrl domain does not match merchant domain | imageApproved is false | isCurated is false | Brand looks placeholder/internal and should be verified"
VhFIYKqZ8u1QxJdVadZc,Minimal Wool Rug,Amazon,SwipeShop Studio,storage,,100.99,https://www.amazon.ca/s?k=Minimal%20Wool%20Rug%20SwipeShop%20Studio%20rugs,https://picsum.photos/seed/rugs_88/600/600,true,true,www.amazon.ca,true,false,false,false,,true,true,true,picsum.photos,false,false,false,true,false,true,true,review,"Missing ASIN for Amazon product | Missing Amazon affiliate tag | Amazon affiliate tag missing, placeholder, or not equal to configured production tag | imageUrl domain does not match merchant domain | imageApproved is false | isCurated is false | swipeEligible is false | Brand looks placeholder/internal and should be verified"
winh6yFGspDNq52cSlmv,Minimal Wool Rug,Amazon,SwipeShop Studio,storage,,79.99,https://www.amazon.ca/s?k=Minimal%20Wool%20Rug%20SwipeShop%20Studio%20rugs,https://picsum.photos/seed/rugs_31/600/600,true,true,www.amazon.ca,true,false,false,false,,true,true,true,picsum.photos,false,false,false,true,false,true,true,review,"Missing ASIN for Amazon product | Missing Amazon affiliate tag | Amazon affiliate tag missing, placeholder, or not equal to configured production tag | imageUrl domain does not match merchant domain | imageApproved is false | isCurated is false | swipeEligible is false | Brand looks placeholder/internal and should be verified"
wu8SClbTAHqifTuFJwPl,Minimal Wool Rug,Amazon,SwipeShop Studio,storage,,91.99,https://www.amazon.ca/s?k=Minimal%20Wool%20Rug%20SwipeShop%20Studio%20rugs,https://picsum.photos/seed/rugs_145/600/600,true,true,www.amazon.ca,true,false,false,false,,true,true,true,picsum.photos,false,false,false,true,false,true,true,review,"Missing ASIN for Amazon product | Missing Amazon affiliate tag | Amazon affiliate tag missing, placeholder, or not equal to configured production tag | imageUrl domain does not match merchant domain | imageApproved is false | isCurated is false | swipeEligible is false | Brand looks placeholder/internal and should be verified"
YaMxxCu3DU7nuwsb5CVB,Minimal Wool Rug,Amazon,SwipeShop Studio,storage,,100.99,https://www.amazon.ca/s?k=Minimal%20Wool%20Rug%20SwipeShop%20Studio%20rugs,https://picsum.photos/seed/rugs_188/600/600,true,true,www.amazon.ca,true,false,false,false,,true,true,true,picsum.photos,false,false,false,true,false,true,true,review,"Missing ASIN for Amazon product | Missing Amazon affiliate tag | Amazon affiliate tag missing, placeholder, or not equal to configured production tag | imageUrl domain does not match merchant domain | imageApproved is false | isCurated is false | swipeEligible is false | Brand looks placeholder/internal and should be verified"
e92apQTJxx6KcFPBAHoR,Modern Accent Chair,Amazon,SwipeShop Studio,storage,,164.99,https://www.amazon.ca/s?k=Modern%20Accent%20Chair%20SwipeShop%20Studio%20seating,https://picsum.photos/seed/seating_156/600/600,true,true,www.amazon.ca,true,false,false,false,,true,true,true,picsum.photos,false,false,false,true,false,true,true,review,"Missing ASIN for Amazon product | Missing Amazon affiliate tag | Amazon affiliate tag missing, placeholder, or not equal to configured production tag | imageUrl domain does not match merchant domain | imageApproved is false | isCurated is false | swipeEligible is false | Brand looks placeholder/internal and should be verified"
EVMtl4FSsITPTsDKxk47,Modern Accent Chair,Amazon,SwipeShop Studio,storage,,176.99,https://www.amazon.ca/s?k=Modern%20Accent%20Chair%20SwipeShop%20Studio%20seating,https://picsum.photos/seed/seating_150/600/600,true,true,www.amazon.ca,true,false,false,false,,true,true,true,picsum.photos,false,false,false,true,false,true,true,review,"Missing ASIN for Amazon product | Missing Amazon affiliate tag | Amazon affiliate tag missing, placeholder, or not equal to configured production tag | imageUrl domain does not match merchant domain | imageApproved is false | isCurated is false | swipeEligible is false | Brand looks placeholder/internal and should be verified"
2rt88QgqOQfvU8FfH5tr,Modern Area Rug,Amazon,SwipeShop Studio,storage,B0F3Y4NLSL,94.99,https://www.amazon.ca/dp/B0F3Y4NLSL/ref=nosim?tag=YOURREALTAG-20,https://picsum.photos/seed/rugs_66/600/600,true,true,www.amazon.ca,true,true,true,true,YOURREALTAG-20,true,true,true,picsum.photos,false,false,false,true,false,true,true,review,"Amazon affiliate tag missing, placeholder, or not equal to configured production tag | imageUrl domain does not match merchant domain | imageApproved is false | isCurated is false | swipeEligible is false | Brand looks placeholder/internal and should be verified"
3IvvkM1cjwWKvWe2xqWz,Modern Area Rug,Amazon,SwipeShop Studio,storage,B0DFQBDTH1,106.99,https://www.amazon.ca/dp/B0DFQBDTH1/ref=nosim?tag=YOURREALTAG-20,https://picsum.photos/seed/rugs_100/600/600,true,true,www.amazon.ca,true,true,true,true,YOURREALTAG-20,true,true,true,picsum.photos,false,false,false,true,false,true,true,review,"Amazon affiliate tag missing, placeholder, or not equal to configured production tag | imageUrl domain does not match merchant domain | imageApproved is false | isCurated is false | swipeEligible is false | Brand looks placeholder/internal and should be verified"
3kJktPZUIZ9zxjLfwYqP,Modern Area Rug,Amazon,SwipeShop Studio,storage,,85.99,https://www.amazon.ca/s?k=Modern%20Area%20Rug%20SwipeShop%20Studio%20rugs,https://picsum.photos/seed/rugs_183/600/600,true,true,www.amazon.ca,true,false,false,false,,true,true,true,picsum.photos,false,false,false,true,false,true,true,review,"Missing ASIN for Amazon product | Missing Amazon affiliate tag | Amazon affiliate tag missing, placeholder, or not equal to configured production tag | imageUrl domain does not match merchant domain | imageApproved is false | isCurated is false | swipeEligible is false | Brand looks placeholder/internal and should be verified"
6wtOmNX5qQ4rXcfrKhba,Modern Area Rug,Amazon,SwipeShop Studio,storage,,97.99,https://www.amazon.ca/s?k=Modern%20Area%20Rug%20SwipeShop%20Studio%20rugs,https://picsum.photos/seed/rugs_77/600/600,true,true,www.amazon.ca,true,false,false,false,,true,true,true,picsum.photos,false,false,false,true,false,true,true,review,"Missing ASIN for Amazon product | Missing Amazon affiliate tag | Amazon affiliate tag missing, placeholder, or not equal to configured production tag | imageUrl domain does not match merchant domain | imageApproved is false | isCurated is false | swipeEligible is false | Brand looks placeholder/internal and should be verified"
QGckn4u82CqKcQNJq2qh,Modern Area Rug,Amazon,SwipeShop Studio,storage,,82.99,https://www.amazon.ca/s?k=Modern%20Area%20Rug%20SwipeShop%20Studio%20rugs,https://picsum.photos/seed/rugs_52/600/600,true,true,www.amazon.ca,true,false,false,false,,true,true,true,picsum.photos,false,false,false,true,false,true,true,review,"Missing ASIN for Amazon product | Missing Amazon affiliate tag | Amazon affiliate tag missing, placeholder, or not equal to configured production tag | imageUrl domain does not match merchant domain | imageApproved is false | isCurated is false | swipeEligible is false | Brand looks placeholder/internal and should be verified"
sP3kiqrG2HmbbCtAaRZl,Modern Area Rug,Amazon,SwipeShop Studio,storage,,79.99,https://www.amazon.ca/s?k=Modern%20Area%20Rug%20SwipeShop%20Studio%20rugs,https://picsum.photos/seed/rugs_21/600/600,true,true,www.amazon.ca,true,false,false,false,,true,true,true,picsum.photos,false,false,false,true,false,true,true,review,"Missing ASIN for Amazon product | Missing Amazon affiliate tag | Amazon affiliate tag missing, placeholder, or not equal to configured production tag | imageUrl domain does not match merchant domain | imageApproved is false | isCurated is false | swipeEligible is false | Brand looks placeholder/internal and should be verified"
bEHvLMnTh6jJz5nHgSmx,Modern Bench,Amazon,SwipeShop Studio,storage,,152.99,https://www.amazon.ca/s?k=Modern%20Bench%20SwipeShop%20Studio%20seating,https://picsum.photos/seed/seating_112/600/600,true,true,www.amazon.ca,true,false,false,false,,true,true,true,picsum.photos,false,false,false,true,false,true,true,review,"Missing ASIN for Amazon product | Missing Amazon affiliate tag | Amazon affiliate tag missing, placeholder, or not equal to configured production tag | imageUrl domain does not match merchant domain | imageApproved is false | isCurated is false | swipeEligible is false | Brand looks placeholder/internal and should be verified"
vzDzTS7KLREZL4Mb9fro,Modern Canvas Art,Amazon,SwipeShop Studio,wall-decor,,60.99,https://www.amazon.ca/s?k=Modern%20Canvas%20Art%20SwipeShop%20Studio%20wall_art,https://picsum.photos/seed/wall_art_198/600/600,true,true,www.amazon.ca,true,false,false,false,,true,true,true,picsum.photos,false,false,false,true,false,true,true,review,"Missing ASIN for Amazon product | Missing Amazon affiliate tag | Amazon affiliate tag missing, placeholder, or not equal to configured production tag | imageUrl domain does not match merchant domain | imageApproved is false | isCurated is false | swipeEligible is false | Brand looks placeholder/internal and should be verified"
71zPtMZHKYe8jb2WhUK2,Modern Ceramic Set,Amazon,SwipeShop Studio,storage,,34.99,https://www.amazon.ca/s?k=Modern%20Ceramic%20Set%20SwipeShop%20Studio%20kitchen_decor,https://picsum.photos/seed/kitchen_decor_136/600/600,true,true,www.amazon.ca,true,false,false,false,,true,true,true,picsum.photos,false,false,false,true,false,true,true,review,"Missing ASIN for Amazon product | Missing Amazon affiliate tag | Amazon affiliate tag missing, placeholder, or not equal to configured production tag | imageUrl domain does not match merchant domain | imageApproved is false | isCurated is false | swipeEligible is false | Brand looks placeholder/internal and should be verified"
Dy2pHWRdHm8NqrnNyMOS,Modern Ceramic Set,Amazon,SwipeShop Studio,storage,,31.99,https://www.amazon.ca/s?k=Modern%20Ceramic%20Set%20SwipeShop%20Studio%20kitchen_decor,https://picsum.photos/seed/kitchen_decor_95/600/600,true,true,www.amazon.ca,true,false,false,false,,true,true,true,picsum.photos,false,false,false,true,false,true,true,review,"Missing ASIN for Amazon product | Missing Amazon affiliate tag | Amazon affiliate tag missing, placeholder, or not equal to configured production tag | imageUrl domain does not match merchant domain | imageApproved is false | isCurated is false | swipeEligible is false | Brand looks placeholder/internal and should be verified"
fAg3kZD0krl9DWXkbOJ1,Modern Ceramic Set,Amazon,SwipeShop Studio,storage,,25.99,https://www.amazon.ca/s?k=Modern%20Ceramic%20Set%20SwipeShop%20Studio%20kitchen_decor,https://picsum.photos/seed/kitchen_decor_73/600/600,true,true,www.amazon.ca,true,false,false,false,,true,true,true,picsum.photos,false,false,false,true,false,true,true,review,"Missing ASIN for Amazon product | Missing Amazon affiliate tag | Amazon affiliate tag missing, placeholder, or not equal to configured production tag | imageUrl domain does not match merchant domain | imageApproved is false | isCurated is false | swipeEligible is false | Brand looks placeholder/internal and should be verified"
D8bmaalqScM8Z2b69302,Modern Coffee Table,Amazon,SwipeShop Studio,storage,,147.99,https://www.amazon.ca/s?k=Modern%20Coffee%20Table%20SwipeShop%20Studio%20tables,https://picsum.photos/seed/tables_157/600/600,true,true,www.amazon.ca,true,false,false,false,,true,true,true,picsum.photos,false,false,false,true,false,true,true,review,"Missing ASIN for Amazon product | Missing Amazon affiliate tag | Amazon affiliate tag missing, placeholder, or not equal to configured production tag | imageUrl domain does not match merchant domain | imageApproved is false | isCurated is false | swipeEligible is false | Brand looks placeholder/internal and should be verified"
wrwXppMDRyvYNKUGF3Dc,Modern Coffee Table,Amazon,SwipeShop Studio,storage,,150.99,https://www.amazon.ca/s?k=Modern%20Coffee%20Table%20SwipeShop%20Studio%20tables,https://picsum.photos/seed/tables_18/600/600,true,true,www.amazon.ca,true,false,false,false,,true,true,true,picsum.photos,false,false,false,true,false,true,true,review,"Missing ASIN for Amazon product | Missing Amazon affiliate tag | Amazon affiliate tag missing, placeholder, or not equal to configured production tag | imageUrl domain does not match merchant domain | imageApproved is false | isCurated is false | swipeEligible is false | Brand looks placeholder/internal and should be verified"
tM5RRa4HzRppbVEjtIxy,Modern Console Table,Amazon,SwipeShop Studio,storage,,135.99,https://www.amazon.ca/s?k=Modern%20Console%20Table%20SwipeShop%20Studio%20tables,https://picsum.photos/seed/tables_53/600/600,true,true,www.amazon.ca,true,false,false,false,,true,true,true,picsum.photos,false,false,false,true,false,true,true,review,"Missing ASIN for Amazon product | Missing Amazon affiliate tag | Amazon affiliate tag missing, placeholder, or not equal to configured production tag | imageUrl domain does not match merchant domain | imageApproved is false | isCurated is false | swipeEligible is false | Brand looks placeholder/internal and should be verified"
YvE475fCziRiv9Whxc85,Modern Console Table,Amazon,SwipeShop Studio,storage,,153.99,https://www.amazon.ca/s?k=Modern%20Console%20Table%20SwipeShop%20Studio%20tables,https://picsum.photos/seed/tables_139/600/600,true,true,www.amazon.ca,true,false,false,false,,true,true,true,picsum.photos,false,false,false,true,false,true,true,review,"Missing ASIN for Amazon product | Missing Amazon affiliate tag | Amazon affiliate tag missing, placeholder, or not equal to configured production tag | imageUrl domain does not match merchant domain | imageApproved is false | isCurated is false | swipeEligible is false | Brand looks placeholder/internal and should be verified"
0xXjOhR9WVTIUuwGxESD,Modern Dining Chair,Amazon,SwipeShop Studio,storage,B0DJR71CRZ,145.99,https://www.amazon.ca/dp/B0DJR71CRZ/ref=nosim?tag=YOURREALTAG-20,https://img-us.aosomcdn.com/thumbnail/100/n0/product/2022/10/31/2N790f1842c7c632d.jpg,true,true,www.amazon.ca,true,true,true,true,YOURREALTAG-20,true,true,true,img-us.aosomcdn.com,false,false,false,true,false,true,true,review,"Amazon affiliate tag missing, placeholder, or not equal to configured production tag | imageUrl domain does not match merchant domain | imageApproved is false | isCurated is false | swipeEligible is false | Brand looks placeholder/internal and should be verified"
1KsituU0cCR7EWQIsekR,Modern Dining Chair,Amazon,SwipeShop Studio,storage,B0FQ5BB15D,199.99,https://www.amazon.ca/dp/B0FQ5BB15D/ref=nosim?tag=YOURREALTAG-20,https://images.thdstatic.com/productImages/ad8854dd-f98b-488b-b79b-6d4a2bef8138/svn/brown-wonder-comfort-dining-chairs-tn-2dc5081-pl-64_600.jpg,true,true,www.amazon.ca,true,true,true,true,YOURREALTAG-20,true,true,true,images.thdstatic.com,false,false,false,true,false,true,true,review,"Amazon affiliate tag missing, placeholder, or not equal to configured production tag | imageUrl domain does not match merchant domain | imageApproved is false | isCurated is false | swipeEligible is false | Brand looks placeholder/internal and should be verified"
HnoAE1mhxHE2uNmm4xIM,Modern Duvet Set,Amazon,SwipeShop Studio,cozy-bedroom,,81.99,https://www.amazon.ca/s?k=Modern%20Duvet%20Set%20SwipeShop%20Studio%20bedding,https://picsum.photos/seed/bedding_185/600/600,true,true,www.amazon.ca,true,false,false,false,,true,true,true,picsum.photos,false,false,false,true,false,true,true,review,"Missing ASIN for Amazon product | Missing Amazon affiliate tag | Amazon affiliate tag missing, placeholder, or not equal to configured production tag | imageUrl domain does not match merchant domain | imageApproved is false | isCurated is false | swipeEligible is false | Brand looks placeholder/internal and should be verified"
96Tk11l4wOaeSCYOpbtY,Modern Floor Lamp,Amazon,SwipeShop Studio,lighting,,55.99,https://www.amazon.ca/s?k=Modern%20Floor%20Lamp%20SwipeShop%20Studio%20lighting,https://picsum.photos/seed/lighting_23/600/600,true,true,www.amazon.ca,true,false,false,false,,true,true,true,picsum.photos,false,false,false,true,false,true,true,review,"Missing ASIN for Amazon product | Missing Amazon affiliate tag | Amazon affiliate tag missing, placeholder, or not equal to configured production tag | imageUrl domain does not match merchant domain | imageApproved is false | isCurated is false | swipeEligible is false | Brand looks placeholder/internal and should be verified"
H8xdUfqETJS2MIRlO47s,Modern Floor Lamp,Amazon,SwipeShop Studio,lighting,,76.99,https://www.amazon.ca/s?k=Modern%20Floor%20Lamp%20SwipeShop%20Studio%20lighting,https://picsum.photos/seed/lighting_140/600/600,true,true,www.amazon.ca,true,false,false,false,,true,true,true,picsum.photos,false,false,false,true,false,true,true,review,"Missing ASIN for Amazon product | Missing Amazon affiliate tag | Amazon affiliate tag missing, placeholder, or not equal to configured production tag | imageUrl domain does not match merchant domain | imageApproved is false | isCurated is false | swipeEligible is false | Brand looks placeholder/internal and should be verified"
jNGlFh5uBpPh86Q3etwe,Modern Framed Print,Amazon,SwipeShop Studio,wall-decor,,60.99,https://www.amazon.ca/s?k=Modern%20Framed%20Print%20SwipeShop%20Studio%20wall_art,https://picsum.photos/seed/wall_art_158/600/600,true,true,www.amazon.ca,true,false,false,false,,true,true,true,picsum.photos,false,false,false,true,false,true,true,review,"Missing ASIN for Amazon product | Missing Amazon affiliate tag | Amazon affiliate tag missing, placeholder, or not equal to configured production tag | imageUrl domain does not match merchant domain | imageApproved is false | isCurated is false | swipeEligible is false | Brand looks placeholder/internal and should be verified"
QrrjTDQSRNuUVajwFG1U,Modern Framed Print,Amazon,SwipeShop Studio,wall-decor,,57.99,https://www.amazon.ca/s?k=Modern%20Framed%20Print%20SwipeShop%20Studio%20wall_art,https://picsum.photos/seed/wall_art_77/600/600,true,true,www.amazon.ca,true,false,false,false,,true,true,true,picsum.photos,false,false,false,true,false,true,true,review,"Missing ASIN for Amazon product | Missing Amazon affiliate tag | Amazon affiliate tag missing, placeholder, or not equal to configured production tag | imageUrl domain does not match merchant domain | imageApproved is false | isCurated is false | swipeEligible is false | Brand looks placeholder/internal and should be verified"
3MACvF4c8REBDFb1aYjw,Modern Indoor Plant,Amazon,SwipeShop Studio,plants,B0CBYLJSGG,30.99,https://www.amazon.ca/dp/B0CBYLJSGG/ref=nosim?tag=YOURREALTAG-20,https://picsum.photos/seed/plants_173/600/600,true,true,www.amazon.ca,true,true,true,true,YOURREALTAG-20,true,true,true,picsum.photos,false,false,false,true,false,true,true,review,"Amazon affiliate tag missing, placeholder, or not equal to configured production tag | imageUrl domain does not match merchant domain | imageApproved is false | isCurated is false | swipeEligible is false | Brand looks placeholder/internal and should be verified"
4Zv6M1Jic8q4Luh3ldHM,Modern Indoor Plant,Amazon,SwipeShop Studio,plants,,42.99,https://www.amazon.ca/s?k=Modern%20Indoor%20Plant%20SwipeShop%20Studio%20plants,https://picsum.photos/seed/plants_37/600/600,true,true,www.amazon.ca,true,false,false,false,,true,true,true,picsum.photos,false,false,false,true,false,true,true,review,"Missing ASIN for Amazon product | Missing Amazon affiliate tag | Amazon affiliate tag missing, placeholder, or not equal to configured production tag | imageUrl domain does not match merchant domain | imageApproved is false | isCurated is false | swipeEligible is false | Brand looks placeholder/internal and should be verified"
JZEy8zMjymcyp4KsLqSL,Modern Indoor Plant,Amazon,SwipeShop Studio,plants,,30.99,https://www.amazon.ca/s?k=Modern%20Indoor%20Plant%20SwipeShop%20Studio%20plants,https://picsum.photos/seed/plants_13/600/600,true,true,www.amazon.ca,true,false,false,false,,true,true,true,picsum.photos,false,false,false,true,false,true,true,review,"Missing ASIN for Amazon product | Missing Amazon affiliate tag | Amazon affiliate tag missing, placeholder, or not equal to configured production tag | imageUrl domain does not match merchant domain | imageApproved is false | isCurated is false | swipeEligible is false | Brand looks placeholder/internal and should be verified"
Le2LUoUJnS2a777bySjE,Modern Indoor Plant,Amazon,SwipeShop Studio,plants,,30.99,https://www.amazon.ca/s?k=Modern%20Indoor%20Plant%20SwipeShop%20Studio%20plants,https://picsum.photos/seed/plants_103/600/600,true,true,www.amazon.ca,true,false,false,false,,true,true,true,picsum.photos,false,false,false,true,false,true,true,review,"Missing ASIN for Amazon product | Missing Amazon affiliate tag | Amazon affiliate tag missing, placeholder, or not equal to configured production tag | imageUrl domain does not match merchant domain | imageApproved is false | isCurated is false | swipeEligible is false | Brand looks placeholder/internal and should be verified"
1HEqAQv87FgwaZC2i7iA,Modern Kitchen Decor,Amazon,SwipeShop Studio,lighting,B0DP2FW3GX,39.98,https://www.amazon.ca/dp/B0DP2FW3GX/ref=nosim?tag=YOURREALTAG-20,https://i5.walmartimages.com/asr/71e01bdd-7fb5-4bf2-aaca-22db1f0dcec9.92f3fcdc64c786876e86fd3cdb9b1786.jpeg,true,true,www.amazon.ca,true,true,true,true,YOURREALTAG-20,true,true,true,i5.walmartimages.com,false,false,false,true,true,true,true,review,"Amazon affiliate tag missing, placeholder, or not equal to configured production tag | imageUrl domain does not match merchant domain | imageApproved is false | isCurated is false | Brand looks placeholder/internal and should be verified"
sccjktQWpZ8nbLNm9bqT,Modern Kitchen Decor,Amazon,SwipeShop Studio,storage,,25.99,https://www.amazon.ca/s?k=Modern%20Kitchen%20Decor%20SwipeShop%20Studio%20kitchen_decor,https://picsum.photos/seed/kitchen_decor_63/600/600,true,true,www.amazon.ca,true,false,false,false,,true,true,true,picsum.photos,false,false,false,true,false,true,true,review,"Missing ASIN for Amazon product | Missing Amazon affiliate tag | Amazon affiliate tag missing, placeholder, or not equal to configured production tag | imageUrl domain does not match merchant domain | imageApproved is false | isCurated is false | swipeEligible is false | Brand looks placeholder/internal and should be verified"
Z1hQqKQppIb2GvZf0WtZ,Modern Kitchen Decor,Amazon,SwipeShop Studio,storage,,40.99,https://www.amazon.ca/s?k=Modern%20Kitchen%20Decor%20SwipeShop%20Studio%20kitchen_decor,https://picsum.photos/seed/kitchen_decor_28/600/600,true,true,www.amazon.ca,true,false,false,false,,true,true,true,picsum.photos,false,false,false,true,false,true,true,review,"Missing ASIN for Amazon product | Missing Amazon affiliate tag | Amazon affiliate tag missing, placeholder, or not equal to configured production tag | imageUrl domain does not match merchant domain | imageApproved is false | isCurated is false | swipeEligible is false | Brand looks placeholder/internal and should be verified"
eYinwcQCMN8hJ3KtmVj6,Modern Organizer,Amazon,SwipeShop Studio,storage,,47.99,https://www.amazon.ca/s?k=Modern%20Organizer%20SwipeShop%20Studio%20storage,https://picsum.photos/seed/storage_37/600/600,true,true,www.amazon.ca,true,false,false,false,,true,true,true,picsum.photos,false,false,false,true,false,true,true,review,"Missing ASIN for Amazon product | Missing Amazon affiliate tag | Amazon affiliate tag missing, placeholder, or not equal to configured production tag | imageUrl domain does not match merchant domain | imageApproved is false | isCurated is false | swipeEligible is false | Brand looks placeholder/internal and should be verified"
WQSpAGSEMNDaUZamhpwH,Modern Organizer,Amazon,SwipeShop Studio,storage,,47.99,https://www.amazon.ca/s?k=Modern%20Organizer%20SwipeShop%20Studio%20storage,https://picsum.photos/seed/storage_7/600/600,true,true,www.amazon.ca,true,false,false,false,,true,true,true,picsum.photos,false,false,false,true,false,true,true,review,"Missing ASIN for Amazon product | Missing Amazon affiliate tag | Amazon affiliate tag missing, placeholder, or not equal to configured production tag | imageUrl domain does not match merchant domain | imageApproved is false | isCurated is false | swipeEligible is false | Brand looks placeholder/internal and should be verified"
DGkxIvhZfy9HtVYWW28L,Modern Pendant Light,Amazon,SwipeShop Studio,lighting,,73.99,https://www.amazon.ca/s?k=Modern%20Pendant%20Light%20SwipeShop%20Studio%20lighting,https://picsum.photos/seed/lighting_119/600/600,true,true,www.amazon.ca,true,false,false,false,,true,true,true,picsum.photos,false,false,false,true,false,true,true,review,"Missing ASIN for Amazon product | Missing Amazon affiliate tag | Amazon affiliate tag missing, placeholder, or not equal to configured production tag | imageUrl domain does not match merchant domain | imageApproved is false | isCurated is false | swipeEligible is false | Brand looks placeholder/internal and should be verified"
lcffrHXY5bxLlWlUrMbp,Modern Pendant Light,Amazon,SwipeShop Studio,lighting,,55.99,https://www.amazon.ca/s?k=Modern%20Pendant%20Light%20SwipeShop%20Studio%20lighting,https://picsum.photos/seed/lighting_93/600/600,true,true,www.amazon.ca,true,false,false,false,,true,true,true,picsum.photos,false,false,false,true,false,true,true,review,"Missing ASIN for Amazon product | Missing Amazon affiliate tag | Amazon affiliate tag missing, placeholder, or not equal to configured production tag | imageUrl domain does not match merchant domain | imageApproved is false | isCurated is false | swipeEligible is false | Brand looks placeholder/internal and should be verified"
Px5moiGARzxBWB1x1PL1,Modern Pendant Light,Amazon,SwipeShop Studio,lighting,,58.99,https://www.amazon.ca/s?k=Modern%20Pendant%20Light%20SwipeShop%20Studio%20lighting,https://picsum.photos/seed/lighting_104/600/600,true,true,www.amazon.ca,true,false,false,false,,true,true,true,picsum.photos,false,false,false,true,false,true,true,review,"Missing ASIN for Amazon product | Missing Amazon affiliate tag | Amazon affiliate tag missing, placeholder, or not equal to configured production tag | imageUrl domain does not match merchant domain | imageApproved is false | isCurated is false | swipeEligible is false | Brand looks placeholder/internal and should be verified"
Z5bYHi3h9vXtvdLmqJHA,Modern Pendant Light,Amazon,SwipeShop Studio,lighting,,49.99,https://www.amazon.ca/s?k=Modern%20Pendant%20Light%20SwipeShop%20Studio%20lighting,https://picsum.photos/seed/lighting_71/600/600,true,true,www.amazon.ca,true,false,false,false,,true,true,true,picsum.photos,false,false,false,true,false,true,true,review,"Missing ASIN for Amazon product | Missing Amazon affiliate tag | Amazon affiliate tag missing, placeholder, or not equal to configured production tag | imageUrl domain does not match merchant domain | imageApproved is false | isCurated is false | swipeEligible is false | Brand looks placeholder/internal and should be verified"
6dH434bIm7GC2IplbR6F,Modern Pillow Set,Amazon,SwipeShop Studio,cozy-bedroom,,87.99,https://www.amazon.ca/s?k=Modern%20Pillow%20Set%20SwipeShop%20Studio%20bedding,https://picsum.photos/seed/bedding_177/600/600,true,true,www.amazon.ca,true,false,false,false,,true,true,true,picsum.photos,false,false,false,true,false,true,true,review,"Missing ASIN for Amazon product | Missing Amazon affiliate tag | Amazon affiliate tag missing, placeholder, or not equal to configured production tag | imageUrl domain does not match merchant domain | imageApproved is false | isCurated is false | swipeEligible is false | Brand looks placeholder/internal and should be verified"
pHu8wW1kQ7rcbbmhkxOh,Modern Pillow Set,Amazon,SwipeShop Studio,cozy-bedroom,,69.99,https://www.amazon.ca/s?k=Modern%20Pillow%20Set%20SwipeShop%20Studio%20bedding,https://picsum.photos/seed/bedding_151/600/600,true,true,www.amazon.ca,true,false,false,false,,true,true,true,picsum.photos,false,false,false,true,false,true,true,review,"Missing ASIN for Amazon product | Missing Amazon affiliate tag | Amazon affiliate tag missing, placeholder, or not equal to configured production tag | imageUrl domain does not match merchant domain | imageApproved is false | isCurated is false | swipeEligible is false | Brand looks placeholder/internal and should be verified"
vfL6Z2lP04YHyJkfM03T,Modern Planter,Amazon,SwipeShop Studio,plants,,42.99,https://www.amazon.ca/s?k=Modern%20Planter%20SwipeShop%20Studio%20plants,https://picsum.photos/seed/plants_137/600/600,true,true,www.amazon.ca,true,false,false,false,,true,true,true,picsum.photos,false,false,false,true,false,true,true,review,"Missing ASIN for Amazon product | Missing Amazon affiliate tag | Amazon affiliate tag missing, placeholder, or not equal to configured production tag | imageUrl domain does not match merchant domain | imageApproved is false | isCurated is false | swipeEligible is false | Brand looks placeholder/internal and should be verified"
vW6Llo5GqZzBy7AQxIhe,Modern Planter,Amazon,SwipeShop Studio,plants,,30.99,https://www.amazon.ca/s?k=Modern%20Planter%20SwipeShop%20Studio%20plants,https://picsum.photos/seed/plants_3/600/600,true,true,www.amazon.ca,true,false,false,false,,true,true,true,picsum.photos,false,false,false,true,false,true,true,review,"Missing ASIN for Amazon product | Missing Amazon affiliate tag | Amazon affiliate tag missing, placeholder, or not equal to configured production tag | imageUrl domain does not match merchant domain | imageApproved is false | isCurated is false | swipeEligible is false | Brand looks placeholder/internal and should be verified"
fCKgia0uU8LnURx0JZn7,Modern Potted Plant,Amazon,SwipeShop Studio,plants,,39.99,https://www.amazon.ca/s?k=Modern%20Potted%20Plant%20SwipeShop%20Studio%20plants,https://picsum.photos/seed/plants_86/600/600,true,true,www.amazon.ca,true,false,false,false,,true,true,true,picsum.photos,false,false,false,true,false,true,true,review,"Missing ASIN for Amazon product | Missing Amazon affiliate tag | Amazon affiliate tag missing, placeholder, or not equal to configured production tag | imageUrl domain does not match merchant domain | imageApproved is false | isCurated is false | swipeEligible is false | Brand looks placeholder/internal and should be verified"
uYgcAsx3j56LgusuiWOR,Modern Potted Plant,Amazon,SwipeShop Studio,plants,,24.99,https://www.amazon.ca/s?k=Modern%20Potted%20Plant%20SwipeShop%20Studio%20plants,https://picsum.photos/seed/plants_61/600/600,true,true,www.amazon.ca,true,false,false,false,,true,true,true,picsum.photos,false,false,false,true,false,true,true,review,"Missing ASIN for Amazon product | Missing Amazon affiliate tag | Amazon affiliate tag missing, placeholder, or not equal to configured production tag | imageUrl domain does not match merchant domain | imageApproved is false | isCurated is false | swipeEligible is false | Brand looks placeholder/internal and should be verified"
yATgVKs0uEXcmaxeTvMR,Modern Potted Plant,Amazon,SwipeShop Studio,plants,,27.99,https://www.amazon.ca/s?k=Modern%20Potted%20Plant%20SwipeShop%20Studio%20plants,https://picsum.photos/seed/plants_32/600/600,true,true,www.amazon.ca,true,false,false,false,,true,true,true,picsum.photos,false,false,false,true,false,true,true,review,"Missing ASIN for Amazon product | Missing Amazon affiliate tag | Amazon affiliate tag missing, placeholder, or not equal to configured production tag | imageUrl domain does not match merchant domain | imageApproved is false | isCurated is false | swipeEligible is false | Brand looks placeholder/internal and should be verified"
YecowXL6FuNdGwIwHEDH,Modern Potted Plant,Amazon,SwipeShop Studio,plants,,39.99,https://www.amazon.ca/s?k=Modern%20Potted%20Plant%20SwipeShop%20Studio%20plants,https://picsum.photos/seed/plants_16/600/600,true,true,www.amazon.ca,true,false,false,false,,true,true,true,picsum.photos,false,false,false,true,false,true,true,review,"Missing ASIN for Amazon product | Missing Amazon affiliate tag | Amazon affiliate tag missing, placeholder, or not equal to configured production tag | imageUrl domain does not match merchant domain | imageApproved is false | isCurated is false | swipeEligible is false | Brand looks placeholder/internal and should be verified"
19zvo8iKYKlbGqstz0wh,Modern Serving Tray,Amazon,SwipeShop Studio,storage,B0CYT1MZ2X,23.99,https://www.amazon.ca/dp/B0CYT1MZ2X/ref=nosim?tag=YOURREALTAG-20,https://i5.walmartimages.com/asr/93c81e9a-0b6d-4fb3-892e-150d6aee6bfd.1448d8591fd14fe527c58f156c86ed21.jpeg?odnHeight=328&odnWidth=328&odnBg=FFFFFF,true,true,www.amazon.ca,true,true,true,true,YOURREALTAG-20,true,true,true,i5.walmartimages.com,false,false,false,true,true,true,true,review,"Amazon affiliate tag missing, placeholder, or not equal to configured production tag | imageUrl domain does not match merchant domain | imageApproved is false | isCurated is false | Brand looks placeholder/internal and should be verified"
sVkArHgJvrnV6rCM9hj0,Modern Sheet Set,Amazon,SwipeShop Studio,cozy-bedroom,,81.99,https://www.amazon.ca/s?k=Modern%20Sheet%20Set%20SwipeShop%20Studio%20bedding,https://picsum.photos/seed/bedding_155/600/600,true,true,www.amazon.ca,true,false,false,false,,true,true,true,picsum.photos,false,false,false,true,false,true,true,review,"Missing ASIN for Amazon product | Missing Amazon affiliate tag | Amazon affiliate tag missing, placeholder, or not equal to configured production tag | imageUrl domain does not match merchant domain | imageApproved is false | isCurated is false | swipeEligible is false | Brand looks placeholder/internal and should be verified"
ATLemfWOdFmQ67A9Ultx,Modern Shelf Unit,Amazon,SwipeShop Studio,storage,,35.99,https://www.amazon.ca/s?k=Modern%20Shelf%20Unit%20SwipeShop%20Studio%20storage,https://picsum.photos/seed/storage_93/600/600,true,true,www.amazon.ca,true,false,false,false,,true,true,true,picsum.photos,false,false,false,true,false,true,true,review,"Missing ASIN for Amazon product | Missing Amazon affiliate tag | Amazon affiliate tag missing, placeholder, or not equal to configured production tag | imageUrl domain does not match merchant domain | imageApproved is false | isCurated is false | swipeEligible is false | Brand looks placeholder/internal and should be verified"
CPv0CDYkjv0mqzqm2JCr,Modern Shelf Unit,Amazon,SwipeShop Studio,storage,,29.99,https://www.amazon.ca/s?k=Modern%20Shelf%20Unit%20SwipeShop%20Studio%20storage,https://picsum.photos/seed/storage_11/600/600,true,true,www.amazon.ca,true,false,false,false,,true,true,true,picsum.photos,false,false,false,true,false,true,true,review,"Missing ASIN for Amazon product | Missing Amazon affiliate tag | Amazon affiliate tag missing, placeholder, or not equal to configured production tag | imageUrl domain does not match merchant domain | imageApproved is false | isCurated is false | swipeEligible is false | Brand looks placeholder/internal and should be verified"
oc5cA7dxEVFJRFFKRgS4,Modern Side Table,Amazon,SwipeShop Studio,storage,,156.99,https://www.amazon.ca/s?k=Modern%20Side%20Table%20SwipeShop%20Studio%20tables,https://picsum.photos/seed/tables_180/600/600,true,true,www.amazon.ca,true,false,false,false,,true,true,true,picsum.photos,false,false,false,true,false,true,true,review,"Missing ASIN for Amazon product | Missing Amazon affiliate tag | Amazon affiliate tag missing, placeholder, or not equal to configured production tag | imageUrl domain does not match merchant domain | imageApproved is false | isCurated is false | swipeEligible is false | Brand looks placeholder/internal and should be verified"
ZHQQu0drsLfdbG1wVvTx,Modern Side Table,Amazon,SwipeShop Studio,storage,,150.99,https://www.amazon.ca/s?k=Modern%20Side%20Table%20SwipeShop%20Studio%20tables,https://picsum.photos/seed/tables_28/600/600,true,true,www.amazon.ca,true,false,false,false,,true,true,true,picsum.photos,false,false,false,true,false,true,true,review,"Missing ASIN for Amazon product | Missing Amazon affiliate tag | Amazon affiliate tag missing, placeholder, or not equal to configured production tag | imageUrl domain does not match merchant domain | imageApproved is false | isCurated is false | swipeEligible is false | Brand looks placeholder/internal and should be verified"
2l2YxTiWCalduZnXhryV,Modern Stool,Amazon,SwipeShop Studio,storage,B08RYRYTLB,173.99,https://www.amazon.ca/dp/B08RYRYTLB/ref=nosim?tag=YOURREALTAG-20,https://picsum.photos/seed/seating_139/600/600,true,true,www.amazon.ca,true,true,true,true,YOURREALTAG-20,true,true,true,picsum.photos,false,false,false,true,false,true,true,review,"Amazon affiliate tag missing, placeholder, or not equal to configured production tag | imageUrl domain does not match merchant domain | imageApproved is false | isCurated is false | swipeEligible is false | Brand looks placeholder/internal and should be verified"
iAQnKjN1USV0ZZRG7Fyo,Modern Stool,Amazon,SwipeShop Studio,storage,,161.99,https://www.amazon.ca/s?k=Modern%20Stool%20SwipeShop%20Studio%20seating,https://picsum.photos/seed/seating_85/600/600,true,true,www.amazon.ca,true,false,false,false,,true,true,true,picsum.photos,false,false,false,true,false,true,true,review,"Missing ASIN for Amazon product | Missing Amazon affiliate tag | Amazon affiliate tag missing, placeholder, or not equal to configured production tag | imageUrl domain does not match merchant domain | imageApproved is false | isCurated is false | swipeEligible is false | Brand looks placeholder/internal and should be verified"
JJEfWrWLmzilbd4ySD1b,Modern Stool,Amazon,SwipeShop Studio,storage,,176.99,https://www.amazon.ca/s?k=Modern%20Stool%20SwipeShop%20Studio%20seating,https://picsum.photos/seed/seating_30/600/600,true,true,www.amazon.ca,true,false,false,false,,true,true,true,picsum.photos,false,false,false,true,false,true,true,review,"Missing ASIN for Amazon product | Missing Amazon affiliate tag | Amazon affiliate tag missing, placeholder, or not equal to configured production tag | imageUrl domain does not match merchant domain | imageApproved is false | isCurated is false | swipeEligible is false | Brand looks placeholder/internal and should be verified"
OlB5PDnxLTsXAkSxJ3sD,Modern Stool,Amazon,SwipeShop Studio,storage,,158.99,https://www.amazon.ca/s?k=Modern%20Stool%20SwipeShop%20Studio%20seating,https://picsum.photos/seed/seating_184/600/600,true,true,www.amazon.ca,true,false,false,false,,true,true,true,picsum.photos,false,false,false,true,false,true,true,review,"Missing ASIN for Amazon product | Missing Amazon affiliate tag | Amazon affiliate tag missing, placeholder, or not equal to configured production tag | imageUrl domain does not match merchant domain | imageApproved is false | isCurated is false | swipeEligible is false | Brand looks placeholder/internal and should be verified"
oZAbog7OScIwskEvwGfu,Modern Stool,Amazon,SwipeShop Studio,storage,,167.99,https://www.amazon.ca/s?k=Modern%20Stool%20SwipeShop%20Studio%20seating,https://picsum.photos/seed/seating_187/600/600,true,true,www.amazon.ca,true,false,false,false,,true,true,true,picsum.photos,false,false,false,true,false,true,true,review,"Missing ASIN for Amazon product | Missing Amazon affiliate tag | Amazon affiliate tag missing, placeholder, or not equal to configured production tag | imageUrl domain does not match merchant domain | imageApproved is false | isCurated is false | swipeEligible is false | Brand looks placeholder/internal and should be verified"
UueI1viRMI0Duzxpg3TM,Modern Stool,Amazon,SwipeShop Studio,storage,,158.99,https://www.amazon.ca/s?k=Modern%20Stool%20SwipeShop%20Studio%20seating,https://picsum.photos/seed/seating_114/600/600,true,true,www.amazon.ca,true,false,false,false,,true,true,true,picsum.photos,false,false,false,true,false,true,true,review,"Missing ASIN for Amazon product | Missing Amazon affiliate tag | Amazon affiliate tag missing, placeholder, or not equal to configured production tag | imageUrl domain does not match merchant domain | imageApproved is false | isCurated is false | swipeEligible is false | Brand looks placeholder/internal and should be verified"
rLioOfyazsay4L1Vq2hx,Modern Storage Basket,Amazon,SwipeShop Studio,storage,,32.99,https://www.amazon.ca/s?k=Modern%20Storage%20Basket%20SwipeShop%20Studio%20storage,https://picsum.photos/seed/storage_32/600/600,true,true,www.amazon.ca,true,false,false,false,,true,true,true,picsum.photos,false,false,false,true,false,true,true,review,"Missing ASIN for Amazon product | Missing Amazon affiliate tag | Amazon affiliate tag missing, placeholder, or not equal to configured production tag | imageUrl domain does not match merchant domain | imageApproved is false | isCurated is false | swipeEligible is false | Brand looks placeholder/internal and should be verified"
SzkcaSVq0rUqnzVrEDDX,Modern Storage Basket,Amazon,SwipeShop Studio,storage,,53.99,https://www.amazon.ca/s?k=Modern%20Storage%20Basket%20SwipeShop%20Studio%20storage,https://picsum.photos/seed/storage_169/600/600,true,true,www.amazon.ca,true,false,false,false,,true,true,true,picsum.photos,false,false,false,true,false,true,true,review,"Missing ASIN for Amazon product | Missing Amazon affiliate tag | Amazon affiliate tag missing, placeholder, or not equal to configured production tag | imageUrl domain does not match merchant domain | imageApproved is false | isCurated is false | swipeEligible is false | Brand looks placeholder/internal and should be verified"
E20S0DpEV5yysDPK9ILI,Modern Table Lamp,Amazon,Amazon,lighting,,49.99,https://www.amazon.ca/s?k=Modern%20Table%20Lamp%20Lightning,https://picsum.photos/seed/lamp1/600/600,true,true,www.amazon.ca,true,false,false,false,,true,true,true,picsum.photos,false,false,false,true,false,true,true,review,"Missing ASIN for Amazon product | Missing Amazon affiliate tag | Amazon affiliate tag missing, placeholder, or not equal to configured production tag | imageUrl domain does not match merchant domain | imageApproved is false | isCurated is false | swipeEligible is false | Brand looks placeholder/internal and should be verified"
J4a68d042Rba8gwIejSt,Modern Table Lamp,Amazon,SwipeShop Studio,lighting,,49.99,https://www.amazon.ca/s?k=Modern%20Table%20Lamp%20SwipeShop%20Studio%20Lighting,https://picsum.photos/seed/lighting_01/600/600,true,true,www.amazon.ca,true,false,false,false,,true,true,true,picsum.photos,false,false,false,true,false,true,true,review,"Missing ASIN for Amazon product | Missing Amazon affiliate tag | Amazon affiliate tag missing, placeholder, or not equal to configured production tag | imageUrl domain does not match merchant domain | imageApproved is false | isCurated is false | swipeEligible is false | Brand looks placeholder/internal and should be verified"
kTaKM8yAKop6kZnx2dV3,Modern Table Lamp,Amazon,SwipeShop Studio,lighting,,49.99,https://www.amazon.ca/s?k=Modern%20Table%20Lamp%20SwipeShop%20Studio%20Lighting,https://picsum.photos/seed/light_a/600/600,true,true,www.amazon.ca,true,false,false,false,,true,true,true,picsum.photos,false,false,false,true,false,true,true,review,"Missing ASIN for Amazon product | Missing Amazon affiliate tag | Amazon affiliate tag missing, placeholder, or not equal to configured production tag | imageUrl domain does not match merchant domain | imageApproved is false | isCurated is false | swipeEligible is false | Brand looks placeholder/internal and should be verified"
mjeNC3o1wliIYiOmMjqh,Modern Table Lamp,Amazon,SwipeShop Studio,lighting,,58.99,https://www.amazon.ca/s?k=Modern%20Table%20Lamp%20SwipeShop%20Studio%20lighting,https://picsum.photos/seed/lighting_14/600/600,true,true,www.amazon.ca,true,false,false,false,,true,true,true,picsum.photos,false,false,false,true,false,true,true,review,"Missing ASIN for Amazon product | Missing Amazon affiliate tag | Amazon affiliate tag missing, placeholder, or not equal to configured production tag | imageUrl domain does not match merchant domain | imageApproved is false | isCurated is false | swipeEligible is false | Brand looks placeholder/internal and should be verified"
OOeKiBpymqbQpwejOHOx,Modern Table Lamp,Amazon,SwipeShop Studio,lighting,,49.99,https://www.amazon.ca/s?k=Modern%20Table%20Lamp%20SwipeShop%20Studio%20Lighting,https://picsum.photos/seed/lighting_01/600/600,true,true,www.amazon.ca,true,false,false,false,,true,true,true,picsum.photos,false,false,false,true,false,true,true,review,"Missing ASIN for Amazon product | Missing Amazon affiliate tag | Amazon affiliate tag missing, placeholder, or not equal to configured production tag | imageUrl domain does not match merchant domain | imageApproved is false | isCurated is false | swipeEligible is false | Brand looks placeholder/internal and should be verified"
OwLi5Rxj29Cw1dyOneok,Modern Table Lamp,Amazon,SwipeShop Studio,lighting,,67.99,https://www.amazon.ca/s?k=Modern%20Table%20Lamp%20SwipeShop%20Studio%20lighting,https://picsum.photos/seed/lighting_167/600/600,true,true,www.amazon.ca,true,false,false,false,,true,true,true,picsum.photos,false,false,false,true,false,true,true,review,"Missing ASIN for Amazon product | Missing Amazon affiliate tag | Amazon affiliate tag missing, placeholder, or not equal to configured production tag | imageUrl domain does not match merchant domain | imageApproved is false | isCurated is false | swipeEligible is false | Brand looks placeholder/internal and should be verified"
pUM1CSL93ew4mDxqiwQF,Modern Table Lamp,Amazon,SwipeShop Studio,lighting,,67.99,https://www.amazon.ca/s?k=Modern%20Table%20Lamp%20SwipeShop%20Studio%20lighting,https://picsum.photos/seed/lighting_157/600/600,true,true,www.amazon.ca,true,false,false,false,,true,true,true,picsum.photos,false,false,false,true,false,true,true,review,"Missing ASIN for Amazon product | Missing Amazon affiliate tag | Amazon affiliate tag missing, placeholder, or not equal to configured production tag | imageUrl domain does not match merchant domain | imageApproved is false | isCurated is false | swipeEligible is false | Brand looks placeholder/internal and should be verified"
AVhqllYH8HD3EIX5x4tb,Modern Vanity Mirror,Amazon,SwipeShop Studio,mirrors,,59.99,https://www.amazon.ca/s?k=Modern%20Vanity%20Mirror%20SwipeShop%20Studio%20mirrors,https://picsum.photos/seed/mirrors_191/600/600,true,true,www.amazon.ca,true,false,false,false,,true,true,true,picsum.photos,false,false,false,true,false,true,true,review,"Missing ASIN for Amazon product | Missing Amazon affiliate tag | Amazon affiliate tag missing, placeholder, or not equal to configured production tag | imageUrl domain does not match merchant domain | imageApproved is false | isCurated is false | swipeEligible is false | Brand looks placeholder/internal and should be verified"
kNmzszpZV4SokIsUH9hM,Modern Vanity Mirror,Amazon,SwipeShop Studio,mirrors,,59.99,https://www.amazon.ca/s?k=Modern%20Vanity%20Mirror%20SwipeShop%20Studio%20mirrors,https://picsum.photos/seed/mirrors_41/600/600,true,true,www.amazon.ca,true,false,false,false,,true,true,true,picsum.photos,false,false,false,true,false,true,true,review,"Missing ASIN for Amazon product | Missing Amazon affiliate tag | Amazon affiliate tag missing, placeholder, or not equal to configured production tag | imageUrl domain does not match merchant domain | imageApproved is false | isCurated is false | swipeEligible is false | Brand looks placeholder/internal and should be verified"
mYvYBKV813h3gkWQAfyA,Modern Wall Mirror,Amazon,SwipeShop Studio,mirrors,,80.99,https://www.amazon.ca/s?k=Modern%20Wall%20Mirror%20SwipeShop%20Studio%20mirrors,https://picsum.photos/seed/mirrors_8/600/600,true,true,www.amazon.ca,true,false,false,false,,true,true,true,picsum.photos,false,false,false,true,false,true,true,review,"Missing ASIN for Amazon product | Missing Amazon affiliate tag | Amazon affiliate tag missing, placeholder, or not equal to configured production tag | imageUrl domain does not match merchant domain | imageApproved is false | isCurated is false | swipeEligible is false | Brand looks placeholder/internal and should be verified"
zIX6l5idG78kzluiIJ2i,Modern Wall Mirror,Amazon,SwipeShop Studio,mirrors,,68.99,https://www.amazon.ca/s?k=Modern%20Wall%20Mirror%20SwipeShop%20Studio%20mirrors,https://picsum.photos/seed/mirrors_14/600/600,true,true,www.amazon.ca,true,false,false,false,,true,true,true,picsum.photos,false,false,false,true,false,true,true,review,"Missing ASIN for Amazon product | Missing Amazon affiliate tag | Amazon affiliate tag missing, placeholder, or not equal to configured production tag | imageUrl domain does not match merchant domain | imageApproved is false | isCurated is false | swipeEligible is false | Brand looks placeholder/internal and should be verified"
3qgBcY9VFMj8K5yccaic,Modern Wool Rug,Amazon,SwipeShop Studio,storage,,97.99,https://www.amazon.ca/s?k=Modern%20Wool%20Rug%20SwipeShop%20Studio%20rugs,https://picsum.photos/seed/rugs_197/600/600,true,true,www.amazon.ca,true,false,false,false,,true,true,true,picsum.photos,false,false,false,true,false,true,true,review,"Missing ASIN for Amazon product | Missing Amazon affiliate tag | Amazon affiliate tag missing, placeholder, or not equal to configured production tag | imageUrl domain does not match merchant domain | imageApproved is false | isCurated is false | swipeEligible is false | Brand looks placeholder/internal and should be verified"
fadPUZmlsokUDSNv2lER,Modern Wool Rug,Amazon,SwipeShop Studio,storage,,91.99,https://www.amazon.ca/s?k=Modern%20Wool%20Rug%20SwipeShop%20Studio%20rugs,https://picsum.photos/seed/rugs_95/600/600,true,true,www.amazon.ca,true,false,false,false,,true,true,true,picsum.photos,false,false,false,true,false,true,true,review,"Missing ASIN for Amazon product | Missing Amazon affiliate tag | Amazon affiliate tag missing, placeholder, or not equal to configured production tag | imageUrl domain does not match merchant domain | imageApproved is false | isCurated is false | swipeEligible is false | Brand looks placeholder/internal and should be verified"
jWrPWKtOd9Qnmp3sU8L9,Modern Wool Rug,Amazon,SwipeShop Studio,storage,,103.99,https://www.amazon.ca/s?k=Modern%20Wool%20Rug%20SwipeShop%20Studio%20rugs,https://picsum.photos/seed/rugs_89/600/600,true,true,www.amazon.ca,true,false,false,false,,true,true,true,picsum.photos,false,false,false,true,false,true,true,review,"Missing ASIN for Amazon product | Missing Amazon affiliate tag | Amazon affiliate tag missing, placeholder, or not equal to configured production tag | imageUrl domain does not match merchant domain | imageApproved is false | isCurated is false | swipeEligible is false | Brand looks placeholder/internal and should be verified"
UHPoTjsWAhkp6SEaDZZP,Modern Wool Rug,Amazon,SwipeShop Studio,storage,,97.99,https://www.amazon.ca/s?k=Modern%20Wool%20Rug%20SwipeShop%20Studio%20rugs,https://picsum.photos/seed/rugs_67/600/600,true,true,www.amazon.ca,true,false,false,false,,true,true,true,picsum.photos,false,false,false,true,false,true,true,review,"Missing ASIN for Amazon product | Missing Amazon affiliate tag | Amazon affiliate tag missing, placeholder, or not equal to configured production tag | imageUrl domain does not match merchant domain | imageApproved is false | isCurated is false | swipeEligible is false | Brand looks placeholder/internal and should be verified"
amazon_B0F3J3R5J2,MODOJOART Framed Neutral Abstract Canvas Wall Art Set,Amazon.ca,MODOJOART,wall-decor,B0F3J3R5J2,39.91,https://www.amazon.ca/dp/B0F3J3R5J2,https://m.media-amazon.com/images/I/71SVY7S9DgL._AC_SX679_.jpg,true,true,www.amazon.ca,true,true,true,false,,true,true,true,m.media-amazon.com,true,true,true,true,true,true,false,review,"Missing Amazon affiliate tag | Amazon affiliate tag missing, placeholder, or not equal to configured production tag"
TrTxeMY6b0Lvg0j7Njou,Neutral Accent Chair,Amazon,SwipeShop Studio,storage,,176.99,https://www.amazon.ca/s?k=Neutral%20Accent%20Chair%20SwipeShop%20Studio%20seating,https://picsum.photos/seed/seating_20/600/600,true,true,www.amazon.ca,true,false,false,false,,true,true,true,picsum.photos,false,false,false,true,false,true,true,review,"Missing ASIN for Amazon product | Missing Amazon affiliate tag | Amazon affiliate tag missing, placeholder, or not equal to configured production tag | imageUrl domain does not match merchant domain | imageApproved is false | isCurated is false | swipeEligible is false | Brand looks placeholder/internal and should be verified"
JY6hqFLINwhnvGrG0XsD,Neutral Area Rug,Amazon,SwipeShop Studio,storage,,97.99,https://www.amazon.ca/s?k=Neutral%20Area%20Rug%20SwipeShop%20Studio%20rugs,https://picsum.photos/seed/rugs_127/600/600,true,true,www.amazon.ca,true,false,false,false,,true,true,true,picsum.photos,false,false,false,true,false,true,true,review,"Missing ASIN for Amazon product | Missing Amazon affiliate tag | Amazon affiliate tag missing, placeholder, or not equal to configured production tag | imageUrl domain does not match merchant domain | imageApproved is false | isCurated is false | swipeEligible is false | Brand looks placeholder/internal and should be verified"
oXy0jFymiEQRSPlSwZy6,Neutral Area Rug,Amazon,SwipeShop Studio,storage,,82.99,https://www.amazon.ca/s?k=Neutral%20Area%20Rug%20SwipeShop%20Studio%20rugs,https://picsum.photos/seed/rugs_82/600/600,true,true,www.amazon.ca,true,false,false,false,,true,true,true,picsum.photos,false,false,false,true,false,true,true,review,"Missing ASIN for Amazon product | Missing Amazon affiliate tag | Amazon affiliate tag missing, placeholder, or not equal to configured production tag | imageUrl domain does not match merchant domain | imageApproved is false | isCurated is false | swipeEligible is false | Brand looks placeholder/internal and should be verified"
pZgsXhD1xtHc9OzeuXx1,Neutral Area Rug,Amazon,SwipeShop Studio,storage,,79.99,https://www.amazon.ca/s?k=Neutral%20Area%20Rug%20SwipeShop%20Studio%20Rugs,https://picsum.photos/seed/rugs_01/600/600,true,true,www.amazon.ca,true,false,false,false,,true,true,true,picsum.photos,false,false,false,true,false,true,true,review,"Missing ASIN for Amazon product | Missing Amazon affiliate tag | Amazon affiliate tag missing, placeholder, or not equal to configured production tag | imageUrl domain does not match merchant domain | imageApproved is false | isCurated is false | swipeEligible is false | Brand looks placeholder/internal and should be verified"
RrZcEePDTMRIefwpoaNG,Neutral Area Rug,Amazon,SwipeShop Studio,storage,,79.99,https://www.amazon.ca/s?k=Neutral%20Area%20Rug%20SwipeShop%20Studio%20Rugs,https://picsum.photos/seed/rugs_01/600/600,true,true,www.amazon.ca,true,false,false,false,,true,true,true,picsum.photos,false,false,false,true,false,true,true,review,"Missing ASIN for Amazon product | Missing Amazon affiliate tag | Amazon affiliate tag missing, placeholder, or not equal to configured production tag | imageUrl domain does not match merchant domain | imageApproved is false | isCurated is false | swipeEligible is false | Brand looks placeholder/internal and should be verified"
zGqUWYezVgWdK5uWc8R0,Neutral Area Rug,Amazon,Amazon,storage,,79.99,https://www.amazon.ca/s?k=Neutral%20Area%20Rug%20Rugs,https://picsum.photos/seed/rug1/600/600,true,true,www.amazon.ca,true,false,false,false,,true,true,true,picsum.photos,false,false,false,true,false,true,true,review,"Missing ASIN for Amazon product | Missing Amazon affiliate tag | Amazon affiliate tag missing, placeholder, or not equal to configured production tag | imageUrl domain does not match merchant domain | imageApproved is false | isCurated is false | swipeEligible is false | Brand looks placeholder/internal and should be verified"
ZxIeNU5te8aBHeMNmbfY,Neutral Area Rug,Amazon,SwipeShop Studio,storage,,79.99,https://www.amazon.ca/s?k=Neutral%20Area%20Rug%20SwipeShop%20Studio%20Rugs,https://picsum.photos/seed/rug_a/600/600,true,true,www.amazon.ca,true,false,false,false,,true,true,true,picsum.photos,false,false,false,true,false,true,true,review,"Missing ASIN for Amazon product | Missing Amazon affiliate tag | Amazon affiliate tag missing, placeholder, or not equal to configured production tag | imageUrl domain does not match merchant domain | imageApproved is false | isCurated is false | swipeEligible is false | Brand looks placeholder/internal and should be verified"
dVsxPh8k9RHP71k2kLAv,Neutral Ceramic Set,Amazon,SwipeShop Studio,storage,,43.99,https://www.amazon.ca/s?k=Neutral%20Ceramic%20Set%20SwipeShop%20Studio%20kitchen_decor,https://picsum.photos/seed/kitchen_decor_179/600/600,true,true,www.amazon.ca,true,false,false,false,,true,true,true,picsum.photos,false,false,false,true,false,true,true,review,"Missing ASIN for Amazon product | Missing Amazon affiliate tag | Amazon affiliate tag missing, placeholder, or not equal to configured production tag | imageUrl domain does not match merchant domain | imageApproved is false | isCurated is false | swipeEligible is false | Brand looks placeholder/internal and should be verified"
vGQRe9Ksy7Oz2RFrbJkV,Neutral Coffee Table,Amazon,SwipeShop Studio,storage,,156.99,https://www.amazon.ca/s?k=Neutral%20Coffee%20Table%20SwipeShop%20Studio%20tables,https://picsum.photos/seed/tables_120/600/600,true,true,www.amazon.ca,true,false,false,false,,true,true,true,picsum.photos,false,false,false,true,false,true,true,review,"Missing ASIN for Amazon product | Missing Amazon affiliate tag | Amazon affiliate tag missing, placeholder, or not equal to configured production tag | imageUrl domain does not match merchant domain | imageApproved is false | isCurated is false | swipeEligible is false | Brand looks placeholder/internal and should be verified"
9yxtGnYVduCs3ZczS4t5,Neutral Console Table,Amazon,SwipeShop Studio,storage,,150.99,https://www.amazon.ca/s?k=Neutral%20Console%20Table%20SwipeShop%20Studio%20tables,https://picsum.photos/seed/tables_158/600/600,true,true,www.amazon.ca,true,false,false,false,,true,true,true,picsum.photos,false,false,false,true,false,true,true,review,"Missing ASIN for Amazon product | Missing Amazon affiliate tag | Amazon affiliate tag missing, placeholder, or not equal to configured production tag | imageUrl domain does not match merchant domain | imageApproved is false | isCurated is false | swipeEligible is false | Brand looks placeholder/internal and should be verified"
FjBw9AB5vswGDA2twNeE,Neutral Console Table,Amazon,SwipeShop Studio,storage,,132.99,https://www.amazon.ca/s?k=Neutral%20Console%20Table%20SwipeShop%20Studio%20tables,https://picsum.photos/seed/tables_112/600/600,true,true,www.amazon.ca,true,false,false,false,,true,true,true,picsum.photos,false,false,false,true,false,true,true,review,"Missing ASIN for Amazon product | Missing Amazon affiliate tag | Amazon affiliate tag missing, placeholder, or not equal to configured production tag | imageUrl domain does not match merchant domain | imageApproved is false | isCurated is false | swipeEligible is false | Brand looks placeholder/internal and should be verified"
Luk0tHsg2B0Q82DTejOz,Neutral Console Table,Amazon,SwipeShop Studio,storage,,156.99,https://www.amazon.ca/s?k=Neutral%20Console%20Table%20SwipeShop%20Studio%20tables,https://picsum.photos/seed/tables_60/600/600,true,true,www.amazon.ca,true,false,false,false,,true,true,true,picsum.photos,false,false,false,true,false,true,true,review,"Missing ASIN for Amazon product | Missing Amazon affiliate tag | Amazon affiliate tag missing, placeholder, or not equal to configured production tag | imageUrl domain does not match merchant domain | imageApproved is false | isCurated is false | swipeEligible is false | Brand looks placeholder/internal and should be verified"
pPyYSqJByrNTJPDth9qo,Neutral Console Table,Amazon,SwipeShop Studio,storage,,135.99,https://www.amazon.ca/s?k=Neutral%20Console%20Table%20SwipeShop%20Studio%20tables,https://picsum.photos/seed/tables_43/600/600,true,true,www.amazon.ca,true,false,false,false,,true,true,true,picsum.photos,false,false,false,true,false,true,true,review,"Missing ASIN for Amazon product | Missing Amazon affiliate tag | Amazon affiliate tag missing, placeholder, or not equal to configured production tag | imageUrl domain does not match merchant domain | imageApproved is false | isCurated is false | swipeEligible is false | Brand looks placeholder/internal and should be verified"
IuYeHxjWQwjzxIwZXBUh,Neutral Duvet Set,Amazon,SwipeShop Studio,cozy-bedroom,,81.99,https://www.amazon.ca/s?k=Neutral%20Duvet%20Set%20SwipeShop%20Studio%20bedding,https://picsum.photos/seed/bedding_105/600/600,true,true,www.amazon.ca,true,false,false,false,,true,true,true,picsum.photos,false,false,false,true,false,true,true,review,"Missing ASIN for Amazon product | Missing Amazon affiliate tag | Amazon affiliate tag missing, placeholder, or not equal to configured production tag | imageUrl domain does not match merchant domain | imageApproved is false | isCurated is false | swipeEligible is false | Brand looks placeholder/internal and should be verified"
pyawCnDtBZfYEPXb8tKQ,Neutral Duvet Set,Amazon,SwipeShop Studio,cozy-bedroom,,87.99,https://www.amazon.ca/s?k=Neutral%20Duvet%20Set%20SwipeShop%20Studio%20bedding,https://picsum.photos/seed/bedding_57/600/600,true,true,www.amazon.ca,true,false,false,false,,true,true,true,picsum.photos,false,false,false,true,false,true,true,review,"Missing ASIN for Amazon product | Missing Amazon affiliate tag | Amazon affiliate tag missing, placeholder, or not equal to configured production tag | imageUrl domain does not match merchant domain | imageApproved is false | isCurated is false | swipeEligible is false | Brand looks placeholder/internal and should be verified"
amazon_B09183JKQ5,Neutral Farmhouse Pillow Covers Set of 4,Amazon.ca,homefeelzydys,cozy-bedroom,B09183JKQ5,16.99,https://www.amazon.ca/dp/B09183JKQ5,https://m.media-amazon.com/images/I/71QsVXg8LeL._AC_SX679_.jpg,true,true,www.amazon.ca,true,true,true,false,,true,true,true,m.media-amazon.com,true,true,true,true,true,true,false,review,"Missing Amazon affiliate tag | Amazon affiliate tag missing, placeholder, or not equal to configured production tag"
zAbYeWU1XIf5wsbVEyf8,Neutral Floor Lamp,Amazon,SwipeShop Studio,lighting,,73.99,https://www.amazon.ca/s?k=Neutral%20Floor%20Lamp%20SwipeShop%20Studio%20lighting,https://picsum.photos/seed/lighting_9/600/600,true,true,www.amazon.ca,true,false,false,false,,true,true,true,picsum.photos,false,false,false,true,false,true,true,review,"Missing ASIN for Amazon product | Missing Amazon affiliate tag | Amazon affiliate tag missing, placeholder, or not equal to configured production tag | imageUrl domain does not match merchant domain | imageApproved is false | isCurated is false | swipeEligible is false | Brand looks placeholder/internal and should be verified"
fWCu6PC8N2Pl7RkGJ8IU,Neutral Framed Print,Amazon,SwipeShop Studio,wall-decor,,39.99,https://www.amazon.ca/s?k=Neutral%20Framed%20Print%20SwipeShop%20Studio%20wall_art,https://picsum.photos/seed/wall_art_101/600/600,true,true,www.amazon.ca,true,false,false,false,,true,true,true,picsum.photos,false,false,false,true,false,true,true,review,"Missing ASIN for Amazon product | Missing Amazon affiliate tag | Amazon affiliate tag missing, placeholder, or not equal to configured production tag | imageUrl domain does not match merchant domain | imageApproved is false | isCurated is false | swipeEligible is false | Brand looks placeholder/internal and should be verified"
P5YfkRfzNMNzoT3RGxw1,Neutral Framed Print,Amazon,SwipeShop Studio,wall-decor,,63.99,https://www.amazon.ca/s?k=Neutral%20Framed%20Print%20SwipeShop%20Studio%20wall_art,https://picsum.photos/seed/wall_art_109/600/600,true,true,www.amazon.ca,true,false,false,false,,true,true,true,picsum.photos,false,false,false,true,false,true,true,review,"Missing ASIN for Amazon product | Missing Amazon affiliate tag | Amazon affiliate tag missing, placeholder, or not equal to configured production tag | imageUrl domain does not match merchant domain | imageApproved is false | isCurated is false | swipeEligible is false | Brand looks placeholder/internal and should be verified"
OrdG44desgXQ2bWcnaOC,Neutral Indoor Plant,Amazon,SwipeShop Studio,plants,,24.99,https://www.amazon.ca/s?k=Neutral%20Indoor%20Plant%20SwipeShop%20Studio%20plants,https://picsum.photos/seed/plants_71/600/600,true,true,www.amazon.ca,true,false,false,false,,true,true,true,picsum.photos,false,false,false,true,false,true,true,review,"Missing ASIN for Amazon product | Missing Amazon affiliate tag | Amazon affiliate tag missing, placeholder, or not equal to configured production tag | imageUrl domain does not match merchant domain | imageApproved is false | isCurated is false | swipeEligible is false | Brand looks placeholder/internal and should be verified"
Dla3rrKjz89L3HAwytFr,Neutral Kitchen Decor,Amazon,SwipeShop Studio,storage,,34.99,https://www.amazon.ca/s?k=Neutral%20Kitchen%20Decor%20SwipeShop%20Studio%20kitchen_decor,https://picsum.photos/seed/kitchen_decor_36/600/600,true,true,www.amazon.ca,true,false,false,false,,true,true,true,picsum.photos,false,false,false,true,false,true,true,review,"Missing ASIN for Amazon product | Missing Amazon affiliate tag | Amazon affiliate tag missing, placeholder, or not equal to configured production tag | imageUrl domain does not match merchant domain | imageApproved is false | isCurated is false | swipeEligible is false | Brand looks placeholder/internal and should be verified"
COwLGDg4mr21fUWJm1d3,Neutral Organizer,Amazon,SwipeShop Studio,storage,,41.99,https://www.amazon.ca/s?k=Neutral%20Organizer%20SwipeShop%20Studio%20storage,https://picsum.photos/seed/storage_155/600/600,true,true,www.amazon.ca,true,false,false,false,,true,true,true,picsum.photos,false,false,false,true,false,true,true,review,"Missing ASIN for Amazon product | Missing Amazon affiliate tag | Amazon affiliate tag missing, placeholder, or not equal to configured production tag | imageUrl domain does not match merchant domain | imageApproved is false | isCurated is false | swipeEligible is false | Brand looks placeholder/internal and should be verified"
rFOJ2ltaC5V4V3u6GuBY,Neutral Organizer,Amazon,SwipeShop Studio,storage,,53.99,https://www.amazon.ca/s?k=Neutral%20Organizer%20SwipeShop%20Studio%20storage,https://picsum.photos/seed/storage_59/600/600,true,true,www.amazon.ca,true,false,false,false,,true,true,true,picsum.photos,false,false,false,true,false,true,true,review,"Missing ASIN for Amazon product | Missing Amazon affiliate tag | Amazon affiliate tag missing, placeholder, or not equal to configured production tag | imageUrl domain does not match merchant domain | imageApproved is false | isCurated is false | swipeEligible is false | Brand looks placeholder/internal and should be verified"
6h4oNBT8SWgZG9myI8jU,Neutral Pendant Light,Amazon,SwipeShop Studio,lighting,,73.99,https://www.amazon.ca/s?k=Neutral%20Pendant%20Light%20SwipeShop%20Studio%20lighting,https://picsum.photos/seed/lighting_169/600/600,true,true,www.amazon.ca,true,false,false,false,,true,true,true,picsum.photos,false,false,false,true,false,true,true,review,"Missing ASIN for Amazon product | Missing Amazon affiliate tag | Amazon affiliate tag missing, placeholder, or not equal to configured production tag | imageUrl domain does not match merchant domain | imageApproved is false | isCurated is false | swipeEligible is false | Brand looks placeholder/internal and should be verified"
evUTMN0Gr1tHHnx9KVEb,Neutral Pendant Light,Amazon,SwipeShop Studio,lighting,,64.99,https://www.amazon.ca/s?k=Neutral%20Pendant%20Light%20SwipeShop%20Studio%20lighting,https://picsum.photos/seed/lighting_196/600/600,true,true,www.amazon.ca,true,false,false,false,,true,true,true,picsum.photos,false,false,false,true,false,true,true,review,"Missing ASIN for Amazon product | Missing Amazon affiliate tag | Amazon affiliate tag missing, placeholder, or not equal to configured production tag | imageUrl domain does not match merchant domain | imageApproved is false | isCurated is false | swipeEligible is false | Brand looks placeholder/internal and should be verified"
mIDeP8qDIk6XYJGXsJJn,Neutral Planter,Amazon,SwipeShop Studio,plants,,33.99,https://www.amazon.ca/s?k=Neutral%20Planter%20SwipeShop%20Studio%20plants,https://picsum.photos/seed/plants_84/600/600,true,true,www.amazon.ca,true,false,false,false,,true,true,true,picsum.photos,false,false,false,true,false,true,true,review,"Missing ASIN for Amazon product | Missing Amazon affiliate tag | Amazon affiliate tag missing, placeholder, or not equal to configured production tag | imageUrl domain does not match merchant domain | imageApproved is false | isCurated is false | swipeEligible is false | Brand looks placeholder/internal and should be verified"
oT5E2kxygOQJkiS0tMbt,Neutral Planter,Amazon,SwipeShop Studio,plants,,27.99,https://www.amazon.ca/s?k=Neutral%20Planter%20SwipeShop%20Studio%20plants,https://picsum.photos/seed/plants_12/600/600,true,true,www.amazon.ca,true,false,false,false,,true,true,true,picsum.photos,false,false,false,true,false,true,true,review,"Missing ASIN for Amazon product | Missing Amazon affiliate tag | Amazon affiliate tag missing, placeholder, or not equal to configured production tag | imageUrl domain does not match merchant domain | imageApproved is false | isCurated is false | swipeEligible is false | Brand looks placeholder/internal and should be verified"
kG3PZmNUSqsx9ciUoNW9,Neutral Round Mirror,Amazon,SwipeShop Studio,mirrors,,62.99,https://www.amazon.ca/s?k=Neutral%20Round%20Mirror%20SwipeShop%20Studio%20mirrors,https://picsum.photos/seed/mirrors_22/600/600,true,true,www.amazon.ca,true,false,false,false,,true,true,true,picsum.photos,false,false,false,true,false,true,true,review,"Missing ASIN for Amazon product | Missing Amazon affiliate tag | Amazon affiliate tag missing, placeholder, or not equal to configured production tag | imageUrl domain does not match merchant domain | imageApproved is false | isCurated is false | swipeEligible is false | Brand looks placeholder/internal and should be verified"
uIX6VXuNCBtYbnLjDlxx,Neutral Round Mirror,Amazon,SwipeShop Studio,mirrors,,68.99,https://www.amazon.ca/s?k=Neutral%20Round%20Mirror%20SwipeShop%20Studio%20mirrors,https://picsum.photos/seed/mirrors_134/600/600,true,true,www.amazon.ca,true,false,false,false,,true,true,true,picsum.photos,false,false,false,true,false,true,true,review,"Missing ASIN for Amazon product | Missing Amazon affiliate tag | Amazon affiliate tag missing, placeholder, or not equal to configured production tag | imageUrl domain does not match merchant domain | imageApproved is false | isCurated is false | swipeEligible is false | Brand looks placeholder/internal and should be verified"
x0GPhtgWlEug9tyXwfJc,Neutral Serving Tray,Amazon,SwipeShop Studio,storage,,25.99,https://www.amazon.ca/s?k=Neutral%20Serving%20Tray%20SwipeShop%20Studio%20kitchen_decor,https://picsum.photos/seed/kitchen_decor_143/600/600,true,true,www.amazon.ca,true,false,false,false,,true,true,true,picsum.photos,false,false,false,true,false,true,true,review,"Missing ASIN for Amazon product | Missing Amazon affiliate tag | Amazon affiliate tag missing, placeholder, or not equal to configured production tag | imageUrl domain does not match merchant domain | imageApproved is false | isCurated is false | swipeEligible is false | Brand looks placeholder/internal and should be verified"
3zkE7QBUmNiBcCuK2jqS,Neutral Sheet Set,Amazon,SwipeShop Studio,cozy-bedroom,,87.99,https://www.amazon.ca/s?k=Neutral%20Sheet%20Set%20SwipeShop%20Studio%20bedding,https://picsum.photos/seed/bedding_27/600/600,true,true,www.amazon.ca,true,false,false,false,,true,true,true,picsum.photos,false,false,false,true,false,true,true,review,"Missing ASIN for Amazon product | Missing Amazon affiliate tag | Amazon affiliate tag missing, placeholder, or not equal to configured production tag | imageUrl domain does not match merchant domain | imageApproved is false | isCurated is false | swipeEligible is false | Brand looks placeholder/internal and should be verified"
5XpQgajn5f7unUDbpTUS,Neutral Sheet Set,Amazon,SwipeShop Studio,cozy-bedroom,,84.99,https://www.amazon.ca/s?k=Neutral%20Sheet%20Set%20SwipeShop%20Studio%20bedding,https://picsum.photos/seed/bedding_136/600/600,true,true,www.amazon.ca,true,false,false,false,,true,true,true,picsum.photos,false,false,false,true,false,true,true,review,"Missing ASIN for Amazon product | Missing Amazon affiliate tag | Amazon affiliate tag missing, placeholder, or not equal to configured production tag | imageUrl domain does not match merchant domain | imageApproved is false | isCurated is false | swipeEligible is false | Brand looks placeholder/internal and should be verified"
v8oedKhtf675iGrJBMtL,Neutral Sheet Set,Amazon,SwipeShop Studio,cozy-bedroom,,90.99,https://www.amazon.ca/s?k=Neutral%20Sheet%20Set%20SwipeShop%20Studio%20bedding,https://picsum.photos/seed/bedding_18/600/600,true,true,www.amazon.ca,true,false,false,false,,true,true,true,picsum.photos,false,false,false,true,false,true,true,review,"Missing ASIN for Amazon product | Missing Amazon affiliate tag | Amazon affiliate tag missing, placeholder, or not equal to configured production tag | imageUrl domain does not match merchant domain | imageApproved is false | isCurated is false | swipeEligible is false | Brand looks placeholder/internal and should be verified"
itT0wBkCb2u0Ee3g7Gkp,Neutral Shelf Unit,Amazon,SwipeShop Studio,storage,,56.99,https://www.amazon.ca/s?k=Neutral%20Shelf%20Unit%20SwipeShop%20Studio%20storage,https://picsum.photos/seed/storage_190/600/600,true,true,www.amazon.ca,true,false,false,false,,true,true,true,picsum.photos,false,false,false,true,false,true,true,review,"Missing ASIN for Amazon product | Missing Amazon affiliate tag | Amazon affiliate tag missing, placeholder, or not equal to configured production tag | imageUrl domain does not match merchant domain | imageApproved is false | isCurated is false | swipeEligible is false | Brand looks placeholder/internal and should be verified"
3wW1gb9Z9Uu8AzHrBNpk,Neutral Side Table,Amazon,SwipeShop Studio,storage,,156.99,https://www.amazon.ca/s?k=Neutral%20Side%20Table%20SwipeShop%20Studio%20tables,https://picsum.photos/seed/tables_200/600/600,true,true,www.amazon.ca,true,false,false,false,,true,true,true,picsum.photos,false,false,false,true,false,true,true,review,"Missing ASIN for Amazon product | Missing Amazon affiliate tag | Amazon affiliate tag missing, placeholder, or not equal to configured production tag | imageUrl domain does not match merchant domain | imageApproved is false | isCurated is false | swipeEligible is false | Brand looks placeholder/internal and should be verified"
FQRKgEUB9TkNZaVKRial,Neutral Side Table,Amazon,SwipeShop Studio,storage,,129.99,https://www.amazon.ca/s?k=Neutral%20Side%20Table%20SwipeShop%20Studio%20tables,https://picsum.photos/seed/tables_81/600/600,true,true,www.amazon.ca,true,false,false,false,,true,true,true,picsum.photos,false,false,false,true,false,true,true,review,"Missing ASIN for Amazon product | Missing Amazon affiliate tag | Amazon affiliate tag missing, placeholder, or not equal to configured production tag | imageUrl domain does not match merchant domain | imageApproved is false | isCurated is false | swipeEligible is false | Brand looks placeholder/internal and should be verified"
IlNv9KioYhOpgZd7yM6d,Neutral Side Table,Amazon,SwipeShop Studio,storage,,144.99,https://www.amazon.ca/s?k=Neutral%20Side%20Table%20SwipeShop%20Studio%20tables,https://picsum.photos/seed/tables_36/600/600,true,true,www.amazon.ca,true,false,false,false,,true,true,true,picsum.photos,false,false,false,true,false,true,true,review,"Missing ASIN for Amazon product | Missing Amazon affiliate tag | Amazon affiliate tag missing, placeholder, or not equal to configured production tag | imageUrl domain does not match merchant domain | imageApproved is false | isCurated is false | swipeEligible is false | Brand looks placeholder/internal and should be verified"
mECvboGyuc354xPDC4gz,Neutral Side Table,Amazon,SwipeShop Studio,storage,,156.99,https://www.amazon.ca/s?k=Neutral%20Side%20Table%20SwipeShop%20Studio%20tables,https://picsum.photos/seed/tables_10/600/600,true,true,www.amazon.ca,true,false,false,false,,true,true,true,picsum.photos,false,false,false,true,false,true,true,review,"Missing ASIN for Amazon product | Missing Amazon affiliate tag | Amazon affiliate tag missing, placeholder, or not equal to configured production tag | imageUrl domain does not match merchant domain | imageApproved is false | isCurated is false | swipeEligible is false | Brand looks placeholder/internal and should be verified"
VHnuiH20ZBKw59LYPi1A,Neutral Side Table,Amazon,SwipeShop Studio,storage,,144.99,https://www.amazon.ca/s?k=Neutral%20Side%20Table%20SwipeShop%20Studio%20tables,https://picsum.photos/seed/tables_96/600/600,true,true,www.amazon.ca,true,false,false,false,,true,true,true,picsum.photos,false,false,false,true,false,true,true,review,"Missing ASIN for Amazon product | Missing Amazon affiliate tag | Amazon affiliate tag missing, placeholder, or not equal to configured production tag | imageUrl domain does not match merchant domain | imageApproved is false | isCurated is false | swipeEligible is false | Brand looks placeholder/internal and should be verified"
Sy4SbeuZKMV8LTHEzlmB,Neutral Stool,Amazon,SwipeShop Studio,storage,,149.99,https://www.amazon.ca/s?k=Neutral%20Stool%20SwipeShop%20Studio%20seating,https://picsum.photos/seed/seating_121/600/600,true,true,www.amazon.ca,true,false,false,false,,true,true,true,picsum.photos,false,false,false,true,false,true,true,review,"Missing ASIN for Amazon product | Missing Amazon affiliate tag | Amazon affiliate tag missing, placeholder, or not equal to configured production tag | imageUrl domain does not match merchant domain | imageApproved is false | isCurated is false | swipeEligible is false | Brand looks placeholder/internal and should be verified"
tW1GYdQcX0Be7nGj4z2u,Neutral Storage Basket,Amazon,SwipeShop Studio,storage,,35.99,https://www.amazon.ca/s?k=Neutral%20Storage%20Basket%20SwipeShop%20Studio%20storage,https://picsum.photos/seed/storage_153/600/600,true,true,www.amazon.ca,true,false,false,false,,true,true,true,picsum.photos,false,false,false,true,false,true,true,review,"Missing ASIN for Amazon product | Missing Amazon affiliate tag | Amazon affiliate tag missing, placeholder, or not equal to configured production tag | imageUrl domain does not match merchant domain | imageApproved is false | isCurated is false | swipeEligible is false | Brand looks placeholder/internal and should be verified"
FPY72MOkE4xO48B80x9B,Neutral Vanity Mirror,Amazon,SwipeShop Studio,mirrors,,74.99,https://www.amazon.ca/s?k=Neutral%20Vanity%20Mirror%20SwipeShop%20Studio%20mirrors,https://picsum.photos/seed/mirrors_96/600/600,true,true,www.amazon.ca,true,false,false,false,,true,true,true,picsum.photos,false,false,false,true,false,true,true,review,"Missing ASIN for Amazon product | Missing Amazon affiliate tag | Amazon affiliate tag missing, placeholder, or not equal to configured production tag | imageUrl domain does not match merchant domain | imageApproved is false | isCurated is false | swipeEligible is false | Brand looks placeholder/internal and should be verified"
XnMHSot1mGpUfLEABAOD,Neutral Vanity Mirror,Amazon,SwipeShop Studio,mirrors,,83.99,https://www.amazon.ca/s?k=Neutral%20Vanity%20Mirror%20SwipeShop%20Studio%20mirrors,https://picsum.photos/seed/mirrors_159/600/600,true,true,www.amazon.ca,true,false,false,false,,true,true,true,picsum.photos,false,false,false,true,false,true,true,review,"Missing ASIN for Amazon product | Missing Amazon affiliate tag | Amazon affiliate tag missing, placeholder, or not equal to configured production tag | imageUrl domain does not match merchant domain | imageApproved is false | isCurated is false | swipeEligible is false | Brand looks placeholder/internal and should be verified"
cIeVJ9mW3iuC1cYdJySU,Neutral Wall Poster,Amazon,SwipeShop Studio,wall-decor,,54.99,https://www.amazon.ca/s?k=Neutral%20Wall%20Poster%20SwipeShop%20Studio%20wall_art,https://picsum.photos/seed/wall_art_166/600/600,true,true,www.amazon.ca,true,false,false,false,,true,true,true,picsum.photos,false,false,false,true,false,true,true,review,"Missing ASIN for Amazon product | Missing Amazon affiliate tag | Amazon affiliate tag missing, placeholder, or not equal to configured production tag | imageUrl domain does not match merchant domain | imageApproved is false | isCurated is false | swipeEligible is false | Brand looks placeholder/internal and should be verified"
9dFmATIaupwQyV8jMoeX,Neutral Wool Rug,Amazon,SwipeShop Studio,storage,,103.99,https://www.amazon.ca/s?k=Neutral%20Wool%20Rug%20SwipeShop%20Studio%20rugs,https://picsum.photos/seed/rugs_79/600/600,true,true,www.amazon.ca,true,false,false,false,,true,true,true,picsum.photos,false,false,false,true,false,true,true,review,"Missing ASIN for Amazon product | Missing Amazon affiliate tag | Amazon affiliate tag missing, placeholder, or not equal to configured production tag | imageUrl domain does not match merchant domain | imageApproved is false | isCurated is false | swipeEligible is false | Brand looks placeholder/internal and should be verified"
KHUUtQvdJQhxAXcYS5vp,Neutral Wool Rug,Amazon,SwipeShop Studio,storage,,100.99,https://www.amazon.ca/s?k=Neutral%20Wool%20Rug%20SwipeShop%20Studio%20rugs,https://picsum.photos/seed/rugs_98/600/600,true,true,www.amazon.ca,true,false,false,false,,true,true,true,picsum.photos,false,false,false,true,false,true,true,review,"Missing ASIN for Amazon product | Missing Amazon affiliate tag | Amazon affiliate tag missing, placeholder, or not equal to configured production tag | imageUrl domain does not match merchant domain | imageApproved is false | isCurated is false | swipeEligible is false | Brand looks placeholder/internal and should be verified"
amazon_B0BW14CKJ3,OrganiHaus Fabric Storage Bins 3-Pack,Amazon.ca,OrganiHaus,storage,B0BW14CKJ3,34.99,https://www.amazon.ca/dp/B0BW14CKJ3,https://m.media-amazon.com/images/I/919mPWgGkXL._AC_SX679_.jpg,true,true,www.amazon.ca,true,true,true,false,,true,true,true,m.media-amazon.com,true,true,true,true,true,true,false,review,"Missing Amazon affiliate tag | Amazon affiliate tag missing, placeholder, or not equal to configured production tag"
amazon_B0BWXXJZ32,PowerKing 2-Tier Desk Shelf Organizer,Amazon.ca,PowerKing,desk-setup,B0BWXXJZ32,29.99,https://www.amazon.ca/dp/B0BWXXJZ32,https://m.media-amazon.com/images/I/71Bqknw0PQL._AC_SX679_.jpg,true,true,www.amazon.ca,true,true,true,false,,true,true,true,m.media-amazon.com,true,true,true,true,true,true,false,review,"Missing Amazon affiliate tag | Amazon affiliate tag missing, placeholder, or not equal to configured production tag"
amazon_B0CB7F7G6L,PowerKing White Wood Desk Shelf Organizer,Amazon.ca,PowerKing,desk-setup,B0CB7F7G6L,25.99,https://www.amazon.ca/dp/B0CB7F7G6L,https://m.media-amazon.com/images/I/7193--rlu7L._AC_SX679_.jpg,true,true,www.amazon.ca,true,true,true,false,,true,true,true,m.media-amazon.com,true,true,true,true,true,true,false,review,"Missing Amazon affiliate tag | Amazon affiliate tag missing, placeholder, or not equal to configured production tag"
amazon_B0BXCSW7YV,Quzenu Black and White Boho Wall Art Set,Amazon.ca,Quzenu,wall-decor,B0BXCSW7YV,24.73,https://www.amazon.ca/dp/B0BXCSW7YV,https://m.media-amazon.com/images/I/71Ac2Y1ypoL._AC_SX679_.jpg,true,true,www.amazon.ca,true,true,true,false,,true,true,true,m.media-amazon.com,true,true,true,true,true,true,false,review,"Missing Amazon affiliate tag | Amazon affiliate tag missing, placeholder, or not equal to configured production tag"
LzDTGvDmO5hHgjlQn0ap,Round Coffee Table,Amazon,SwipeShop Studio,storage,,149.99,https://www.amazon.ca/s?k=Round%20Coffee%20Table%20SwipeShop%20Studio%20Tables,https://picsum.photos/seed/tables_01/600/600,true,true,www.amazon.ca,true,false,false,false,,true,true,true,picsum.photos,false,false,false,true,false,true,true,review,"Missing ASIN for Amazon product | Missing Amazon affiliate tag | Amazon affiliate tag missing, placeholder, or not equal to configured production tag | imageUrl domain does not match merchant domain | imageApproved is false | isCurated is false | swipeEligible is false | Brand looks placeholder/internal and should be verified"
QOkjTvijsp93TRG8utN4,Round Coffee Table,Amazon,SwipeShop Studio,storage,,149.99,https://www.amazon.ca/s?k=Round%20Coffee%20Table%20SwipeShop%20Studio%20Tables,https://picsum.photos/seed/tables_01/600/600,true,true,www.amazon.ca,true,false,false,false,,true,true,true,picsum.photos,false,false,false,true,false,true,true,review,"Missing ASIN for Amazon product | Missing Amazon affiliate tag | Amazon affiliate tag missing, placeholder, or not equal to configured production tag | imageUrl domain does not match merchant domain | imageApproved is false | isCurated is false | swipeEligible is false | Brand looks placeholder/internal and should be verified"
Hydlaj7TRLlUCo26AmWK,Round Wall Mirror,Amazon,SwipeShop Studio,mirrors,,59.99,https://www.amazon.ca/s?k=Round%20Wall%20Mirror%20SwipeShop%20Studio%20Mirrors,https://picsum.photos/seed/mirrors_01/600/600,true,true,www.amazon.ca,true,false,false,false,,true,true,true,picsum.photos,false,false,false,true,false,true,true,review,"Missing ASIN for Amazon product | Missing Amazon affiliate tag | Amazon affiliate tag missing, placeholder, or not equal to configured production tag | imageUrl domain does not match merchant domain | imageApproved is false | isCurated is false | swipeEligible is false | Brand looks placeholder/internal and should be verified"
XbhDnglPmGeoP21oziIu,Round Wall Mirror,Amazon,SwipeShop Studio,mirrors,,59.99,https://www.amazon.ca/s?k=Round%20Wall%20Mirror%20SwipeShop%20Studio%20Mirrors,https://picsum.photos/seed/mirrors_01/600/600,true,true,www.amazon.ca,true,false,false,false,,true,true,true,picsum.photos,false,false,false,true,false,true,true,review,"Missing ASIN for Amazon product | Missing Amazon affiliate tag | Amazon affiliate tag missing, placeholder, or not equal to configured production tag | imageUrl domain does not match merchant domain | imageApproved is false | isCurated is false | swipeEligible is false | Brand looks placeholder/internal and should be verified"
amazon_B0F5HNF9DN,SEENSINY Rechargeable Cordless Touch Bedside Lamp,Amazon.ca,SEENSINY,lighting,B0F5HNF9DN,25.99,https://www.amazon.ca/dp/B0F5HNF9DN,https://m.media-amazon.com/images/I/71919A3IEAL._AC_SX679_.jpg,true,true,www.amazon.ca,true,true,true,false,,true,true,true,m.media-amazon.com,true,true,true,true,true,true,false,review,"Missing Amazon affiliate tag | Amazon affiliate tag missing, placeholder, or not equal to configured production tag"
9YNOvVfKZF2HAW0XyHfz,Soft Accent Chair,Amazon,SwipeShop Studio,storage,,167.99,https://www.amazon.ca/s?k=Soft%20Accent%20Chair%20SwipeShop%20Studio%20seating,https://picsum.photos/seed/seating_17/600/600,true,true,www.amazon.ca,true,false,false,false,,true,true,true,picsum.photos,false,false,false,true,false,true,true,review,"Missing ASIN for Amazon product | Missing Amazon affiliate tag | Amazon affiliate tag missing, placeholder, or not equal to configured production tag | imageUrl domain does not match merchant domain | imageApproved is false | isCurated is false | swipeEligible is false | Brand looks placeholder/internal and should be verified"
dSpIxVadZkNOfoU6ZOny,Soft Area Rug,Amazon,SwipeShop Studio,storage,,100.99,https://www.amazon.ca/s?k=Soft%20Area%20Rug%20SwipeShop%20Studio%20rugs,https://picsum.photos/seed/rugs_138/600/600,true,true,www.amazon.ca,true,false,false,false,,true,true,true,picsum.photos,false,false,false,true,false,true,true,review,"Missing ASIN for Amazon product | Missing Amazon affiliate tag | Amazon affiliate tag missing, placeholder, or not equal to configured production tag | imageUrl domain does not match merchant domain | imageApproved is false | isCurated is false | swipeEligible is false | Brand looks placeholder/internal and should be verified"
ZOm6BmGTgOKLxR6wlZoo,Soft Area Rug,Amazon,SwipeShop Studio,storage,,100.99,https://www.amazon.ca/s?k=Soft%20Area%20Rug%20SwipeShop%20Studio%20rugs,https://picsum.photos/seed/rugs_78/600/600,true,true,www.amazon.ca,true,false,false,false,,true,true,true,picsum.photos,false,false,false,true,false,true,true,review,"Missing ASIN for Amazon product | Missing Amazon affiliate tag | Amazon affiliate tag missing, placeholder, or not equal to configured production tag | imageUrl domain does not match merchant domain | imageApproved is false | isCurated is false | swipeEligible is false | Brand looks placeholder/internal and should be verified"
412yQa2CNdSB3vhDwEeQ,Soft Bench,Amazon,SwipeShop Studio,storage,,173.99,https://www.amazon.ca/s?k=Soft%20Bench%20SwipeShop%20Studio%20seating,https://picsum.photos/seed/seating_19/600/600,true,true,www.amazon.ca,true,false,false,false,,true,true,true,picsum.photos,false,false,false,true,false,true,true,review,"Missing ASIN for Amazon product | Missing Amazon affiliate tag | Amazon affiliate tag missing, placeholder, or not equal to configured production tag | imageUrl domain does not match merchant domain | imageApproved is false | isCurated is false | swipeEligible is false | Brand looks placeholder/internal and should be verified"
9QV8YuewU5ZTwfDOho8M,Soft Bench,Amazon,SwipeShop Studio,storage,,155.99,https://www.amazon.ca/s?k=Soft%20Bench%20SwipeShop%20Studio%20seating,https://picsum.photos/seed/seating_23/600/600,true,true,www.amazon.ca,true,false,false,false,,true,true,true,picsum.photos,false,false,false,true,false,true,true,review,"Missing ASIN for Amazon product | Missing Amazon affiliate tag | Amazon affiliate tag missing, placeholder, or not equal to configured production tag | imageUrl domain does not match merchant domain | imageApproved is false | isCurated is false | swipeEligible is false | Brand looks placeholder/internal and should be verified"
GnCqgDVapLweVSpGpEUq,Soft Bench,Amazon,SwipeShop Studio,storage,,152.99,https://www.amazon.ca/s?k=Soft%20Bench%20SwipeShop%20Studio%20seating,https://picsum.photos/seed/seating_62/600/600,true,true,www.amazon.ca,true,false,false,false,,true,true,true,picsum.photos,false,false,false,true,false,true,true,review,"Missing ASIN for Amazon product | Missing Amazon affiliate tag | Amazon affiliate tag missing, placeholder, or not equal to configured production tag | imageUrl domain does not match merchant domain | imageApproved is false | isCurated is false | swipeEligible is false | Brand looks placeholder/internal and should be verified"
OGGXsgNNFCJFD4iwcbVu,Soft Bench,Amazon,SwipeShop Studio,storage,,158.99,https://www.amazon.ca/s?k=Soft%20Bench%20SwipeShop%20Studio%20seating,https://picsum.photos/seed/seating_154/600/600,true,true,www.amazon.ca,true,false,false,false,,true,true,true,picsum.photos,false,false,false,true,false,true,true,review,"Missing ASIN for Amazon product | Missing Amazon affiliate tag | Amazon affiliate tag missing, placeholder, or not equal to configured production tag | imageUrl domain does not match merchant domain | imageApproved is false | isCurated is false | swipeEligible is false | Brand looks placeholder/internal and should be verified"
q56kUUA6smXy7lOyuCHI,Soft Canvas Art,Amazon,SwipeShop Studio,wall-decor,,57.99,https://www.amazon.ca/s?k=Soft%20Canvas%20Art%20SwipeShop%20Studio%20wall_art,https://picsum.photos/seed/wall_art_187/600/600,true,true,www.amazon.ca,true,false,false,false,,true,true,true,picsum.photos,false,false,false,true,false,true,true,review,"Missing ASIN for Amazon product | Missing Amazon affiliate tag | Amazon affiliate tag missing, placeholder, or not equal to configured production tag | imageUrl domain does not match merchant domain | imageApproved is false | isCurated is false | swipeEligible is false | Brand looks placeholder/internal and should be verified"
vzaYMyv7WDx38RYnlzCv,Soft Ceramic Set,Amazon,SwipeShop Studio,storage,,28.99,https://www.amazon.ca/s?k=Soft%20Ceramic%20Set%20SwipeShop%20Studio%20kitchen_decor,https://picsum.photos/seed/kitchen_decor_44/600/600,true,true,www.amazon.ca,true,false,false,false,,true,true,true,picsum.photos,false,false,false,true,false,true,true,review,"Missing ASIN for Amazon product | Missing Amazon affiliate tag | Amazon affiliate tag missing, placeholder, or not equal to configured production tag | imageUrl domain does not match merchant domain | imageApproved is false | isCurated is false | swipeEligible is false | Brand looks placeholder/internal and should be verified"
8MGVqC5R9DFja2P4xHlv,Soft Coffee Table,Amazon,SwipeShop Studio,storage,,144.99,https://www.amazon.ca/s?k=Soft%20Coffee%20Table%20SwipeShop%20Studio%20tables,https://picsum.photos/seed/tables_56/600/600,true,true,www.amazon.ca,true,false,false,false,,true,true,true,picsum.photos,false,false,false,true,false,true,true,review,"Missing ASIN for Amazon product | Missing Amazon affiliate tag | Amazon affiliate tag missing, placeholder, or not equal to configured production tag | imageUrl domain does not match merchant domain | imageApproved is false | isCurated is false | swipeEligible is false | Brand looks placeholder/internal and should be verified"
Hw1pYjPGEY2jlhba4ZBn,Soft Coffee Table,Amazon,SwipeShop Studio,storage,,144.99,https://www.amazon.ca/s?k=Soft%20Coffee%20Table%20SwipeShop%20Studio%20tables,https://picsum.photos/seed/tables_26/600/600,true,true,www.amazon.ca,true,false,false,false,,true,true,true,picsum.photos,false,false,false,true,false,true,true,review,"Missing ASIN for Amazon product | Missing Amazon affiliate tag | Amazon affiliate tag missing, placeholder, or not equal to configured production tag | imageUrl domain does not match merchant domain | imageApproved is false | isCurated is false | swipeEligible is false | Brand looks placeholder/internal and should be verified"
iSLbK0APbL2ClB8p7Lpn,Soft Coffee Table,Amazon,SwipeShop Studio,storage,,147.99,https://www.amazon.ca/s?k=Soft%20Coffee%20Table%20SwipeShop%20Studio%20tables,https://picsum.photos/seed/tables_97/600/600,true,true,www.amazon.ca,true,false,false,false,,true,true,true,picsum.photos,false,false,false,true,false,true,true,review,"Missing ASIN for Amazon product | Missing Amazon affiliate tag | Amazon affiliate tag missing, placeholder, or not equal to configured production tag | imageUrl domain does not match merchant domain | imageApproved is false | isCurated is false | swipeEligible is false | Brand looks placeholder/internal and should be verified"
rzv3rhrJBNhvBDH72X9U,Soft Coffee Table,Amazon,SwipeShop Studio,storage,,129.99,https://www.amazon.ca/s?k=Soft%20Coffee%20Table%20SwipeShop%20Studio%20tables,https://picsum.photos/seed/tables_31/600/600,true,true,www.amazon.ca,true,false,false,false,,true,true,true,picsum.photos,false,false,false,true,false,true,true,review,"Missing ASIN for Amazon product | Missing Amazon affiliate tag | Amazon affiliate tag missing, placeholder, or not equal to configured production tag | imageUrl domain does not match merchant domain | imageApproved is false | isCurated is false | swipeEligible is false | Brand looks placeholder/internal and should be verified"
W9aIYTCb8sKURxg2PKuP,Soft Console Table,Amazon,SwipeShop Studio,storage,,141.99,https://www.amazon.ca/s?k=Soft%20Console%20Table%20SwipeShop%20Studio%20tables,https://picsum.photos/seed/tables_5/600/600,true,true,www.amazon.ca,true,false,false,false,,true,true,true,picsum.photos,false,false,false,true,false,true,true,review,"Missing ASIN for Amazon product | Missing Amazon affiliate tag | Amazon affiliate tag missing, placeholder, or not equal to configured production tag | imageUrl domain does not match merchant domain | imageApproved is false | isCurated is false | swipeEligible is false | Brand looks placeholder/internal and should be verified"
47YsotDqXp9BEhfpv0EJ,Soft Floor Lamp,Amazon,SwipeShop Studio,lighting,,52.99,https://www.amazon.ca/s?k=Soft%20Floor%20Lamp%20SwipeShop%20Studio%20lighting,https://picsum.photos/seed/lighting_102/600/600,true,true,www.amazon.ca,true,false,false,false,,true,true,true,picsum.photos,false,false,false,true,false,true,true,review,"Missing ASIN for Amazon product | Missing Amazon affiliate tag | Amazon affiliate tag missing, placeholder, or not equal to configured production tag | imageUrl domain does not match merchant domain | imageApproved is false | isCurated is false | swipeEligible is false | Brand looks placeholder/internal and should be verified"
8zM7Jg35UOAuZkSxTlNk,Soft Floor Lamp,Amazon,SwipeShop Studio,lighting,,70.99,https://www.amazon.ca/s?k=Soft%20Floor%20Lamp%20SwipeShop%20Studio%20lighting,https://picsum.photos/seed/lighting_128/600/600,true,true,www.amazon.ca,true,false,false,false,,true,true,true,picsum.photos,false,false,false,true,false,true,true,review,"Missing ASIN for Amazon product | Missing Amazon affiliate tag | Amazon affiliate tag missing, placeholder, or not equal to configured production tag | imageUrl domain does not match merchant domain | imageApproved is false | isCurated is false | swipeEligible is false | Brand looks placeholder/internal and should be verified"
jUv8CgnOD9CDqMFaokS5,Soft Floor Lamp,Amazon,SwipeShop Studio,lighting,,73.99,https://www.amazon.ca/s?k=Soft%20Floor%20Lamp%20SwipeShop%20Studio%20lighting,https://picsum.photos/seed/lighting_9/600/600,true,true,www.amazon.ca,true,false,false,false,,true,true,true,picsum.photos,false,false,false,true,false,true,true,review,"Missing ASIN for Amazon product | Missing Amazon affiliate tag | Amazon affiliate tag missing, placeholder, or not equal to configured production tag | imageUrl domain does not match merchant domain | imageApproved is false | isCurated is false | swipeEligible is false | Brand looks placeholder/internal and should be verified"
6NQr8xNQTi7qJ4PKUy13,Soft Framed Print,Amazon,SwipeShop Studio,wall-decor,,48.99,https://www.amazon.ca/s?k=Soft%20Framed%20Print%20SwipeShop%20Studio%20wall_art,https://picsum.photos/seed/wall_art_74/600/600,true,true,www.amazon.ca,true,false,false,false,,true,true,true,picsum.photos,false,false,false,true,false,true,true,review,"Missing ASIN for Amazon product | Missing Amazon affiliate tag | Amazon affiliate tag missing, placeholder, or not equal to configured production tag | imageUrl domain does not match merchant domain | imageApproved is false | isCurated is false | swipeEligible is false | Brand looks placeholder/internal and should be verified"
7lsII38thluMshsmjsqv,Soft Framed Print,Amazon,SwipeShop Studio,wall-decor,,57.99,https://www.amazon.ca/s?k=Soft%20Framed%20Print%20SwipeShop%20Studio%20wall_art,https://picsum.photos/seed/wall_art_177/600/600,true,true,www.amazon.ca,true,false,false,false,,true,true,true,picsum.photos,false,false,false,true,false,true,true,review,"Missing ASIN for Amazon product | Missing Amazon affiliate tag | Amazon affiliate tag missing, placeholder, or not equal to configured production tag | imageUrl domain does not match merchant domain | imageApproved is false | isCurated is false | swipeEligible is false | Brand looks placeholder/internal and should be verified"
f8TK3P82TTGRLJ2Njbfi,Soft Framed Print,Amazon,SwipeShop Studio,wall-decor,,66.99,https://www.amazon.ca/s?k=Soft%20Framed%20Print%20SwipeShop%20Studio%20wall_art,https://picsum.photos/seed/wall_art_160/600/600,true,true,www.amazon.ca,true,false,false,false,,true,true,true,picsum.photos,false,false,false,true,false,true,true,review,"Missing ASIN for Amazon product | Missing Amazon affiliate tag | Amazon affiliate tag missing, placeholder, or not equal to configured production tag | imageUrl domain does not match merchant domain | imageApproved is false | isCurated is false | swipeEligible is false | Brand looks placeholder/internal and should be verified"
ZcXP7VzpDRzm16uExeGj,Soft Organizer,Amazon,SwipeShop Studio,storage,,53.99,https://www.amazon.ca/s?k=Soft%20Organizer%20SwipeShop%20Studio%20storage,https://picsum.photos/seed/storage_19/600/600,true,true,www.amazon.ca,true,false,false,false,,true,true,true,picsum.photos,false,false,false,true,false,true,true,review,"Missing ASIN for Amazon product | Missing Amazon affiliate tag | Amazon affiliate tag missing, placeholder, or not equal to configured production tag | imageUrl domain does not match merchant domain | imageApproved is false | isCurated is false | swipeEligible is false | Brand looks placeholder/internal and should be verified"
pawLTvHRUNWaDT3y9nZR,Soft Pendant Light,Amazon,SwipeShop Studio,lighting,,64.99,https://www.amazon.ca/s?k=Soft%20Pendant%20Light%20SwipeShop%20Studio%20lighting,https://picsum.photos/seed/lighting_76/600/600,true,true,www.amazon.ca,true,false,false,false,,true,true,true,picsum.photos,false,false,false,true,false,true,true,review,"Missing ASIN for Amazon product | Missing Amazon affiliate tag | Amazon affiliate tag missing, placeholder, or not equal to configured production tag | imageUrl domain does not match merchant domain | imageApproved is false | isCurated is false | swipeEligible is false | Brand looks placeholder/internal and should be verified"
xCERy6po4lnSq9rm7whk,Soft Pendant Light,Amazon,SwipeShop Studio,lighting,,73.99,https://www.amazon.ca/s?k=Soft%20Pendant%20Light%20SwipeShop%20Studio%20lighting,https://picsum.photos/seed/lighting_129/600/600,true,true,www.amazon.ca,true,false,false,false,,true,true,true,picsum.photos,false,false,false,true,false,true,true,review,"Missing ASIN for Amazon product | Missing Amazon affiliate tag | Amazon affiliate tag missing, placeholder, or not equal to configured production tag | imageUrl domain does not match merchant domain | imageApproved is false | isCurated is false | swipeEligible is false | Brand looks placeholder/internal and should be verified"
i8u5l11SH07cIjZM9fPv,Soft Planter,Amazon,SwipeShop Studio,plants,,42.99,https://www.amazon.ca/s?k=Soft%20Planter%20SwipeShop%20Studio%20plants,https://picsum.photos/seed/plants_97/600/600,true,true,www.amazon.ca,true,false,false,false,,true,true,true,picsum.photos,false,false,false,true,false,true,true,review,"Missing ASIN for Amazon product | Missing Amazon affiliate tag | Amazon affiliate tag missing, placeholder, or not equal to configured production tag | imageUrl domain does not match merchant domain | imageApproved is false | isCurated is false | swipeEligible is false | Brand looks placeholder/internal and should be verified"
LUkkAj8Wd6ZOKGw1nVjB,Soft Planter,Amazon,SwipeShop Studio,plants,,51.99,https://www.amazon.ca/s?k=Soft%20Planter%20SwipeShop%20Studio%20plants,https://picsum.photos/seed/plants_120/600/600,true,true,www.amazon.ca,true,false,false,false,,true,true,true,picsum.photos,false,false,false,true,false,true,true,review,"Missing ASIN for Amazon product | Missing Amazon affiliate tag | Amazon affiliate tag missing, placeholder, or not equal to configured production tag | imageUrl domain does not match merchant domain | imageApproved is false | isCurated is false | swipeEligible is false | Brand looks placeholder/internal and should be verified"
xzwiccDpXAPn7jwT1myF,Soft Round Mirror,Amazon,SwipeShop Studio,mirrors,,71.99,https://www.amazon.ca/s?k=Soft%20Round%20Mirror%20SwipeShop%20Studio%20mirrors,https://picsum.photos/seed/mirrors_175/600/600,true,true,www.amazon.ca,true,false,false,false,,true,true,true,picsum.photos,false,false,false,true,false,true,true,review,"Missing ASIN for Amazon product | Missing Amazon affiliate tag | Amazon affiliate tag missing, placeholder, or not equal to configured production tag | imageUrl domain does not match merchant domain | imageApproved is false | isCurated is false | swipeEligible is false | Brand looks placeholder/internal and should be verified"
FgqBCzirAf5RpnLvY4SD,Soft Runner Rug,Amazon,SwipeShop Studio,storage,,88.99,https://www.amazon.ca/s?k=Soft%20Runner%20Rug%20SwipeShop%20Studio%20rugs,https://picsum.photos/seed/rugs_164/600/600,true,true,www.amazon.ca,true,false,false,false,,true,true,true,picsum.photos,false,false,false,true,false,true,true,review,"Missing ASIN for Amazon product | Missing Amazon affiliate tag | Amazon affiliate tag missing, placeholder, or not equal to configured production tag | imageUrl domain does not match merchant domain | imageApproved is false | isCurated is false | swipeEligible is false | Brand looks placeholder/internal and should be verified"
yhP6CWnsd2Td5N9BHpiN,Soft Runner Rug,Amazon,SwipeShop Studio,storage,,82.99,https://www.amazon.ca/s?k=Soft%20Runner%20Rug%20SwipeShop%20Studio%20rugs,https://picsum.photos/seed/rugs_42/600/600,true,true,www.amazon.ca,true,false,false,false,,true,true,true,picsum.photos,false,false,false,true,false,true,true,review,"Missing ASIN for Amazon product | Missing Amazon affiliate tag | Amazon affiliate tag missing, placeholder, or not equal to configured production tag | imageUrl domain does not match merchant domain | imageApproved is false | isCurated is false | swipeEligible is false | Brand looks placeholder/internal and should be verified"
2gXrsxN5L1f6r2nWma5T,Soft Serving Tray,Amazon,SwipeShop Studio,storage,B0D63B75M9,31.99,https://www.amazon.ca/dp/B0D63B75M9/ref=nosim?tag=YOURREALTAG-20,https://picsum.photos/seed/kitchen_decor_115/600/600,true,true,www.amazon.ca,true,true,true,true,YOURREALTAG-20,true,true,true,picsum.photos,false,false,false,true,false,true,true,review,"Amazon affiliate tag missing, placeholder, or not equal to configured production tag | imageUrl domain does not match merchant domain | imageApproved is false | isCurated is false | swipeEligible is false | Brand looks placeholder/internal and should be verified"
Drl0P5sysWuoCnDJ5bKU,Soft Serving Tray,Amazon,SwipeShop Studio,storage,,19.99,https://www.amazon.ca/s?k=Soft%20Serving%20Tray%20SwipeShop%20Studio%20kitchen_decor,https://picsum.photos/seed/kitchen_decor_161/600/600,true,true,www.amazon.ca,true,false,false,false,,true,true,true,picsum.photos,false,false,false,true,false,true,true,review,"Missing ASIN for Amazon product | Missing Amazon affiliate tag | Amazon affiliate tag missing, placeholder, or not equal to configured production tag | imageUrl domain does not match merchant domain | imageApproved is false | isCurated is false | swipeEligible is false | Brand looks placeholder/internal and should be verified"
hClbsMUN6VzxFFqMl7OM,Soft Serving Tray,Amazon,SwipeShop Studio,storage,,46.99,https://www.amazon.ca/s?k=Soft%20Serving%20Tray%20SwipeShop%20Studio%20kitchen_decor,https://picsum.photos/seed/kitchen_decor_110/600/600,true,true,www.amazon.ca,true,false,false,false,,true,true,true,picsum.photos,false,false,false,true,false,true,true,review,"Missing ASIN for Amazon product | Missing Amazon affiliate tag | Amazon affiliate tag missing, placeholder, or not equal to configured production tag | imageUrl domain does not match merchant domain | imageApproved is false | isCurated is false | swipeEligible is false | Brand looks placeholder/internal and should be verified"
RDAqIX0ckCncC4s2v7dA,Soft Serving Tray,Amazon,SwipeShop Studio,storage,,34.99,https://www.amazon.ca/s?k=Soft%20Serving%20Tray%20SwipeShop%20Studio%20kitchen_decor,https://picsum.photos/seed/kitchen_decor_126/600/600,true,true,www.amazon.ca,true,false,false,false,,true,true,true,picsum.photos,false,false,false,true,false,true,true,review,"Missing ASIN for Amazon product | Missing Amazon affiliate tag | Amazon affiliate tag missing, placeholder, or not equal to configured production tag | imageUrl domain does not match merchant domain | imageApproved is false | isCurated is false | swipeEligible is false | Brand looks placeholder/internal and should be verified"
mVQR5GjTJi3AJ4EoxIoh,Soft Sheet Set,Amazon,SwipeShop Studio,cozy-bedroom,,75.99,https://www.amazon.ca/s?k=Soft%20Sheet%20Set%20SwipeShop%20Studio%20bedding,https://picsum.photos/seed/bedding_43/600/600,true,true,www.amazon.ca,true,false,false,false,,true,true,true,picsum.photos,false,false,false,true,false,true,true,review,"Missing ASIN for Amazon product | Missing Amazon affiliate tag | Amazon affiliate tag missing, placeholder, or not equal to configured production tag | imageUrl domain does not match merchant domain | imageApproved is false | isCurated is false | swipeEligible is false | Brand looks placeholder/internal and should be verified"
JSumpMGXMm3ovM0Qkzlq,Soft Shelf Unit,Amazon,SwipeShop Studio,storage,,35.99,https://www.amazon.ca/s?k=Soft%20Shelf%20Unit%20SwipeShop%20Studio%20storage,https://picsum.photos/seed/storage_163/600/600,true,true,www.amazon.ca,true,false,false,false,,true,true,true,picsum.photos,false,false,false,true,false,true,true,review,"Missing ASIN for Amazon product | Missing Amazon affiliate tag | Amazon affiliate tag missing, placeholder, or not equal to configured production tag | imageUrl domain does not match merchant domain | imageApproved is false | isCurated is false | swipeEligible is false | Brand looks placeholder/internal and should be verified"
C8ey8HL6LzscsBLnzUmp,Soft Side Table,Amazon,SwipeShop Studio,storage,,144.99,https://www.amazon.ca/s?k=Soft%20Side%20Table%20SwipeShop%20Studio%20tables,https://picsum.photos/seed/tables_186/600/600,true,true,www.amazon.ca,true,false,false,false,,true,true,true,picsum.photos,false,false,false,true,false,true,true,review,"Missing ASIN for Amazon product | Missing Amazon affiliate tag | Amazon affiliate tag missing, placeholder, or not equal to configured production tag | imageUrl domain does not match merchant domain | imageApproved is false | isCurated is false | swipeEligible is false | Brand looks placeholder/internal and should be verified"
HywrEGnULzJL1bsYEVfS,Soft Stool,Amazon,SwipeShop Studio,storage,,158.99,https://www.amazon.ca/s?k=Soft%20Stool%20SwipeShop%20Studio%20seating,https://picsum.photos/seed/seating_54/600/600,true,true,www.amazon.ca,true,false,false,false,,true,true,true,picsum.photos,false,false,false,true,false,true,true,review,"Missing ASIN for Amazon product | Missing Amazon affiliate tag | Amazon affiliate tag missing, placeholder, or not equal to configured production tag | imageUrl domain does not match merchant domain | imageApproved is false | isCurated is false | swipeEligible is false | Brand looks placeholder/internal and should be verified"
LI7ZfLBH135WxWtCeNjE,Soft Stool,Amazon,SwipeShop Studio,storage,,161.99,https://www.amazon.ca/s?k=Soft%20Stool%20SwipeShop%20Studio%20seating,https://picsum.photos/seed/seating_165/600/600,true,true,www.amazon.ca,true,false,false,false,,true,true,true,picsum.photos,false,false,false,true,false,true,true,review,"Missing ASIN for Amazon product | Missing Amazon affiliate tag | Amazon affiliate tag missing, placeholder, or not equal to configured production tag | imageUrl domain does not match merchant domain | imageApproved is false | isCurated is false | swipeEligible is false | Brand looks placeholder/internal and should be verified"
zVRopeE5A3cQXMOv5SMJ,Soft Stool,Amazon,SwipeShop Studio,storage,,149.99,https://www.amazon.ca/s?k=Soft%20Stool%20SwipeShop%20Studio%20seating,https://picsum.photos/seed/seating_181/600/600,true,true,www.amazon.ca,true,false,false,false,,true,true,true,picsum.photos,false,false,false,true,false,true,true,review,"Missing ASIN for Amazon product | Missing Amazon affiliate tag | Amazon affiliate tag missing, placeholder, or not equal to configured production tag | imageUrl domain does not match merchant domain | imageApproved is false | isCurated is false | swipeEligible is false | Brand looks placeholder/internal and should be verified"
iiqupkXqIvwntpy6QTjM,Soft Storage Basket,Amazon,SwipeShop Studio,storage,,41.99,https://www.amazon.ca/s?k=Soft%20Storage%20Basket%20SwipeShop%20Studio%20storage,https://picsum.photos/seed/storage_55/600/600,true,true,www.amazon.ca,true,false,false,false,,true,true,true,picsum.photos,false,false,false,true,false,true,true,review,"Missing ASIN for Amazon product | Missing Amazon affiliate tag | Amazon affiliate tag missing, placeholder, or not equal to configured production tag | imageUrl domain does not match merchant domain | imageApproved is false | isCurated is false | swipeEligible is false | Brand looks placeholder/internal and should be verified"
NvtnCbVpjcAa0X4HOscT,Soft Storage Basket,Amazon,SwipeShop Studio,storage,,35.99,https://www.amazon.ca/s?k=Soft%20Storage%20Basket%20SwipeShop%20Studio%20storage,https://picsum.photos/seed/storage_3/600/600,true,true,www.amazon.ca,true,false,false,false,,true,true,true,picsum.photos,false,false,false,true,false,true,true,review,"Missing ASIN for Amazon product | Missing Amazon affiliate tag | Amazon affiliate tag missing, placeholder, or not equal to configured production tag | imageUrl domain does not match merchant domain | imageApproved is false | isCurated is false | swipeEligible is false | Brand looks placeholder/internal and should be verified"
oCf3DkyrDJOHY4B4yDFp,Soft Storage Basket,Amazon,SwipeShop Studio,storage,,32.99,https://www.amazon.ca/s?k=Soft%20Storage%20Basket%20SwipeShop%20Studio%20storage,https://picsum.photos/seed/storage_162/600/600,true,true,www.amazon.ca,true,false,false,false,,true,true,true,picsum.photos,false,false,false,true,false,true,true,review,"Missing ASIN for Amazon product | Missing Amazon affiliate tag | Amazon affiliate tag missing, placeholder, or not equal to configured production tag | imageUrl domain does not match merchant domain | imageApproved is false | isCurated is false | swipeEligible is false | Brand looks placeholder/internal and should be verified"
rat1FuLonn1lbEHHuUw0,Soft Storage Basket,Amazon,SwipeShop Studio,storage,,38.99,https://www.amazon.ca/s?k=Soft%20Storage%20Basket%20SwipeShop%20Studio%20storage,https://picsum.photos/seed/storage_54/600/600,true,true,www.amazon.ca,true,false,false,false,,true,true,true,picsum.photos,false,false,false,true,false,true,true,review,"Missing ASIN for Amazon product | Missing Amazon affiliate tag | Amazon affiliate tag missing, placeholder, or not equal to configured production tag | imageUrl domain does not match merchant domain | imageApproved is false | isCurated is false | swipeEligible is false | Brand looks placeholder/internal and should be verified"
8eE3gMAxLARVgGGTI632,Soft Table Lamp,Amazon,SwipeShop Studio,lighting,,76.99,https://www.amazon.ca/s?k=Soft%20Table%20Lamp%20SwipeShop%20Studio%20lighting,https://picsum.photos/seed/lighting_130/600/600,true,true,www.amazon.ca,true,false,false,false,,true,true,true,picsum.photos,false,false,false,true,false,true,true,review,"Missing ASIN for Amazon product | Missing Amazon affiliate tag | Amazon affiliate tag missing, placeholder, or not equal to configured production tag | imageUrl domain does not match merchant domain | imageApproved is false | isCurated is false | swipeEligible is false | Brand looks placeholder/internal and should be verified"
Dw9CulNFtMq5ONVfsxgP,Soft Table Lamp,Amazon,SwipeShop Studio,lighting,,76.99,https://www.amazon.ca/s?k=Soft%20Table%20Lamp%20SwipeShop%20Studio%20lighting,https://picsum.photos/seed/lighting_50/600/600,true,true,www.amazon.ca,true,false,false,false,,true,true,true,picsum.photos,false,false,false,true,false,true,true,review,"Missing ASIN for Amazon product | Missing Amazon affiliate tag | Amazon affiliate tag missing, placeholder, or not equal to configured production tag | imageUrl domain does not match merchant domain | imageApproved is false | isCurated is false | swipeEligible is false | Brand looks placeholder/internal and should be verified"
fypdZDGOB9Tf2R429oTb,Soft Table Lamp,Amazon,SwipeShop Studio,lighting,,73.99,https://www.amazon.ca/s?k=Soft%20Table%20Lamp%20SwipeShop%20Studio%20lighting,https://picsum.photos/seed/lighting_159/600/600,true,true,www.amazon.ca,true,false,false,false,,true,true,true,picsum.photos,false,false,false,true,false,true,true,review,"Missing ASIN for Amazon product | Missing Amazon affiliate tag | Amazon affiliate tag missing, placeholder, or not equal to configured production tag | imageUrl domain does not match merchant domain | imageApproved is false | isCurated is false | swipeEligible is false | Brand looks placeholder/internal and should be verified"
ReKSd59RVrO37RDyg4BB,Soft Table Lamp,Amazon,SwipeShop Studio,lighting,,73.99,https://www.amazon.ca/s?k=Soft%20Table%20Lamp%20SwipeShop%20Studio%20lighting,https://picsum.photos/seed/lighting_49/600/600,true,true,www.amazon.ca,true,false,false,false,,true,true,true,picsum.photos,false,false,false,true,false,true,true,review,"Missing ASIN for Amazon product | Missing Amazon affiliate tag | Amazon affiliate tag missing, placeholder, or not equal to configured production tag | imageUrl domain does not match merchant domain | imageApproved is false | isCurated is false | swipeEligible is false | Brand looks placeholder/internal and should be verified"
vNNyRuaSlcSBXQfXCBkZ,Soft Table Lamp,Amazon,SwipeShop Studio,lighting,,61.99,https://www.amazon.ca/s?k=Soft%20Table%20Lamp%20SwipeShop%20Studio%20lighting,https://picsum.photos/seed/lighting_55/600/600,true,true,www.amazon.ca,true,false,false,false,,true,true,true,picsum.photos,false,false,false,true,false,true,true,review,"Missing ASIN for Amazon product | Missing Amazon affiliate tag | Amazon affiliate tag missing, placeholder, or not equal to configured production tag | imageUrl domain does not match merchant domain | imageApproved is false | isCurated is false | swipeEligible is false | Brand looks placeholder/internal and should be verified"
Bcjj69T9i0clSLvLRCt4,Soft Wall Mirror,Amazon,SwipeShop Studio,mirrors,,86.99,https://www.amazon.ca/s?k=Soft%20Wall%20Mirror%20SwipeShop%20Studio%20mirrors,https://picsum.photos/seed/mirrors_100/600/600,true,true,www.amazon.ca,true,false,false,false,,true,true,true,picsum.photos,false,false,false,true,false,true,true,review,"Missing ASIN for Amazon product | Missing Amazon affiliate tag | Amazon affiliate tag missing, placeholder, or not equal to configured production tag | imageUrl domain does not match merchant domain | imageApproved is false | isCurated is false | swipeEligible is false | Brand looks placeholder/internal and should be verified"
LMCI0j7Dpa9cVHa7HVVx,Soft Wall Mirror,Amazon,SwipeShop Studio,mirrors,,65.99,https://www.amazon.ca/s?k=Soft%20Wall%20Mirror%20SwipeShop%20Studio%20mirrors,https://picsum.photos/seed/mirrors_63/600/600,true,true,www.amazon.ca,true,false,false,false,,true,true,true,picsum.photos,false,false,false,true,false,true,true,review,"Missing ASIN for Amazon product | Missing Amazon affiliate tag | Amazon affiliate tag missing, placeholder, or not equal to configured production tag | imageUrl domain does not match merchant domain | imageApproved is false | isCurated is false | swipeEligible is false | Brand looks placeholder/internal and should be verified"
yThK0SytqRGP5DRxakd3,Soft Wall Mirror,Amazon,SwipeShop Studio,mirrors,,59.99,https://www.amazon.ca/s?k=Soft%20Wall%20Mirror%20SwipeShop%20Studio%20mirrors,https://picsum.photos/seed/mirrors_151/600/600,true,true,www.amazon.ca,true,false,false,false,,true,true,true,picsum.photos,false,false,false,true,false,true,true,review,"Missing ASIN for Amazon product | Missing Amazon affiliate tag | Amazon affiliate tag missing, placeholder, or not equal to configured production tag | imageUrl domain does not match merchant domain | imageApproved is false | isCurated is false | swipeEligible is false | Brand looks placeholder/internal and should be verified"
GjzjySmaBnR9m0J8CY62,Soft Wall Poster,Amazon,SwipeShop Studio,wall-decor,,51.99,https://www.amazon.ca/s?k=Soft%20Wall%20Poster%20SwipeShop%20Studio%20wall_art,https://picsum.photos/seed/wall_art_75/600/600,true,true,www.amazon.ca,true,false,false,false,,true,true,true,picsum.photos,false,false,false,true,false,true,true,review,"Missing ASIN for Amazon product | Missing Amazon affiliate tag | Amazon affiliate tag missing, placeholder, or not equal to configured production tag | imageUrl domain does not match merchant domain | imageApproved is false | isCurated is false | swipeEligible is false | Brand looks placeholder/internal and should be verified"
RBmRveafFpCazaMCS3lT,Soft Wall Poster,Amazon,SwipeShop Studio,wall-decor,,54.99,https://www.amazon.ca/s?k=Soft%20Wall%20Poster%20SwipeShop%20Studio%20wall_art,https://picsum.photos/seed/wall_art_6/600/600,true,true,www.amazon.ca,true,false,false,false,,true,true,true,picsum.photos,false,false,false,true,false,true,true,review,"Missing ASIN for Amazon product | Missing Amazon affiliate tag | Amazon affiliate tag missing, placeholder, or not equal to configured production tag | imageUrl domain does not match merchant domain | imageApproved is false | isCurated is false | swipeEligible is false | Brand looks placeholder/internal and should be verified"
TxOjvruVXo7NTtsmwlMh,Soft Wall Poster,Amazon,SwipeShop Studio,wall-decor,,57.99,https://www.amazon.ca/s?k=Soft%20Wall%20Poster%20SwipeShop%20Studio%20wall_art,https://picsum.photos/seed/wall_art_47/600/600,true,true,www.amazon.ca,true,false,false,false,,true,true,true,picsum.photos,false,false,false,true,false,true,true,review,"Missing ASIN for Amazon product | Missing Amazon affiliate tag | Amazon affiliate tag missing, placeholder, or not equal to configured production tag | imageUrl domain does not match merchant domain | imageApproved is false | isCurated is false | swipeEligible is false | Brand looks placeholder/internal and should be verified"
Bj2KF1qA7148VznNzIvs,Soft Wool Rug,Amazon,SwipeShop Studio,storage,,82.99,https://www.amazon.ca/s?k=Soft%20Wool%20Rug%20SwipeShop%20Studio%20rugs,https://picsum.photos/seed/rugs_72/600/600,true,true,www.amazon.ca,true,false,false,false,,true,true,true,picsum.photos,false,false,false,true,false,true,true,review,"Missing ASIN for Amazon product | Missing Amazon affiliate tag | Amazon affiliate tag missing, placeholder, or not equal to configured production tag | imageUrl domain does not match merchant domain | imageApproved is false | isCurated is false | swipeEligible is false | Brand looks placeholder/internal and should be verified"
j5xKjplgJMXR46MMZwM9,Soft Wool Rug,Amazon,SwipeShop Studio,storage,,97.99,https://www.amazon.ca/s?k=Soft%20Wool%20Rug%20SwipeShop%20Studio%20rugs,https://picsum.photos/seed/rugs_117/600/600,true,true,www.amazon.ca,true,false,false,false,,true,true,true,picsum.photos,false,false,false,true,false,true,true,review,"Missing ASIN for Amazon product | Missing Amazon affiliate tag | Amazon affiliate tag missing, placeholder, or not equal to configured production tag | imageUrl domain does not match merchant domain | imageApproved is false | isCurated is false | swipeEligible is false | Brand looks placeholder/internal and should be verified"
amazon_B0C27CF35D,StorageWorks Fabric Storage Bins 2-Pack,Amazon.ca,StorageWorks,storage,B0C27CF35D,27.35,https://www.amazon.ca/dp/B0C27CF35D,https://m.media-amazon.com/images/I/61HKdN5slmL._AC_SX679_.jpg,true,true,www.amazon.ca,true,true,true,false,,true,true,true,m.media-amazon.com,true,true,true,true,true,true,false,review,"Missing Amazon affiliate tag | Amazon affiliate tag missing, placeholder, or not equal to configured production tag"
amazon_B09J1FKQL4,Tyawon Glass Flameless LED Candles Pack of 3,Amazon.ca,Tyawon,cozy-bedroom,B09J1FKQL4,29.69,https://www.amazon.ca/dp/B09J1FKQL4,https://m.media-amazon.com/images/I/717cR+ilcQL._AC_SX679_.jpg,true,true,www.amazon.ca,true,true,true,false,,true,true,true,m.media-amazon.com,true,true,true,true,true,true,false,review,"Missing Amazon affiliate tag | Amazon affiliate tag missing, placeholder, or not equal to configured production tag"
3XXA6Rx0r7qULUk3xLFK,Vintage Pattern Rug,Amazon,SwipeShop Studio,storage,,109.99,https://www.amazon.ca/s?k=Vintage%20Pattern%20Rug%20SwipeShop%20Studio%20Rugs,https://picsum.photos/seed/rugs_02/600/600,true,true,www.amazon.ca,true,false,false,false,,true,true,true,picsum.photos,false,false,false,true,false,true,true,review,"Missing ASIN for Amazon product | Missing Amazon affiliate tag | Amazon affiliate tag missing, placeholder, or not equal to configured production tag | imageUrl domain does not match merchant domain | imageApproved is false | isCurated is false | swipeEligible is false | Brand looks placeholder/internal and should be verified"
Umm1g8vYl7iP5NOnnQO0,Vintage Pattern Rug,Amazon,SwipeShop Studio,storage,,109.99,https://www.amazon.ca/s?k=Vintage%20Pattern%20Rug%20SwipeShop%20Studio%20Rugs,https://picsum.photos/seed/rugs_02/600/600,true,true,www.amazon.ca,true,false,false,false,,true,true,true,picsum.photos,false,false,false,true,false,true,true,review,"Missing ASIN for Amazon product | Missing Amazon affiliate tag | Amazon affiliate tag missing, placeholder, or not equal to configured production tag | imageUrl domain does not match merchant domain | imageApproved is false | isCurated is false | swipeEligible is false | Brand looks placeholder/internal and should be verified"
BzBjYH9lbgGpY700JfdQ,Wood Cutting Board Set,Amazon,SwipeShop Studio,storage,,29.99,https://www.amazon.ca/s?k=Wood%20Cutting%20Board%20Set%20SwipeShop%20Studio%20Kitchen%20Decor,https://picsum.photos/seed/kitchen_02/600/600,true,true,www.amazon.ca,true,false,false,false,,true,true,true,picsum.photos,false,false,false,true,false,true,true,review,"Missing ASIN for Amazon product | Missing Amazon affiliate tag | Amazon affiliate tag missing, placeholder, or not equal to configured production tag | imageUrl domain does not match merchant domain | imageApproved is false | isCurated is false | swipeEligible is false | Brand looks placeholder/internal and should be verified"
PPzqIjnx5hCeGkTGzDMP,Wood Cutting Board Set,Amazon,SwipeShop Studio,storage,,29.99,https://www.amazon.ca/s?k=Wood%20Cutting%20Board%20Set%20SwipeShop%20Studio%20Kitchen%20Decor,https://picsum.photos/seed/kitchen_02/600/600,true,true,www.amazon.ca,true,false,false,false,,true,true,true,picsum.photos,false,false,false,true,false,true,true,review,"Missing ASIN for Amazon product | Missing Amazon affiliate tag | Amazon affiliate tag missing, placeholder, or not equal to configured production tag | imageUrl domain does not match merchant domain | imageApproved is false | isCurated is false | swipeEligible is false | Brand looks placeholder/internal and should be verified"
3TIxQTdGFSBb7x9Z7g5e,Wood Side Table,Amazon,SwipeShop Studio,storage,B0CC2B8DYK,69.99,https://www.amazon.ca/dp/B0CC2B8DYK/ref=nosim?tag=YOURREALTAG-20,https://picsum.photos/seed/tables_02/600/600,true,true,www.amazon.ca,true,true,true,true,YOURREALTAG-20,true,true,true,picsum.photos,false,false,false,true,false,true,true,review,"Amazon affiliate tag missing, placeholder, or not equal to configured production tag | imageUrl domain does not match merchant domain | imageApproved is false | isCurated is false | swipeEligible is false | Brand looks placeholder/internal and should be verified"
CasI8k1vrWET1WdEI0zQ,Wood Side Table,Amazon,SwipeShop Studio,storage,,69.99,https://www.amazon.ca/s?k=Wood%20Side%20Table%20SwipeShop%20Studio%20Tables,https://picsum.photos/seed/tables_02/600/600,true,true,www.amazon.ca,true,false,false,false,,true,true,true,picsum.photos,false,false,false,true,false,true,true,review,"Missing ASIN for Amazon product | Missing Amazon affiliate tag | Amazon affiliate tag missing, placeholder, or not equal to configured production tag | imageUrl domain does not match merchant domain | imageApproved is false | isCurated is false | swipeEligible is false | Brand looks placeholder/internal and should be verified"
0V34Qtn11GVDMXKHruws,Woven Storage Basket,Amazon,SwipeShop Studio,storage,B0BYD6NMXG,35.99,https://www.amazon.ca/dp/B0BYD6NMXG/ref=nosim?tag=YOURREALTAG-20,https://m.media-amazon.com/images/I/71XXGTtwsqL._AC_SL400_.jpg,true,true,www.amazon.ca,true,true,true,true,YOURREALTAG-20,true,true,true,m.media-amazon.com,true,false,false,true,true,true,true,review,"Amazon affiliate tag missing, placeholder, or not equal to configured production tag | imageApproved is false | isCurated is false | Brand looks placeholder/internal and should be verified"
FoUSn6dyQIrv8ZUjcrmC,Woven Storage Basket,Amazon,SwipeShop Studio,storage,,24.99,https://www.amazon.ca/s?k=Woven%20Storage%20Basket%20SwipeShop%20Studio%20Storage,https://picsum.photos/seed/storage_01/600/600,true,true,www.amazon.ca,true,false,false,false,,true,true,true,picsum.photos,false,false,false,true,false,true,true,review,"Missing ASIN for Amazon product | Missing Amazon affiliate tag | Amazon affiliate tag missing, placeholder, or not equal to configured production tag | imageUrl domain does not match merchant domain | imageApproved is false | isCurated is false | swipeEligible is false | Brand looks placeholder/internal and should be verified"
amazon_B0DNLXG9NB,YCHMIR Small Round Wall Mirror,Amazon.ca,YCHMIR,mirrors,B0DNLXG9NB,21.99,https://www.amazon.ca/dp/B0DNLXG9NB,https://m.media-amazon.com/images/I/619vK9xd3NL._AC_SX679_.jpg,true,true,www.amazon.ca,true,true,true,false,,true,true,true,m.media-amazon.com,true,true,true,true,true,true,false,review,"Missing Amazon affiliate tag | Amazon affiliate tag missing, placeholder, or not equal to configured production tag"