"id","displayName","name","title","brand","merchant","retailer","category","price","purchaseUrl","asin","imageUrl","imageApproved","isCurated","active","swipeEligible"
"09QOiR7lChQWvQxUCxOm","Minimal Pillow Set","Minimal Pillow Set","Minimal Pillow Set","SwipeShop Studio","Amazon","Amazon","cozy-bedroom","57.51","https://www.amazon.ca/dp/B07XXRKMCW/ref=nosim?tag=YOURREALTAG-20","B07XXRKMCW","https://shoppurilite.ca/cdn/shop/files/613A4InUrUL._AC_SL1500.jpg?v=1754039540","no","no","yes","yes"
"0V34Qtn11GVDMXKHruws","Woven Storage Basket","Woven Storage Basket","Woven Storage Basket","SwipeShop Studio","Amazon","Amazon","storage","35.99","https://www.amazon.ca/dp/B0BYD6NMXG/ref=nosim?tag=YOURREALTAG-20","B0BYD6NMXG","https://m.media-amazon.com/images/I/71XXGTtwsqL._AC_SL400_.jpg","no","no","yes","yes"
"0ViJxN1ldrp1NcAYhXSL","Minimal Wool Rug","Minimal Wool Rug","Minimal Wool Rug","SwipeShop Studio","Amazon","Amazon","storage","59.99","https://www.amazon.ca/dp/B0FH2XQMK9/ref=nosim?tag=YOURREALTAG-20","B0FH2XQMK9","https://i5.walmartimages.com/asr/570a7a8b-1d53-4d29-a04a-d7927c461eb8.ed1ba53ffd03e2272b550086af21c8a7.jpeg","no","no","yes","yes"
"0gODIckhMRY7QwHGJ7Bh","Classic Shelf Unit","Classic Shelf Unit","Classic Shelf Unit","SwipeShop Studio","Amazon","Amazon","storage","92.99","https://www.amazon.ca/dp/B0932PSJ1K/ref=nosim?tag=YOURREALTAG-20","B0932PSJ1K","https://images.thdstatic.com/productImages/5777c42358324d94b47bb931c4b2415f/svn/black-tileon-pantry-organizers-aybszhd2729-64_600.jpg","no","no","yes","no"
"0jNp8d45kKVNFlK6ZNiZ","Classic Round Mirror","Classic Round Mirror","Classic Round Mirror","SwipeShop Studio","Amazon","Amazon","mirrors","69.99","https://www.amazon.ca/dp/B0CL8R9KG5/ref=nosim?tag=YOURREALTAG-20","B0CL8R9KG5","https://images.thdstatic.com/productImages/437042f7-1979-4fbd-b802-69be15738785/svn/ebikebc-wall-mirrors-e-b36-64_600.jpg","no","no","yes","yes"
"0p113dqwz2AktGL1LKwO","Minimal Planter","Minimal Planter","Minimal Planter","SwipeShop Studio","Amazon","Amazon","plants","39.99","https://www.amazon.ca/dp/B0B3RNR33Y/ref=nosim?tag=YOURREALTAG-20","B0B3RNR33Y","https://encrypted-tbn0.gstatic.com/images?q=tbn:ANd9GcTMppMT8j2J_FjY6epUxqBLtPfZ7RH4h4lrCg&s","no","no","yes","yes"
"0xXjOhR9WVTIUuwGxESD","Modern Dining Chair","Modern Dining Chair","Modern Dining Chair","SwipeShop Studio","Amazon","Amazon","storage","145.99","https://www.amazon.ca/dp/B0DJR71CRZ/ref=nosim?tag=YOURREALTAG-20","B0DJR71CRZ","https://img-us.aosomcdn.com/thumbnail/100/n0/product/2022/10/31/2N790f1842c7c632d.jpg","no","no","yes","no"
"19zvo8iKYKlbGqstz0wh","Modern Serving Tray","Modern Serving Tray","Modern Serving Tray","SwipeShop Studio","Amazon","Amazon","storage","23.99","https://www.amazon.ca/dp/B0CYT1MZ2X/ref=nosim?tag=YOURREALTAG-20","B0CYT1MZ2X","https://i5.walmartimages.com/asr/93c81e9a-0b6d-4fb3-892e-150d6aee6bfd.1448d8591fd14fe527c58f156c86ed21.jpeg?odnHeight=328&odnWidth=328&odnBg=FFFFFF","no","no","yes","yes"
"1HEqAQv87FgwaZC2i7iA","Modern Kitchen Decor","Modern Kitchen Decor","Modern Kitchen Decor","SwipeShop Studio","Amazon","Amazon","lighting","39.98","https://www.amazon.ca/dp/B0DP2FW3GX/ref=nosim?tag=YOURREALTAG-20","B0DP2FW3GX","https://i5.walmartimages.com/asr/71e01bdd-7fb5-4bf2-aaca-22db1f0dcec9.92f3fcdc64c786876e86fd3cdb9b1786.jpeg","no","no","yes","yes"
"1KsituU0cCR7EWQIsekR","Modern Dining Chair","Modern Dining Chair","Modern Dining Chair","SwipeShop Studio","Amazon","Amazon","storage","199.99","https://www.amazon.ca/dp/B0FQ5BB15D/ref=nosim?tag=YOURREALTAG-20","B0FQ5BB15D","https://images.thdstatic.com/productImages/ad8854dd-f98b-488b-b79b-6d4a2bef8138/svn/brown-wonder-comfort-dining-chairs-tn-2dc5081-pl-64_600.jpg","no","no","yes","no"
"1Ugc7BgT2nM8O83ADMiR","Cozy Bench","Cozy Bench","Cozy Bench","SwipeShop Studio","Amazon","Amazon","storage","155.99","https://www.amazon.ca/dp/B084SN2GD7/ref=nosim?tag=YOURREALTAG-20","B084SN2GD7","https://picsum.photos/seed/seating_193/600/600","no","no","yes","no"
"1XUoQVMrPBrQkhbqgm3u","Bold Table Lamp","Bold Table Lamp","Bold Table Lamp","SwipeShop Studio","Amazon","Amazon","lighting","64.99","https://www.amazon.ca/dp/B0DHL46YF2/ref=nosim?tag=YOURREALTAG-20","B0DHL46YF2","https://picsum.photos/seed/lighting_46/600/600","no","no","yes","no"
"25rsjAVfziaNsnTEJiWl","Minimal Round Mirror","Minimal Round Mirror","Minimal Round Mirror","SwipeShop Studio","Amazon","Amazon","mirrors","62.99","https://www.amazon.ca/dp/B0DGXDWNG4/ref=nosim?tag=YOURREALTAG-20","B0DGXDWNG4","https://picsum.photos/seed/mirrors_132/600/600","no","no","yes","no"
"2bllusfsCmNnvXQuBd2U","Minimal Runner Rug","Minimal Runner Rug","Minimal Runner Rug","SwipeShop Studio","Amazon","Amazon","storage","103.99","https://www.amazon.ca/dp/B0D9P5N6BJ/ref=nosim?tag=YOURREALTAG-20","B0D9P5N6BJ","https://picsum.photos/seed/rugs_39/600/600","no","no","yes","no"
"2gXrsxN5L1f6r2nWma5T","Soft Serving Tray","Soft Serving Tray","Soft Serving Tray","SwipeShop Studio","Amazon","Amazon","storage","31.99","https://www.amazon.ca/dp/B0D63B75M9/ref=nosim?tag=YOURREALTAG-20","B0D63B75M9","https://picsum.photos/seed/kitchen_decor_115/600/600","no","no","yes","no"
"2l2YxTiWCalduZnXhryV","Modern Stool","Modern Stool","Modern Stool","SwipeShop Studio","Amazon","Amazon","storage","173.99","https://www.amazon.ca/dp/B08RYRYTLB/ref=nosim?tag=YOURREALTAG-20","B08RYRYTLB","https://picsum.photos/seed/seating_139/600/600","no","no","yes","no"
"2rt88QgqOQfvU8FfH5tr","Modern Area Rug","Modern Area Rug","Modern Area Rug","SwipeShop Studio","Amazon","Amazon","storage","94.99","https://www.amazon.ca/dp/B0F3Y4NLSL/ref=nosim?tag=YOURREALTAG-20","B0F3Y4NLSL","https://picsum.photos/seed/rugs_66/600/600","no","no","yes","no"
"3CI067BHtUQfr5Gl8nX9","Minimal Side Table","Minimal Side Table","Minimal Side Table","SwipeShop Studio","Amazon","Amazon","storage","153.99","https://www.amazon.ca/dp/B0DDPY7Y8D/ref=nosim?tag=YOURREALTAG-20","B0DDPY7Y8D","https://picsum.photos/seed/tables_79/600/600","no","no","yes","no"
"3IvvkM1cjwWKvWe2xqWz","Modern Area Rug","Modern Area Rug","Modern Area Rug","SwipeShop Studio","Amazon","Amazon","storage","106.99","https://www.amazon.ca/dp/B0DFQBDTH1/ref=nosim?tag=YOURREALTAG-20","B0DFQBDTH1","https://picsum.photos/seed/rugs_100/600/600","no","no","yes","no"
"3MACvF4c8REBDFb1aYjw","Modern Indoor Plant","Modern Indoor Plant","Modern Indoor Plant","SwipeShop Studio","Amazon","Amazon","plants","30.99","https://www.amazon.ca/dp/B0CBYLJSGG/ref=nosim?tag=YOURREALTAG-20","B0CBYLJSGG","https://picsum.photos/seed/plants_173/600/600","no","no","yes","no"
"3TIxQTdGFSBb7x9Z7g5e","Wood Side Table","Wood Side Table","Wood Side Table","SwipeShop Studio","Amazon","Amazon","storage","69.99","https://www.amazon.ca/dp/B0CC2B8DYK/ref=nosim?tag=YOURREALTAG-20","B0CC2B8DYK","https://picsum.photos/seed/tables_02/600/600","no","no","yes","no"
"3XXA6Rx0r7qULUk3xLFK","Vintage Pattern Rug","Vintage Pattern Rug","Vintage Pattern Rug","SwipeShop Studio","Amazon","Amazon","storage","109.99","https://www.amazon.ca/s?k=Vintage%20Pattern%20Rug%20SwipeShop%20Studio%20Rugs","","https://picsum.photos/seed/rugs_02/600/600","no","no","yes","no"
"3i91qW7P7YyclDNkMvez","Minimal Storage Basket","Minimal Storage Basket","Minimal Storage Basket","SwipeShop Studio","Amazon","Amazon","storage","41.99","https://www.amazon.ca/s?k=Minimal%20Storage%20Basket%20SwipeShop%20Studio%20storage","","https://picsum.photos/seed/storage_125/600/600","no","no","yes","no"
"3jCrenVGzmN4a4gdgSOF","Cozy Organizer","Cozy Organizer","Cozy Organizer","SwipeShop Studio","Amazon","Amazon","storage","53.99","https://www.amazon.ca/s?k=Cozy%20Organizer%20SwipeShop%20Studio%20storage","","https://picsum.photos/seed/storage_149/600/600","no","no","yes","no"
"3kJktPZUIZ9zxjLfwYqP","Modern Area Rug","Modern Area Rug","Modern Area Rug","SwipeShop Studio","Amazon","Amazon","storage","85.99","https://www.amazon.ca/s?k=Modern%20Area%20Rug%20SwipeShop%20Studio%20rugs","","https://picsum.photos/seed/rugs_183/600/600","no","no","yes","no"
"3qgBcY9VFMj8K5yccaic","Modern Wool Rug","Modern Wool Rug","Modern Wool Rug","SwipeShop Studio","Amazon","Amazon","storage","97.99","https://www.amazon.ca/s?k=Modern%20Wool%20Rug%20SwipeShop%20Studio%20rugs","","https://picsum.photos/seed/rugs_197/600/600","no","no","yes","no"
"3wW1gb9Z9Uu8AzHrBNpk","Neutral Side Table","Neutral Side Table","Neutral Side Table","SwipeShop Studio","Amazon","Amazon","storage","156.99","https://www.amazon.ca/s?k=Neutral%20Side%20Table%20SwipeShop%20Studio%20tables","","https://picsum.photos/seed/tables_200/600/600","no","no","yes","no"
"3zkE7QBUmNiBcCuK2jqS","Neutral Sheet Set","Neutral Sheet Set","Neutral Sheet Set","SwipeShop Studio","Amazon","Amazon","cozy-bedroom","87.99","https://www.amazon.ca/s?k=Neutral%20Sheet%20Set%20SwipeShop%20Studio%20bedding","","https://picsum.photos/seed/bedding_27/600/600","no","no","yes","no"
"412yQa2CNdSB3vhDwEeQ","Soft Bench","Soft Bench","Soft Bench","SwipeShop Studio","Amazon","Amazon","storage","173.99","https://www.amazon.ca/s?k=Soft%20Bench%20SwipeShop%20Studio%20seating","","https://picsum.photos/seed/seating_19/600/600","no","no","yes","no"
"45Rpj421wRUEt3uUj3X1","Classic Wall Poster","Classic Wall Poster","Classic Wall Poster","SwipeShop Studio","Amazon","Amazon","wall-decor","60.99","https://www.amazon.ca/s?k=Classic%20Wall%20Poster%20SwipeShop%20Studio%20wall_art","","https://picsum.photos/seed/wall_art_58/600/600","no","no","yes","no"
"47YsotDqXp9BEhfpv0EJ","Soft Floor Lamp","Soft Floor Lamp","Soft Floor Lamp","SwipeShop Studio","Amazon","Amazon","lighting","52.99","https://www.amazon.ca/s?k=Soft%20Floor%20Lamp%20SwipeShop%20Studio%20lighting","","https://picsum.photos/seed/lighting_102/600/600","no","no","yes","no"
"4PNJeqmQbezgstreV1Rt","Bold Accent Chair","Bold Accent Chair","Bold Accent Chair","SwipeShop Studio","Amazon","Amazon","storage","167.99","https://www.amazon.ca/s?k=Bold%20Accent%20Chair%20SwipeShop%20Studio%20seating","","https://picsum.photos/seed/seating_137/600/600","no","no","yes","no"
"4Zv6M1Jic8q4Luh3ldHM","Modern Indoor Plant","Modern Indoor Plant","Modern Indoor Plant","SwipeShop Studio","Amazon","Amazon","plants","42.99","https://www.amazon.ca/s?k=Modern%20Indoor%20Plant%20SwipeShop%20Studio%20plants","","https://picsum.photos/seed/plants_37/600/600","no","no","yes","no"
"50hRpp0WyhPKOWYg3irI","Minimal Runner Rug","Minimal Runner Rug","Minimal Runner Rug","SwipeShop Studio","Amazon","Amazon","storage","85.99","https://www.amazon.ca/s?k=Minimal%20Runner%20Rug%20SwipeShop%20Studio%20rugs","","https://picsum.photos/seed/rugs_113/600/600","no","no","yes","no"
"58CKdM5EQMF8HYsFeoKl","Bold Vanity Mirror","Bold Vanity Mirror","Bold Vanity Mirror","SwipeShop Studio","Amazon","Amazon","mirrors","77.99","https://www.amazon.ca/s?k=Bold%20Vanity%20Mirror%20SwipeShop%20Studio%20mirrors","","https://picsum.photos/seed/mirrors_47/600/600","no","no","yes","no"
"5HvlSDZ0FaoEO2w7aXYF","Cozy Canvas Art","Cozy Canvas Art","Cozy Canvas Art","SwipeShop Studio","Amazon","Amazon","wall-decor","48.99","https://www.amazon.ca/s?k=Cozy%20Canvas%20Art%20SwipeShop%20Studio%20wall_art","","https://picsum.photos/seed/wall_art_4/600/600","no","no","yes","no"
"5XV87SntrqfajztESE9k","Classic Wool Rug","Classic Wool Rug","Classic Wool Rug","SwipeShop Studio","Amazon","Amazon","storage","103.99","https://www.amazon.ca/s?k=Classic%20Wool%20Rug%20SwipeShop%20Studio%20rugs","","https://picsum.photos/seed/rugs_29/600/600","no","no","yes","no"
"5XpQgajn5f7unUDbpTUS","Neutral Sheet Set","Neutral Sheet Set","Neutral Sheet Set","SwipeShop Studio","Amazon","Amazon","cozy-bedroom","84.99","https://www.amazon.ca/s?k=Neutral%20Sheet%20Set%20SwipeShop%20Studio%20bedding","","https://picsum.photos/seed/bedding_136/600/600","no","no","yes","no"
"5upfzXXsGsKdnwLTrmR1","Minimal Coffee Table","Minimal Coffee Table","Minimal Coffee Table","SwipeShop Studio","Amazon","Amazon","storage","153.99","https://www.amazon.ca/s?k=Minimal%20Coffee%20Table%20SwipeShop%20Studio%20tables","","https://picsum.photos/seed/tables_39/600/600","no","no","yes","no"
"662vt88BXlU1YuUq7kzd","Classic Shelf Unit","Classic Shelf Unit","Classic Shelf Unit","SwipeShop Studio","Amazon","Amazon","storage","44.99","https://www.amazon.ca/s?k=Classic%20Shelf%20Unit%20SwipeShop%20Studio%20storage","","https://picsum.photos/seed/storage_26/600/600","no","no","yes","no"
"68AZTsMnHgF8i0HJxih8","Cozy Shelf Unit","Cozy Shelf Unit","Cozy Shelf Unit","SwipeShop Studio","Amazon","Amazon","storage","41.99","https://www.amazon.ca/s?k=Cozy%20Shelf%20Unit%20SwipeShop%20Studio%20storage","","https://picsum.photos/seed/storage_65/600/600","no","no","yes","no"
"6NQr8xNQTi7qJ4PKUy13","Soft Framed Print","Soft Framed Print","Soft Framed Print","SwipeShop Studio","Amazon","Amazon","wall-decor","48.99","https://www.amazon.ca/s?k=Soft%20Framed%20Print%20SwipeShop%20Studio%20wall_art","","https://picsum.photos/seed/wall_art_74/600/600","no","no","yes","no"
"6dH434bIm7GC2IplbR6F","Modern Pillow Set","Modern Pillow Set","Modern Pillow Set","SwipeShop Studio","Amazon","Amazon","cozy-bedroom","87.99","https://www.amazon.ca/s?k=Modern%20Pillow%20Set%20SwipeShop%20Studio%20bedding","","https://picsum.photos/seed/bedding_177/600/600","no","no","yes","no"
"6h4oNBT8SWgZG9myI8jU","Neutral Pendant Light","Neutral Pendant Light","Neutral Pendant Light","SwipeShop Studio","Amazon","Amazon","lighting","73.99","https://www.amazon.ca/s?k=Neutral%20Pendant%20Light%20SwipeShop%20Studio%20lighting","","https://picsum.photos/seed/lighting_169/600/600","no","no","yes","no"
"6nX61zTS0T5yAB2FK5IJ","Minimal Serving Tray","Minimal Serving Tray","Minimal Serving Tray","SwipeShop Studio","Amazon","Amazon","storage","28.99","https://www.amazon.ca/s?k=Minimal%20Serving%20Tray%20SwipeShop%20Studio%20kitchen_decor","","https://picsum.photos/seed/kitchen_decor_114/600/600","no","no","yes","no"
"6wtOmNX5qQ4rXcfrKhba","Modern Area Rug","Modern Area Rug","Modern Area Rug","SwipeShop Studio","Amazon","Amazon","storage","97.99","https://www.amazon.ca/s?k=Modern%20Area%20Rug%20SwipeShop%20Studio%20rugs","","https://picsum.photos/seed/rugs_77/600/600","no","no","yes","no"
"71zPtMZHKYe8jb2WhUK2","Modern Ceramic Set","Modern Ceramic Set","Modern Ceramic Set","SwipeShop Studio","Amazon","Amazon","storage","34.99","https://www.amazon.ca/s?k=Modern%20Ceramic%20Set%20SwipeShop%20Studio%20kitchen_decor","","https://picsum.photos/seed/kitchen_decor_136/600/600","no","no","yes","no"
"7SdJ91CScknwY505lNT1","Minimal Framed Print","Minimal Framed Print","Minimal Framed Print","SwipeShop Studio","Amazon","Amazon","wall-decor","60.99","https://www.amazon.ca/s?k=Minimal%20Framed%20Print%20SwipeShop%20Studio%20wall_art","","https://picsum.photos/seed/wall_art_188/600/600","no","no","yes","no"
"7lsII38thluMshsmjsqv","Soft Framed Print","Soft Framed Print","Soft Framed Print","SwipeShop Studio","Amazon","Amazon","wall-decor","57.99","https://www.amazon.ca/s?k=Soft%20Framed%20Print%20SwipeShop%20Studio%20wall_art","","https://picsum.photos/seed/wall_art_177/600/600","no","no","yes","no"
"7nbrSWjG1EL3ZPZhFo4S","Cozy Potted Plant","Cozy Potted Plant","Cozy Potted Plant","SwipeShop Studio","Amazon","Amazon","plants","33.99","https://www.amazon.ca/s?k=Cozy%20Potted%20Plant%20SwipeShop%20Studio%20plants","","https://picsum.photos/seed/plants_174/600/600","no","no","yes","no"
"7pMmtKvfIrfzREElATdH","Cozy Vanity Mirror","Cozy Vanity Mirror","Cozy Vanity Mirror","SwipeShop Studio","Amazon","Amazon","mirrors","62.99","https://www.amazon.ca/s?k=Cozy%20Vanity%20Mirror%20SwipeShop%20Studio%20mirrors","","https://picsum.photos/seed/mirrors_52/600/600","no","no","yes","no"
"7vUInzzbM6RX2yfvJlw2","Classic Coffee Table","Classic Coffee Table","Classic Coffee Table","SwipeShop Studio","Amazon","Amazon","storage","144.99","https://www.amazon.ca/s?k=Classic%20Coffee%20Table%20SwipeShop%20Studio%20tables","","https://picsum.photos/seed/tables_116/600/600","no","no","yes","no"
"879mM2ZfJNtaYbH1ErWp","Minimal Organizer","Minimal Organizer","Minimal Organizer","SwipeShop Studio","Amazon","Amazon","storage","32.99","https://www.amazon.ca/s?k=Minimal%20Organizer%20SwipeShop%20Studio%20storage","","https://picsum.photos/seed/storage_142/600/600","no","no","yes","no"
"8GKqjfjp2vNGMENqj03p","Classic Kitchen Decor","Classic Kitchen Decor","Classic Kitchen Decor","SwipeShop Studio","Amazon","Amazon","storage","19.99","https://www.amazon.ca/s?k=Classic%20Kitchen%20Decor%20SwipeShop%20Studio%20kitchen_decor","","https://picsum.photos/seed/kitchen_decor_91/600/600","no","no","yes","no"
"8MGVqC5R9DFja2P4xHlv","Soft Coffee Table","Soft Coffee Table","Soft Coffee Table","SwipeShop Studio","Amazon","Amazon","storage","144.99","https://www.amazon.ca/s?k=Soft%20Coffee%20Table%20SwipeShop%20Studio%20tables","","https://picsum.photos/seed/tables_56/600/600","no","no","yes","no"
"8Z0NieE2XyDTyqv3nNL1","Cozy Accent Chair","Cozy Accent Chair","Cozy Accent Chair","SwipeShop Studio","Amazon","Amazon","storage","152.99","https://www.amazon.ca/s?k=Cozy%20Accent%20Chair%20SwipeShop%20Studio%20seating","","https://picsum.photos/seed/seating_142/600/600","no","no","yes","no"
"8eE3gMAxLARVgGGTI632","Soft Table Lamp","Soft Table Lamp","Soft Table Lamp","SwipeShop Studio","Amazon","Amazon","lighting","76.99","https://www.amazon.ca/s?k=Soft%20Table%20Lamp%20SwipeShop%20Studio%20lighting","","https://picsum.photos/seed/lighting_130/600/600","no","no","yes","no"
"8joz5ayFmSriprsu5mSc","Minimal Shelf Unit","Minimal Shelf Unit","Minimal Shelf Unit","SwipeShop Studio","Amazon","Amazon","storage","139.99","https://www.amazon.ca/s?k=Minimal%20Shelf%20Unit%20SwipeShop%20Studio%20Storage","","https://picsum.photos/seed/storage_02/600/600","no","no","yes","no"
"8zM7Jg35UOAuZkSxTlNk","Soft Floor Lamp","Soft Floor Lamp","Soft Floor Lamp","SwipeShop Studio","Amazon","Amazon","lighting","70.99","https://www.amazon.ca/s?k=Soft%20Floor%20Lamp%20SwipeShop%20Studio%20lighting","","https://picsum.photos/seed/lighting_128/600/600","no","no","yes","no"
"96Tk11l4wOaeSCYOpbtY","Modern Floor Lamp","Modern Floor Lamp","Modern Floor Lamp","SwipeShop Studio","Amazon","Amazon","lighting","55.99","https://www.amazon.ca/s?k=Modern%20Floor%20Lamp%20SwipeShop%20Studio%20lighting","","https://picsum.photos/seed/lighting_23/600/600","no","no","yes","no"
"98UB6BmA30SRodXMqLZC","Classic Canvas Art","Classic Canvas Art","Classic Canvas Art","SwipeShop Studio","Amazon","Amazon","wall-decor","54.99","https://www.amazon.ca/s?k=Classic%20Canvas%20Art%20SwipeShop%20Studio%20wall_art","","https://picsum.photos/seed/wall_art_166/600/600","no","no","yes","no"
"9QV8YuewU5ZTwfDOho8M","Soft Bench","Soft Bench","Soft Bench","SwipeShop Studio","Amazon","Amazon","storage","155.99","https://www.amazon.ca/s?k=Soft%20Bench%20SwipeShop%20Studio%20seating","","https://picsum.photos/seed/seating_23/600/600","no","no","yes","no"
"9WvH9C3o7Mprjqogh42d","Minimal Console Table","Minimal Console Table","Minimal Console Table","SwipeShop Studio","Amazon","Amazon","storage","129.99","https://www.amazon.ca/s?k=Minimal%20Console%20Table%20SwipeShop%20Studio%20Tables","","https://picsum.photos/seed/tables_03/600/600","no","no","yes","no"
"9YNOvVfKZF2HAW0XyHfz","Soft Accent Chair","Soft Accent Chair","Soft Accent Chair","SwipeShop Studio","Amazon","Amazon","storage","167.99","https://www.amazon.ca/s?k=Soft%20Accent%20Chair%20SwipeShop%20Studio%20seating","","https://picsum.photos/seed/seating_17/600/600","no","no","yes","no"
"9dFmATIaupwQyV8jMoeX","Neutral Wool Rug","Neutral Wool Rug","Neutral Wool Rug","SwipeShop Studio","Amazon","Amazon","storage","103.99","https://www.amazon.ca/s?k=Neutral%20Wool%20Rug%20SwipeShop%20Studio%20rugs","","https://picsum.photos/seed/rugs_79/600/600","no","no","yes","no"
"9vnngoq5Ey0CLrswiJFg","Minimal Bench","Minimal Bench","Minimal Bench","SwipeShop Studio","Amazon","Amazon","storage","176.99","https://www.amazon.ca/s?k=Minimal%20Bench%20SwipeShop%20Studio%20seating","","https://picsum.photos/seed/seating_180/600/600","no","no","yes","no"
"9yxtGnYVduCs3ZczS4t5","Neutral Console Table","Neutral Console Table","Neutral Console Table","SwipeShop Studio","Amazon","Amazon","storage","150.99","https://www.amazon.ca/s?k=Neutral%20Console%20Table%20SwipeShop%20Studio%20tables","","https://picsum.photos/seed/tables_158/600/600","no","no","yes","no"
"A7PeBUvoCb3brse6q1lC","Cozy Vanity Mirror","Cozy Vanity Mirror","Cozy Vanity Mirror","SwipeShop Studio","Amazon","Amazon","mirrors","62.99","https://www.amazon.ca/s?k=Cozy%20Vanity%20Mirror%20SwipeShop%20Studio%20mirrors","","https://picsum.photos/seed/mirrors_2/600/600","no","no","yes","no"
"AE9cH4btnjlLoBbCQfXc","Classic Bench","Classic Bench","Classic Bench","SwipeShop Studio","Amazon","Amazon","storage","176.99","https://www.amazon.ca/s?k=Classic%20Bench%20SwipeShop%20Studio%20seating","","https://picsum.photos/seed/seating_170/600/600","no","no","yes","no"
"ASkgYbBiaxTYCH6NlQ41","Classic Wall Mirror","Classic Wall Mirror","Classic Wall Mirror","SwipeShop Studio","Amazon","Amazon","mirrors","71.99","https://www.amazon.ca/s?k=Classic%20Wall%20Mirror%20SwipeShop%20Studio%20mirrors","","https://picsum.photos/seed/mirrors_45/600/600","no","no","yes","no"
"ATLemfWOdFmQ67A9Ultx","Modern Shelf Unit","Modern Shelf Unit","Modern Shelf Unit","SwipeShop Studio","Amazon","Amazon","storage","35.99","https://www.amazon.ca/s?k=Modern%20Shelf%20Unit%20SwipeShop%20Studio%20storage","","https://picsum.photos/seed/storage_93/600/600","no","no","yes","no"
"AVhqllYH8HD3EIX5x4tb","Modern Vanity Mirror","Modern Vanity Mirror","Modern Vanity Mirror","SwipeShop Studio","Amazon","Amazon","mirrors","59.99","https://www.amazon.ca/s?k=Modern%20Vanity%20Mirror%20SwipeShop%20Studio%20mirrors","","https://picsum.photos/seed/mirrors_191/600/600","no","no","yes","no"
"AhWQByDizdet2QOvKlse","Minimal Wall Poster","Minimal Wall Poster","Minimal Wall Poster","SwipeShop Studio","Amazon","Amazon","wall-decor","60.99","https://www.amazon.ca/s?k=Minimal%20Wall%20Poster%20SwipeShop%20Studio%20wall_art","","https://picsum.photos/seed/wall_art_148/600/600","no","no","yes","no"
"AiIxLrZeSPXNK4KnCqn2","Bold Pendant Light","Bold Pendant Light","Bold Pendant Light","SwipeShop Studio","Amazon","Amazon","lighting","64.99","https://www.amazon.ca/s?k=Bold%20Pendant%20Light%20SwipeShop%20Studio%20lighting","","https://picsum.photos/seed/lighting_16/600/600","no","no","yes","no"
"AinFjKrLSkDHZ2bQxBFr","Bold Wall Poster","Bold Wall Poster","Bold Wall Poster","SwipeShop Studio","Amazon","Amazon","wall-decor","45.99","https://www.amazon.ca/s?k=Bold%20Wall%20Poster%20SwipeShop%20Studio%20wall_art","","https://picsum.photos/seed/wall_art_103/600/600","no","no","yes","no"
"B4JpjRxtZjLL27uuAPDA","Minimal Storage Basket","Minimal Storage Basket","Minimal Storage Basket","SwipeShop Studio","Amazon","Amazon","storage","32.99","https://www.amazon.ca/s?k=Minimal%20Storage%20Basket%20SwipeShop%20Studio%20storage","","https://picsum.photos/seed/storage_172/600/600","no","no","yes","no"
"B9wTLFkCR07DDoZFPTga","Classic Organizer","Classic Organizer","Classic Organizer","SwipeShop Studio","Amazon","Amazon","storage","44.99","https://www.amazon.ca/s?k=Classic%20Organizer%20SwipeShop%20Studio%20storage","","https://picsum.photos/seed/storage_146/600/600","no","no","yes","no"
"BXFtGgQbDjzmuBP6hh9P","Minimal Stool","Minimal Stool","Minimal Stool","SwipeShop Studio","Amazon","Amazon","storage","167.99","https://www.amazon.ca/s?k=Minimal%20Stool%20SwipeShop%20Studio%20seating","","https://picsum.photos/seed/seating_127/600/600","no","no","yes","no"
"BYmMOYmOWhlXTiLneaSM","Hanging Plant Pot","Hanging Plant Pot","Hanging Plant Pot","SwipeShop Studio","Amazon","Amazon","plants","19.99","https://www.amazon.ca/s?k=Hanging%20Plant%20Pot%20SwipeShop%20Studio%20Plants","","https://picsum.photos/seed/plants_03/600/600","no","no","yes","no"
"Bcjj69T9i0clSLvLRCt4","Soft Wall Mirror","Soft Wall Mirror","Soft Wall Mirror","SwipeShop Studio","Amazon","Amazon","mirrors","86.99","https://www.amazon.ca/s?k=Soft%20Wall%20Mirror%20SwipeShop%20Studio%20mirrors","","https://picsum.photos/seed/mirrors_100/600/600","no","no","yes","no"
"BezxnEQkO78i5hua9HFU","Bold Serving Tray","Bold Serving Tray","Bold Serving Tray","SwipeShop Studio","Amazon","Amazon","storage","19.99","https://www.amazon.ca/s?k=Bold%20Serving%20Tray%20SwipeShop%20Studio%20kitchen_decor","","https://picsum.photos/seed/kitchen_decor_171/600/600","no","no","yes","no"
"Bj2KF1qA7148VznNzIvs","Soft Wool Rug","Soft Wool Rug","Soft Wool Rug","SwipeShop Studio","Amazon","Amazon","storage","82.99","https://www.amazon.ca/s?k=Soft%20Wool%20Rug%20SwipeShop%20Studio%20rugs","","https://picsum.photos/seed/rugs_72/600/600","no","no","yes","no"
"BzBjYH9lbgGpY700JfdQ","Wood Cutting Board Set","Wood Cutting Board Set","Wood Cutting Board Set","SwipeShop Studio","Amazon","Amazon","storage","29.99","https://www.amazon.ca/s?k=Wood%20Cutting%20Board%20Set%20SwipeShop%20Studio%20Kitchen%20Decor","","https://picsum.photos/seed/kitchen_02/600/600","no","no","yes","no"
"C1o6MhHyVAJCOHDuMUSa","Classic Planter","Classic Planter","Classic Planter","SwipeShop Studio","Amazon","Amazon","plants","27.99","https://www.amazon.ca/s?k=Classic%20Planter%20SwipeShop%20Studio%20plants","","https://picsum.photos/seed/plants_62/600/600","no","no","yes","no"
"C8ey8HL6LzscsBLnzUmp","Soft Side Table","Soft Side Table","Soft Side Table","SwipeShop Studio","Amazon","Amazon","storage","144.99","https://www.amazon.ca/s?k=Soft%20Side%20Table%20SwipeShop%20Studio%20tables","","https://picsum.photos/seed/tables_186/600/600","no","no","yes","no"
"CBz1PpqW14by4dXjK2HJ","Landscape Poster","Landscape Poster","Landscape Poster","SwipeShop Studio","Amazon","Amazon","wall-decor","24.99","https://www.amazon.ca/s?k=Landscape%20Poster%20SwipeShop%20Studio%20Wall%20Art","","https://picsum.photos/seed/wall_art_03/600/600","no","no","yes","no"
"COwLGDg4mr21fUWJm1d3","Neutral Organizer","Neutral Organizer","Neutral Organizer","SwipeShop Studio","Amazon","Amazon","storage","41.99","https://www.amazon.ca/s?k=Neutral%20Organizer%20SwipeShop%20Studio%20storage","","https://picsum.photos/seed/storage_155/600/600","no","no","yes","no"
"CPv0CDYkjv0mqzqm2JCr","Modern Shelf Unit","Modern Shelf Unit","Modern Shelf Unit","SwipeShop Studio","Amazon","Amazon","storage","29.99","https://www.amazon.ca/s?k=Modern%20Shelf%20Unit%20SwipeShop%20Studio%20storage","","https://picsum.photos/seed/storage_11/600/600","no","no","yes","no"
"CasI8k1vrWET1WdEI0zQ","Wood Side Table","Wood Side Table","Wood Side Table","SwipeShop Studio","Amazon","Amazon","storage","69.99","https://www.amazon.ca/s?k=Wood%20Side%20Table%20SwipeShop%20Studio%20Tables","","https://picsum.photos/seed/tables_02/600/600","no","no","yes","no"
"CbR2KgXzl8n4eStIVvQz","Linen Duvet Set","Linen Duvet Set","Linen Duvet Set","SwipeShop Studio","Amazon","Amazon","cozy-bedroom","119.99","https://www.amazon.ca/s?k=Linen%20Duvet%20Set%20SwipeShop%20Studio%20Bedding","","https://picsum.photos/seed/bedding_01/600/600","no","no","yes","no"
"Cy0ImK5LbFry1rvyoOik","Bold Ceramic Set","Bold Ceramic Set","Bold Ceramic Set","SwipeShop Studio","Amazon","Amazon","storage","40.99","https://www.amazon.ca/s?k=Bold%20Ceramic%20Set%20SwipeShop%20Studio%20kitchen_decor","","https://picsum.photos/seed/kitchen_decor_88/600/600","no","no","yes","no"
"CyezIcJVVAkbg0F2UAaZ","Classic Vanity Mirror","Classic Vanity Mirror","Classic Vanity Mirror","SwipeShop Studio","Amazon","Amazon","mirrors","59.99","https://www.amazon.ca/s?k=Classic%20Vanity%20Mirror%20SwipeShop%20Studio%20mirrors","","https://picsum.photos/seed/mirrors_131/600/600","no","no","yes","no"
"D2wv5aRMwrHe4h65JT18","Minimal Pillow Set","Minimal Pillow Set","Minimal Pillow Set","SwipeShop Studio","Amazon","Amazon","cozy-bedroom","96.99","https://www.amazon.ca/s?k=Minimal%20Pillow%20Set%20SwipeShop%20Studio%20bedding","","https://picsum.photos/seed/bedding_70/600/600","no","no","yes","no"
"D8bmaalqScM8Z2b69302","Modern Coffee Table","Modern Coffee Table","Modern Coffee Table","SwipeShop Studio","Amazon","Amazon","storage","147.99","https://www.amazon.ca/s?k=Modern%20Coffee%20Table%20SwipeShop%20Studio%20tables","","https://picsum.photos/seed/tables_157/600/600","no","no","yes","no"
"DGkxIvhZfy9HtVYWW28L","Modern Pendant Light","Modern Pendant Light","Modern Pendant Light","SwipeShop Studio","Amazon","Amazon","lighting","73.99","https://www.amazon.ca/s?k=Modern%20Pendant%20Light%20SwipeShop%20Studio%20lighting","","https://picsum.photos/seed/lighting_119/600/600","no","no","yes","no"
"DSFyY4qR3I8pXVYKt3C1","Minimal Ceramic Set","Minimal Ceramic Set","Minimal Ceramic Set","SwipeShop Studio","Amazon","Amazon","storage","25.99","https://www.amazon.ca/s?k=Minimal%20Ceramic%20Set%20SwipeShop%20Studio%20kitchen_decor","","https://picsum.photos/seed/kitchen_decor_183/600/600","no","no","yes","no"
"DbjcyZ15stH9CBYnbAKZ","Classic Console Table","Classic Console Table","Classic Console Table","SwipeShop Studio","Amazon","Amazon","storage","156.99","https://www.amazon.ca/s?k=Classic%20Console%20Table%20SwipeShop%20Studio%20tables","","https://picsum.photos/seed/tables_40/600/600","no","no","yes","no"
"Dla3rrKjz89L3HAwytFr","Neutral Kitchen Decor","Neutral Kitchen Decor","Neutral Kitchen Decor","SwipeShop Studio","Amazon","Amazon","storage","34.99","https://www.amazon.ca/s?k=Neutral%20Kitchen%20Decor%20SwipeShop%20Studio%20kitchen_decor","","https://picsum.photos/seed/kitchen_decor_36/600/600","no","no","yes","no"
"DngeAvI1WWuy5xKPjuOs","Cozy Wall Mirror","Cozy Wall Mirror","Cozy Wall Mirror","SwipeShop Studio","Amazon","Amazon","mirrors","80.99","https://www.amazon.ca/s?k=Cozy%20Wall%20Mirror%20SwipeShop%20Studio%20mirrors","","https://picsum.photos/seed/mirrors_168/600/600","no","no","yes","no"
"DoUrjVaYMO8DGSUKqZMS","Bold Indoor Plant","Bold Indoor Plant","Bold Indoor Plant","SwipeShop Studio","Amazon","Amazon","plants","39.99","https://www.amazon.ca/s?k=Bold%20Indoor%20Plant%20SwipeShop%20Studio%20plants","","https://picsum.photos/seed/plants_106/600/600","no","no","yes","no"
"Drl0P5sysWuoCnDJ5bKU","Soft Serving Tray","Soft Serving Tray","Soft Serving Tray","SwipeShop Studio","Amazon","Amazon","storage","19.99","https://www.amazon.ca/s?k=Soft%20Serving%20Tray%20SwipeShop%20Studio%20kitchen_decor","","https://picsum.photos/seed/kitchen_decor_161/600/600","no","no","yes","no"
"Dw9CulNFtMq5ONVfsxgP","Soft Table Lamp","Soft Table Lamp","Soft Table Lamp","SwipeShop Studio","Amazon","Amazon","lighting","76.99","https://www.amazon.ca/s?k=Soft%20Table%20Lamp%20SwipeShop%20Studio%20lighting","","https://picsum.photos/seed/lighting_50/600/600","no","no","yes","no"
"Dy2pHWRdHm8NqrnNyMOS","Modern Ceramic Set","Modern Ceramic Set","Modern Ceramic Set","SwipeShop Studio","Amazon","Amazon","storage","31.99","https://www.amazon.ca/s?k=Modern%20Ceramic%20Set%20SwipeShop%20Studio%20kitchen_decor","","https://picsum.photos/seed/kitchen_decor_95/600/600","no","no","yes","no"
"E20S0DpEV5yysDPK9ILI","Modern Table Lamp","Modern Table Lamp","Modern Table Lamp","Amazon","Amazon","Amazon","lighting","49.99","https://www.amazon.ca/s?k=Modern%20Table%20Lamp%20Lightning","","https://picsum.photos/seed/lamp1/600/600","no","no","yes","no"
"EIrCkLro1BTxMCzovh4m","Cozy Wool Rug","Cozy Wool Rug","Cozy Wool Rug","SwipeShop Studio","Amazon","Amazon","storage","106.99","https://www.amazon.ca/s?k=Cozy%20Wool%20Rug%20SwipeShop%20Studio%20rugs","","https://picsum.photos/seed/rugs_140/600/600","no","no","yes","no"
"EVMtl4FSsITPTsDKxk47","Modern Accent Chair","Modern Accent Chair","Modern Accent Chair","SwipeShop Studio","Amazon","Amazon","storage","176.99","https://www.amazon.ca/s?k=Modern%20Accent%20Chair%20SwipeShop%20Studio%20seating","","https://picsum.photos/seed/seating_150/600/600","no","no","yes","no"
"EVzzZE2CDnt2r5fmOt5K","Minimal Pillow Set","Minimal Pillow Set","Minimal Pillow Set","SwipeShop Studio","Amazon","Amazon","cozy-bedroom","81.99","https://www.amazon.ca/s?k=Minimal%20Pillow%20Set%20SwipeShop%20Studio%20bedding","","https://picsum.photos/seed/bedding_15/600/600","no","no","yes","no"
"EWpbaySRFau8gNaM91pt","Cozy Accent Chair","Cozy Accent Chair","Cozy Accent Chair","SwipeShop Studio","Amazon","Amazon","storage","170.99","https://www.amazon.ca/s?k=Cozy%20Accent%20Chair%20SwipeShop%20Studio%20seating","","https://picsum.photos/seed/seating_38/600/600","no","no","yes","no"
"EfPa779vIfB8tq6x7FwR","Cozy Coffee Table","Cozy Coffee Table","Cozy Coffee Table","SwipeShop Studio","Amazon","Amazon","storage","156.99","https://www.amazon.ca/s?k=Cozy%20Coffee%20Table%20SwipeShop%20Studio%20tables","","https://picsum.photos/seed/tables_150/600/600","no","no","yes","no"
"Ep6lF3ZOzzDNqS1MhE9F","Minimal Stool","Minimal Stool","Minimal Stool","SwipeShop Studio","Amazon","Amazon","storage","155.99","https://www.amazon.ca/s?k=Minimal%20Stool%20SwipeShop%20Studio%20seating","","https://picsum.photos/seed/seating_83/600/600","no","no","yes","no"
"Eqz5YKYwFoOdlcqjIi40","Faux Olive Tree","Faux Olive Tree","Faux Olive Tree","SwipeShop Studio","Amazon","Amazon","plants","79.99","https://www.amazon.ca/s?k=Faux%20Olive%20Tree%20SwipeShop%20Studio%20Plants","","https://picsum.photos/seed/plants_01/600/600","no","no","yes","no"
"F08hJ9GAZtSmqfzwJj6R","Minimal Vanity Mirror","Minimal Vanity Mirror","Minimal Vanity Mirror","SwipeShop Studio","Amazon","Amazon","mirrors","65.99","https://www.amazon.ca/s?k=Minimal%20Vanity%20Mirror%20SwipeShop%20Studio%20mirrors","","https://picsum.photos/seed/mirrors_113/600/600","no","no","yes","no"
"FEQ7GCTJ4WrAcLtkCIZZ","Entryway Shoe Cabinet","Entryway Shoe Cabinet","Entryway Shoe Cabinet","SwipeShop Studio","Amazon","Amazon","storage","159.99","https://www.amazon.ca/s?k=Entryway%20Shoe%20Cabinet%20SwipeShop%20Studio%20Storage","","https://picsum.photos/seed/storage_03/600/600","no","no","yes","no"
"FH48pPgzPrmyRMbAz3gF","Bold Wall Mirror","Bold Wall Mirror","Bold Wall Mirror","SwipeShop Studio","Amazon","Amazon","mirrors","62.99","https://www.amazon.ca/s?k=Bold%20Wall%20Mirror%20SwipeShop%20Studio%20mirrors","","https://picsum.photos/seed/mirrors_182/600/600","no","no","yes","no"
"FPY72MOkE4xO48B80x9B","Neutral Vanity Mirror","Neutral Vanity Mirror","Neutral Vanity Mirror","SwipeShop Studio","Amazon","Amazon","mirrors","74.99","https://www.amazon.ca/s?k=Neutral%20Vanity%20Mirror%20SwipeShop%20Studio%20mirrors","","https://picsum.photos/seed/mirrors_96/600/600","no","no","yes","no"
"FQRKgEUB9TkNZaVKRial","Neutral Side Table","Neutral Side Table","Neutral Side Table","SwipeShop Studio","Amazon","Amazon","storage","129.99","https://www.amazon.ca/s?k=Neutral%20Side%20Table%20SwipeShop%20Studio%20tables","","https://picsum.photos/seed/tables_81/600/600","no","no","yes","no"
"FTGkeqyCByUkUSLRs1GP","Minimal Runner Rug","Minimal Runner Rug","Minimal Runner Rug","SwipeShop Studio","Amazon","Amazon","storage","59.99","https://www.amazon.ca/s?k=Minimal%20Runner%20Rug%20SwipeShop%20Studio%20Rugs","","https://picsum.photos/seed/rugs_03/600/600","no","no","yes","no"
"FUjiAwBCpaLHKDghhtIO","Minimal Potted Plant","Minimal Potted Plant","Minimal Potted Plant","SwipeShop Studio","Amazon","Amazon","plants","27.99","https://www.amazon.ca/s?k=Minimal%20Potted%20Plant%20SwipeShop%20Studio%20plants","","https://picsum.photos/seed/plants_2/600/600","no","no","yes","no"
"FVbdKy6519GIVRLfFYfn","Minimal Round Mirror","Minimal Round Mirror","Minimal Round Mirror","SwipeShop Studio","Amazon","Amazon","mirrors","62.99","https://www.amazon.ca/s?k=Minimal%20Round%20Mirror%20SwipeShop%20Studio%20mirrors","","https://picsum.photos/seed/mirrors_122/600/600","no","no","yes","no"
"FgqBCzirAf5RpnLvY4SD","Soft Runner Rug","Soft Runner Rug","Soft Runner Rug","SwipeShop Studio","Amazon","Amazon","storage","88.99","https://www.amazon.ca/s?k=Soft%20Runner%20Rug%20SwipeShop%20Studio%20rugs","","https://picsum.photos/seed/rugs_164/600/600","no","no","yes","no"
"FjBw9AB5vswGDA2twNeE","Neutral Console Table","Neutral Console Table","Neutral Console Table","SwipeShop Studio","Amazon","Amazon","storage","132.99","https://www.amazon.ca/s?k=Neutral%20Console%20Table%20SwipeShop%20Studio%20tables","","https://picsum.photos/seed/tables_112/600/600","no","no","yes","no"
"FktYZkf1XtixBN9dqbhy","Cozy Bench","Cozy Bench","Cozy Bench","SwipeShop Studio","Amazon","Amazon","storage","152.99","https://www.amazon.ca/s?k=Cozy%20Bench%20SwipeShop%20Studio%20seating","","https://picsum.photos/seed/seating_122/600/600","no","no","yes","no"
"FoUSn6dyQIrv8ZUjcrmC","Woven Storage Basket","Woven Storage Basket","Woven Storage Basket","SwipeShop Studio","Amazon","Amazon","storage","24.99","https://www.amazon.ca/s?k=Woven%20Storage%20Basket%20SwipeShop%20Studio%20Storage","","https://picsum.photos/seed/storage_01/600/600","no","no","yes","no"
"G58YHXBd57w3nNqvbsYL","Minimal Shelf Unit","Minimal Shelf Unit","Minimal Shelf Unit","SwipeShop Studio","Amazon","Amazon","storage","53.99","https://www.amazon.ca/s?k=Minimal%20Shelf%20Unit%20SwipeShop%20Studio%20storage","","https://picsum.photos/seed/storage_189/600/600","no","no","yes","no"
"Gcpej4Q92ZYWkvIdBxsw","Minimal Planter","Minimal Planter","Minimal Planter","SwipeShop Studio","Amazon","Amazon","plants","51.99","https://www.amazon.ca/s?k=Minimal%20Planter%20SwipeShop%20Studio%20plants","","https://picsum.photos/seed/plants_30/600/600","no","no","yes","no"
"GjzjySmaBnR9m0J8CY62","Soft Wall Poster","Soft Wall Poster","Soft Wall Poster","SwipeShop Studio","Amazon","Amazon","wall-decor","51.99","https://www.amazon.ca/s?k=Soft%20Wall%20Poster%20SwipeShop%20Studio%20wall_art","","https://picsum.photos/seed/wall_art_75/600/600","no","no","yes","no"
"GnCqgDVapLweVSpGpEUq","Soft Bench","Soft Bench","Soft Bench","SwipeShop Studio","Amazon","Amazon","storage","152.99","https://www.amazon.ca/s?k=Soft%20Bench%20SwipeShop%20Studio%20seating","","https://picsum.photos/seed/seating_62/600/600","no","no","yes","no"
"Gph67eKsyZvpcP9nsof1","Classic Shelf Unit","Classic Shelf Unit","Classic Shelf Unit","SwipeShop Studio","Amazon","Amazon","storage","47.99","https://www.amazon.ca/s?k=Classic%20Shelf%20Unit%20SwipeShop%20Studio%20storage","","https://picsum.photos/seed/storage_57/600/600","no","no","yes","no"
"GyqkpejgA81pSmDoo3u0","Bold Ceramic Set","Bold Ceramic Set","Bold Ceramic Set","SwipeShop Studio","Amazon","Amazon","storage","40.99","https://www.amazon.ca/s?k=Bold%20Ceramic%20Set%20SwipeShop%20Studio%20kitchen_decor","","https://picsum.photos/seed/kitchen_decor_98/600/600","no","no","yes","no"
"H4JvMXlGzmKD5vy0Eym4","Bold Stool","Bold Stool","Bold Stool","SwipeShop Studio","Amazon","Amazon","storage","149.99","https://www.amazon.ca/s?k=Bold%20Stool%20SwipeShop%20Studio%20seating","","https://picsum.photos/seed/seating_141/600/600","no","no","yes","no"
"H8xdUfqETJS2MIRlO47s","Modern Floor Lamp","Modern Floor Lamp","Modern Floor Lamp","SwipeShop Studio","Amazon","Amazon","lighting","76.99","https://www.amazon.ca/s?k=Modern%20Floor%20Lamp%20SwipeShop%20Studio%20lighting","","https://picsum.photos/seed/lighting_140/600/600","no","no","yes","no"
"HSZrWfxiXuuevvlnT4qG","Minimal Pillow Set","Minimal Pillow Set","Minimal Pillow Set","SwipeShop Studio","Amazon","Amazon","cozy-bedroom","78.99","https://www.amazon.ca/s?k=Minimal%20Pillow%20Set%20SwipeShop%20Studio%20bedding","","https://picsum.photos/seed/bedding_34/600/600","no","no","yes","no"
"HfoDYcB4eY89YU4afhNC","Bold Runner Rug","Bold Runner Rug","Bold Runner Rug","SwipeShop Studio","Amazon","Amazon","storage","91.99","https://www.amazon.ca/s?k=Bold%20Runner%20Rug%20SwipeShop%20Studio%20rugs","","https://picsum.photos/seed/rugs_195/600/600","no","no","yes","no"
"HgGe5ua4dgui4dljcljW","Minimal Shelf Unit","Minimal Shelf Unit","Minimal Shelf Unit","SwipeShop Studio","Amazon","Amazon","storage","139.99","https://www.amazon.ca/s?k=Minimal%20Shelf%20Unit%20SwipeShop%20Studio%20Storage","","https://picsum.photos/seed/storage_02/600/600","no","no","yes","no"
"HnoAE1mhxHE2uNmm4xIM","Modern Duvet Set","Modern Duvet Set","Modern Duvet Set","SwipeShop Studio","Amazon","Amazon","cozy-bedroom","81.99","https://www.amazon.ca/s?k=Modern%20Duvet%20Set%20SwipeShop%20Studio%20bedding","","https://picsum.photos/seed/bedding_185/600/600","no","no","yes","no"
"Hw1pYjPGEY2jlhba4ZBn","Soft Coffee Table","Soft Coffee Table","Soft Coffee Table","SwipeShop Studio","Amazon","Amazon","storage","144.99","https://www.amazon.ca/s?k=Soft%20Coffee%20Table%20SwipeShop%20Studio%20tables","","https://picsum.photos/seed/tables_26/600/600","no","no","yes","no"
"Hydlaj7TRLlUCo26AmWK","Round Wall Mirror","Round Wall Mirror","Round Wall Mirror","SwipeShop Studio","Amazon","Amazon","mirrors","59.99","https://www.amazon.ca/s?k=Round%20Wall%20Mirror%20SwipeShop%20Studio%20Mirrors","","https://picsum.photos/seed/mirrors_01/600/600","no","no","yes","no"
"HywrEGnULzJL1bsYEVfS","Soft Stool","Soft Stool","Soft Stool","SwipeShop Studio","Amazon","Amazon","storage","158.99","https://www.amazon.ca/s?k=Soft%20Stool%20SwipeShop%20Studio%20seating","","https://picsum.photos/seed/seating_54/600/600","no","no","yes","no"
"I8BEqPOvztwVHbKl5pwM","Classic Wall Poster","Classic Wall Poster","Classic Wall Poster","SwipeShop Studio","Amazon","Amazon","wall-decor","42.99","https://www.amazon.ca/s?k=Classic%20Wall%20Poster%20SwipeShop%20Studio%20wall_art","","https://picsum.photos/seed/wall_art_92/600/600","no","no","yes","no"
"IlNv9KioYhOpgZd7yM6d","Neutral Side Table","Neutral Side Table","Neutral Side Table","SwipeShop Studio","Amazon","Amazon","storage","144.99","https://www.amazon.ca/s?k=Neutral%20Side%20Table%20SwipeShop%20Studio%20tables","","https://picsum.photos/seed/tables_36/600/600","no","no","yes","no"
"ItCpe247P4fqC9yNq6Zx","Classic Round Mirror","Classic Round Mirror","Classic Round Mirror","SwipeShop Studio","Amazon","Amazon","mirrors","86.99","https://www.amazon.ca/s?k=Classic%20Round%20Mirror%20SwipeShop%20Studio%20mirrors","","https://picsum.photos/seed/mirrors_90/600/600","no","no","yes","no"
"ItEpkBYUXC3n6Q19eLjt","Bold Runner Rug","Bold Runner Rug","Bold Runner Rug","SwipeShop Studio","Amazon","Amazon","storage","100.99","https://www.amazon.ca/s?k=Bold%20Runner%20Rug%20SwipeShop%20Studio%20rugs","","https://picsum.photos/seed/rugs_108/600/600","no","no","yes","no"
"IuYeHxjWQwjzxIwZXBUh","Neutral Duvet Set","Neutral Duvet Set","Neutral Duvet Set","SwipeShop Studio","Amazon","Amazon","cozy-bedroom","81.99","https://www.amazon.ca/s?k=Neutral%20Duvet%20Set%20SwipeShop%20Studio%20bedding","","https://picsum.photos/seed/bedding_105/600/600","no","no","yes","no"
"J4a68d042Rba8gwIejSt","Modern Table Lamp","Modern Table Lamp","Modern Table Lamp","SwipeShop Studio","Amazon","Amazon","lighting","49.99","https://www.amazon.ca/s?k=Modern%20Table%20Lamp%20SwipeShop%20Studio%20Lighting","","https://picsum.photos/seed/lighting_01/600/600","no","no","yes","no"
"JGEloy7I8aMrO4Mg6FCt","Cozy Canvas Art","Cozy Canvas Art","Cozy Canvas Art","SwipeShop Studio","Amazon","Amazon","wall-decor","42.99","https://www.amazon.ca/s?k=Cozy%20Canvas%20Art%20SwipeShop%20Studio%20wall_art","","https://picsum.photos/seed/wall_art_152/600/600","no","no","yes","no"
"JJEfWrWLmzilbd4ySD1b","Modern Stool","Modern Stool","Modern Stool","SwipeShop Studio","Amazon","Amazon","storage","176.99","https://www.amazon.ca/s?k=Modern%20Stool%20SwipeShop%20Studio%20seating","","https://picsum.photos/seed/seating_30/600/600","no","no","yes","no"
"JSumpMGXMm3ovM0Qkzlq","Soft Shelf Unit","Soft Shelf Unit","Soft Shelf Unit","SwipeShop Studio","Amazon","Amazon","storage","35.99","https://www.amazon.ca/s?k=Soft%20Shelf%20Unit%20SwipeShop%20Studio%20storage","","https://picsum.photos/seed/storage_163/600/600","no","no","yes","no"
"JY6hqFLINwhnvGrG0XsD","Neutral Area Rug","Neutral Area Rug","Neutral Area Rug","SwipeShop Studio","Amazon","Amazon","storage","97.99","https://www.amazon.ca/s?k=Neutral%20Area%20Rug%20SwipeShop%20Studio%20rugs","","https://picsum.photos/seed/rugs_127/600/600","no","no","yes","no"
"JZEy8zMjymcyp4KsLqSL","Modern Indoor Plant","Modern Indoor Plant","Modern Indoor Plant","SwipeShop Studio","Amazon","Amazon","plants","30.99","https://www.amazon.ca/s?k=Modern%20Indoor%20Plant%20SwipeShop%20Studio%20plants","","https://picsum.photos/seed/plants_13/600/600","no","no","yes","no"
"K0pANLIg63aqCvJZn5BG","Minimal Pendant Light","Minimal Pendant Light","Minimal Pendant Light","SwipeShop Studio","Amazon","Amazon","lighting","76.99","https://www.amazon.ca/s?k=Minimal%20Pendant%20Light%20SwipeShop%20Studio%20lighting","","https://picsum.photos/seed/lighting_60/600/600","no","no","yes","no"
"K4LYrvjpYtwWgNLJxhjz","Bold Ceramic Set","Bold Ceramic Set","Bold Ceramic Set","SwipeShop Studio","Amazon","Amazon","storage","25.99","https://www.amazon.ca/s?k=Bold%20Ceramic%20Set%20SwipeShop%20Studio%20kitchen_decor","","https://picsum.photos/seed/kitchen_decor_133/600/600","no","no","yes","no"
"KAJANlCjjlfvv4RTSVdk","Classic Planter","Classic Planter","Classic Planter","SwipeShop Studio","Amazon","Amazon","plants","45.99","https://www.amazon.ca/s?k=Classic%20Planter%20SwipeShop%20Studio%20plants","","https://picsum.photos/seed/plants_68/600/600","no","no","yes","no"
"KCJ1sVhx7Z0ucA1dJ2kn","Cozy Serving Tray","Cozy Serving Tray","Cozy Serving Tray","SwipeShop Studio","Amazon","Amazon","storage","37.99","https://www.amazon.ca/s?k=Cozy%20Serving%20Tray%20SwipeShop%20Studio%20kitchen_decor","","https://picsum.photos/seed/kitchen_decor_197/600/600","no","no","yes","no"
"KGZPWTXWk7fTo9agooN6","Minimal Area Rug","Minimal Area Rug","Minimal Area Rug","SwipeShop Studio","Amazon","Amazon","storage","94.99","https://www.amazon.ca/s?k=Minimal%20Area%20Rug%20SwipeShop%20Studio%20rugs","","https://picsum.photos/seed/rugs_76/600/600","no","no","yes","no"
"KHUUtQvdJQhxAXcYS5vp","Neutral Wool Rug","Neutral Wool Rug","Neutral Wool Rug","SwipeShop Studio","Amazon","Amazon","storage","100.99","https://www.amazon.ca/s?k=Neutral%20Wool%20Rug%20SwipeShop%20Studio%20rugs","","https://picsum.photos/seed/rugs_98/600/600","no","no","yes","no"
"KYOsMCS5viqcBDLglZkI","Classic Canvas Art","Classic Canvas Art","Classic Canvas Art","SwipeShop Studio","Amazon","Amazon","wall-decor","60.99","https://www.amazon.ca/s?k=Classic%20Canvas%20Art%20SwipeShop%20Studio%20wall_art","","https://picsum.photos/seed/wall_art_68/600/600","no","no","yes","no"
"Kgb9zDaaMSdrVFIEbEgU","Cozy Pillow Set","Cozy Pillow Set","Cozy Pillow Set","SwipeShop Studio","Amazon","Amazon","cozy-bedroom","69.99","https://www.amazon.ca/s?k=Cozy%20Pillow%20Set%20SwipeShop%20Studio%20bedding","","https://picsum.photos/seed/bedding_11/600/600","no","no","yes","no"
"L6ahdqndO94vzhPw2DxP","Classic Side Table","Classic Side Table","Classic Side Table","SwipeShop Studio","Amazon","Amazon","storage","132.99","https://www.amazon.ca/s?k=Classic%20Side%20Table%20SwipeShop%20Studio%20tables","","https://picsum.photos/seed/tables_182/600/600","no","no","yes","no"
"L76nDqmtfHrtOSVCVBnm","Bold Area Rug","Bold Area Rug","Bold Area Rug","SwipeShop Studio","Amazon","Amazon","storage","82.99","https://www.amazon.ca/s?k=Bold%20Area%20Rug%20SwipeShop%20Studio%20rugs","","https://picsum.photos/seed/rugs_152/600/600","no","no","yes","no"
"LDRTDGuqUeVfCRC55ko7","Cozy Pendant Light","Cozy Pendant Light","Cozy Pendant Light","SwipeShop Studio","Amazon","Amazon","lighting","73.99","https://www.amazon.ca/s?k=Cozy%20Pendant%20Light%20SwipeShop%20Studio%20lighting","","https://picsum.photos/seed/lighting_199/600/600","no","no","yes","no"
"LE9HwXcUQqeTSAesuZfV","Minimal Bench","Minimal Bench","Minimal Bench","SwipeShop Studio","Amazon","Amazon","storage","164.99","https://www.amazon.ca/s?k=Minimal%20Bench%20SwipeShop%20Studio%20seating","","https://picsum.photos/seed/seating_176/600/600","no","no","yes","no"
"LF2LvGG71HjoINbYdsiO","Cozy Side Table","Cozy Side Table","Cozy Side Table","SwipeShop Studio","Amazon","Amazon","storage","138.99","https://www.amazon.ca/s?k=Cozy%20Side%20Table%20SwipeShop%20Studio%20tables","","https://picsum.photos/seed/tables_124/600/600","no","no","yes","no"
"LI7ZfLBH135WxWtCeNjE","Soft Stool","Soft Stool","Soft Stool","SwipeShop Studio","Amazon","Amazon","storage","161.99","https://www.amazon.ca/s?k=Soft%20Stool%20SwipeShop%20Studio%20seating","","https://picsum.photos/seed/seating_165/600/600","no","no","yes","no"
"LMCI0j7Dpa9cVHa7HVVx","Soft Wall Mirror","Soft Wall Mirror","Soft Wall Mirror","SwipeShop Studio","Amazon","Amazon","mirrors","65.99","https://www.amazon.ca/s?k=Soft%20Wall%20Mirror%20SwipeShop%20Studio%20mirrors","","https://picsum.photos/seed/mirrors_63/600/600","no","no","yes","no"
"LTcHCvYvOvQiXieuYu4U","Classic Wool Rug","Classic Wool Rug","Classic Wool Rug","SwipeShop Studio","Amazon","Amazon","storage","79.99","https://www.amazon.ca/s?k=Classic%20Wool%20Rug%20SwipeShop%20Studio%20rugs","","https://picsum.photos/seed/rugs_41/600/600","no","no","yes","no"
"LUkkAj8Wd6ZOKGw1nVjB","Soft Planter","Soft Planter","Soft Planter","SwipeShop Studio","Amazon","Amazon","plants","51.99","https://www.amazon.ca/s?k=Soft%20Planter%20SwipeShop%20Studio%20plants","","https://picsum.photos/seed/plants_120/600/600","no","no","yes","no"
"Lb9wEg1Rc1MHoOzWOYEX","Abstract Canvas Print","Abstract Canvas Print","Abstract Canvas Print","SwipeShop Studio","Amazon","Amazon","wall-decor","39.99","https://www.amazon.ca/s?k=Abstract%20Canvas%20Print%20SwipeShop%20Studio%20Wall%20Art","","https://picsum.photos/seed/wall_art_01/600/600","no","no","yes","no"
"Le2LUoUJnS2a777bySjE","Modern Indoor Plant","Modern Indoor Plant","Modern Indoor Plant","SwipeShop Studio","Amazon","Amazon","plants","30.99","https://www.amazon.ca/s?k=Modern%20Indoor%20Plant%20SwipeShop%20Studio%20plants","","https://picsum.photos/seed/plants_103/600/600","no","no","yes","no"
"Luk0tHsg2B0Q82DTejOz","Neutral Console Table","Neutral Console Table","Neutral Console Table","SwipeShop Studio","Amazon","Amazon","storage","156.99","https://www.amazon.ca/s?k=Neutral%20Console%20Table%20SwipeShop%20Studio%20tables","","https://picsum.photos/seed/tables_60/600/600","no","no","yes","no"
"LzDTGvDmO5hHgjlQn0ap","Round Coffee Table","Round Coffee Table","Round Coffee Table","SwipeShop Studio","Amazon","Amazon","storage","149.99","https://www.amazon.ca/s?k=Round%20Coffee%20Table%20SwipeShop%20Studio%20Tables","","https://picsum.photos/seed/tables_01/600/600","no","no","yes","no"
"M9A71PUoXh3XZobuhLv5","Bold Runner Rug","Bold Runner Rug","Bold Runner Rug","SwipeShop Studio","Amazon","Amazon","storage","88.99","https://www.amazon.ca/s?k=Bold%20Runner%20Rug%20SwipeShop%20Studio%20rugs","","https://picsum.photos/seed/rugs_154/600/600","no","no","yes","no"
"MJSrMsHBpYHx0KpQhtmX","Cozy Vanity Mirror","Cozy Vanity Mirror","Cozy Vanity Mirror","SwipeShop Studio","Amazon","Amazon","mirrors","62.99","https://www.amazon.ca/s?k=Cozy%20Vanity%20Mirror%20SwipeShop%20Studio%20mirrors","","https://picsum.photos/seed/mirrors_22/600/600","no","no","yes","no"
"Mepy65gYgwMOaXyCRKNJ","Cozy Framed Print","Cozy Framed Print","Cozy Framed Print","SwipeShop Studio","Amazon","Amazon","wall-decor","54.99","https://www.amazon.ca/s?k=Cozy%20Framed%20Print%20SwipeShop%20Studio%20wall_art","","https://picsum.photos/seed/wall_art_6/600/600","no","no","yes","no"
"Mex7Npc11EWv8BEMdFU1","Classic Ceramic Set","Classic Ceramic Set","Classic Ceramic Set","SwipeShop Studio","Amazon","Amazon","storage","19.99","https://www.amazon.ca/s?k=Classic%20Ceramic%20Set%20SwipeShop%20Studio%20kitchen_decor","","https://picsum.photos/seed/kitchen_decor_101/600/600","no","no","yes","no"
"Mez6DrfwXhV2ax9r4u2t","Cozy Kitchen Decor","Cozy Kitchen Decor","Cozy Kitchen Decor","SwipeShop Studio","Amazon","Amazon","storage","22.99","https://www.amazon.ca/s?k=Cozy%20Kitchen%20Decor%20SwipeShop%20Studio%20kitchen_decor","","https://picsum.photos/seed/kitchen_decor_192/600/600","no","no","yes","no"
"N3ybuj7bEu4mF1Zj85lM","Minimal Line Art Set (2-pack)","Minimal Line Art Set (2-pack)","Minimal Line Art Set (2-pack)","SwipeShop Studio","Amazon","Amazon","wall-decor","29.99","https://www.amazon.ca/s?k=Minimal%20Line%20Art%20Set%20(2-pack)%20SwipeShop%20Studio%20Wall%20Art","","https://picsum.photos/seed/wall_art_02/600/600","no","no","yes","no"
"NBopzWeb2rJGGKrAKuz0","Cozy Wall Poster","Cozy Wall Poster","Cozy Wall Poster","SwipeShop Studio","Amazon","Amazon","wall-decor","54.99","https://www.amazon.ca/s?k=Cozy%20Wall%20Poster%20SwipeShop%20Studio%20wall_art","","https://picsum.photos/seed/wall_art_196/600/600","no","no","yes","no"
"NIu51t1CmhkGT5NXouL8","Cozy Floor Lamp","Cozy Floor Lamp","Cozy Floor Lamp","SwipeShop Studio","Amazon","Amazon","lighting","67.99","https://www.amazon.ca/s?k=Cozy%20Floor%20Lamp%20SwipeShop%20Studio%20lighting","","https://picsum.photos/seed/lighting_147/600/600","no","no","yes","no"
"NO4fMMQsrhDAW05aA40e","Full Length Mirror","Full Length Mirror","Full Length Mirror","SwipeShop Studio","Amazon","Amazon","mirrors","89.99","https://www.amazon.ca/s?k=Full%20Length%20Mirror%20SwipeShop%20Studio%20Mirrors","","https://picsum.photos/seed/mirrors_02/600/600","no","no","yes","no"
"NRGTGdTScA6VdUBh63PG","Minimal Line Art Set (2-pack)","Minimal Line Art Set (2-pack)","Minimal Line Art Set (2-pack)","SwipeShop Studio","Amazon","Amazon","wall-decor","29.99","https://www.amazon.ca/s?k=Minimal%20Line%20Art%20Set%20(2-pack)%20SwipeShop%20Studio%20Wall%20Art","","https://picsum.photos/seed/wall_art_02/600/600","no","no","yes","no"
"Nay2YSWy8F2gPd1TyGnx","Cozy Canvas Art","Cozy Canvas Art","Cozy Canvas Art","SwipeShop Studio","Amazon","Amazon","wall-decor","48.99","https://www.amazon.ca/s?k=Cozy%20Canvas%20Art%20SwipeShop%20Studio%20wall_art","","https://picsum.photos/seed/wall_art_184/600/600","no","no","yes","no"
"NoKD2XdFMWO4LETAfixS","Cozy Framed Print","Cozy Framed Print","Cozy Framed Print","SwipeShop Studio","Amazon","Amazon","wall-decor","63.99","https://www.amazon.ca/s?k=Cozy%20Framed%20Print%20SwipeShop%20Studio%20wall_art","","https://picsum.photos/seed/wall_art_49/600/600","no","no","yes","no"
"NvtnCbVpjcAa0X4HOscT","Soft Storage Basket","Soft Storage Basket","Soft Storage Basket","SwipeShop Studio","Amazon","Amazon","storage","35.99","https://www.amazon.ca/s?k=Soft%20Storage%20Basket%20SwipeShop%20Studio%20storage","","https://picsum.photos/seed/storage_3/600/600","no","no","yes","no"
"O6jxpN8pF8oi349mpfIS","Cozy Sheet Set","Cozy Sheet Set","Cozy Sheet Set","SwipeShop Studio","Amazon","Amazon","cozy-bedroom","69.99","https://www.amazon.ca/s?k=Cozy%20Sheet%20Set%20SwipeShop%20Studio%20bedding","","https://picsum.photos/seed/bedding_131/600/600","no","no","yes","no"
"OGGXsgNNFCJFD4iwcbVu","Soft Bench","Soft Bench","Soft Bench","SwipeShop Studio","Amazon","Amazon","storage","158.99","https://www.amazon.ca/s?k=Soft%20Bench%20SwipeShop%20Studio%20seating","","https://picsum.photos/seed/seating_154/600/600","no","no","yes","no"
"OKGfTZSnPdOrfyT9VQiU","Classic Wool Rug","Classic Wool Rug","Classic Wool Rug","SwipeShop Studio","Amazon","Amazon","storage","85.99","https://www.amazon.ca/s?k=Classic%20Wool%20Rug%20SwipeShop%20Studio%20rugs","","https://picsum.photos/seed/rugs_53/600/600","no","no","yes","no"
"OOeKiBpymqbQpwejOHOx","Modern Table Lamp","Modern Table Lamp","Modern Table Lamp","SwipeShop Studio","Amazon","Amazon","lighting","49.99","https://www.amazon.ca/s?k=Modern%20Table%20Lamp%20SwipeShop%20Studio%20Lighting","","https://picsum.photos/seed/lighting_01/600/600","no","no","yes","no"
"OlB5PDnxLTsXAkSxJ3sD","Modern Stool","Modern Stool","Modern Stool","SwipeShop Studio","Amazon","Amazon","storage","158.99","https://www.amazon.ca/s?k=Modern%20Stool%20SwipeShop%20Studio%20seating","","https://picsum.photos/seed/seating_184/600/600","no","no","yes","no"
"Oq56hkVTLzwF1jUEVWpY","Cozy Shelf Unit","Cozy Shelf Unit","Cozy Shelf Unit","SwipeShop Studio","Amazon","Amazon","storage","47.99","https://www.amazon.ca/s?k=Cozy%20Shelf%20Unit%20SwipeShop%20Studio%20storage","","https://picsum.photos/seed/storage_67/600/600","no","no","yes","no"
"OrdG44desgXQ2bWcnaOC","Neutral Indoor Plant","Neutral Indoor Plant","Neutral Indoor Plant","SwipeShop Studio","Amazon","Amazon","plants","24.99","https://www.amazon.ca/s?k=Neutral%20Indoor%20Plant%20SwipeShop%20Studio%20plants","","https://picsum.photos/seed/plants_71/600/600","no","no","yes","no"
"OuxOf0wevbdPagSL3ypJ","Minimal Canister Set","Minimal Canister Set","Minimal Canister Set","SwipeShop Studio","Amazon","Amazon","storage","34.99","https://www.amazon.ca/s?k=Minimal%20Canister%20Set%20SwipeShop%20Studio%20Kitchen%20Decor","","https://picsum.photos/seed/kitchen_01/600/600","no","no","yes","no"
"OwLi5Rxj29Cw1dyOneok","Modern Table Lamp","Modern Table Lamp","Modern Table Lamp","SwipeShop Studio","Amazon","Amazon","lighting","67.99","https://www.amazon.ca/s?k=Modern%20Table%20Lamp%20SwipeShop%20Studio%20lighting","","https://picsum.photos/seed/lighting_167/600/600","no","no","yes","no"
"Oypy1o6XAQXLNLDpnAlS","Entryway Shoe Cabinet","Entryway Shoe Cabinet","Entryway Shoe Cabinet","SwipeShop Studio","Amazon","Amazon","storage","159.99","https://www.amazon.ca/s?k=Entryway%20Shoe%20Cabinet%20SwipeShop%20Studio%20Storage","","https://picsum.photos/seed/storage_03/600/600","no","no","yes","no"
"P5YfkRfzNMNzoT3RGxw1","Neutral Framed Print","Neutral Framed Print","Neutral Framed Print","SwipeShop Studio","Amazon","Amazon","wall-decor","63.99","https://www.amazon.ca/s?k=Neutral%20Framed%20Print%20SwipeShop%20Studio%20wall_art","","https://picsum.photos/seed/wall_art_109/600/600","no","no","yes","no"
"PA2B42hxNlju4Tno7P0f","Cozy Vanity Mirror","Cozy Vanity Mirror","Cozy Vanity Mirror","SwipeShop Studio","Amazon","Amazon","mirrors","68.99","https://www.amazon.ca/s?k=Cozy%20Vanity%20Mirror%20SwipeShop%20Studio%20mirrors","","https://picsum.photos/seed/mirrors_24/600/600","no","no","yes","no"
"PE55ozLPYpmVboSJyGFs","Cozy Duvet Set","Cozy Duvet Set","Cozy Duvet Set","SwipeShop Studio","Amazon","Amazon","cozy-bedroom","69.99","https://www.amazon.ca/s?k=Cozy%20Duvet%20Set%20SwipeShop%20Studio%20bedding","","https://picsum.photos/seed/bedding_61/600/600","no","no","yes","no"
"PFXVSycITdF7huhZmEye","Minimal Potted Plant","Minimal Potted Plant","Minimal Potted Plant","SwipeShop Studio","Amazon","Amazon","plants","42.99","https://www.amazon.ca/s?k=Minimal%20Potted%20Plant%20SwipeShop%20Studio%20plants","","https://picsum.photos/seed/plants_87/600/600","no","no","yes","no"
"PJ2Ap78oZWlZt9IY5rVm","Minimal Indoor Plant","Minimal Indoor Plant","Minimal Indoor Plant","SwipeShop Studio","Amazon","Amazon","plants","30.99","https://www.amazon.ca/s?k=Minimal%20Indoor%20Plant%20SwipeShop%20Studio%20plants","","https://picsum.photos/seed/plants_33/600/600","no","no","yes","no"
"PPzqIjnx5hCeGkTGzDMP","Wood Cutting Board Set","Wood Cutting Board Set","Wood Cutting Board Set","SwipeShop Studio","Amazon","Amazon","storage","29.99","https://www.amazon.ca/s?k=Wood%20Cutting%20Board%20Set%20SwipeShop%20Studio%20Kitchen%20Decor","","https://picsum.photos/seed/kitchen_02/600/600","no","no","yes","no"
"PWaGYUh8KhJuudoWcVUY","Bold Pillow Set","Bold Pillow Set","Bold Pillow Set","SwipeShop Studio","Amazon","Amazon","cozy-bedroom","87.99","https://www.amazon.ca/s?k=Bold%20Pillow%20Set%20SwipeShop%20Studio%20bedding","","https://picsum.photos/seed/bedding_167/600/600","no","no","yes","no"
"PwSaPNIUbIqlAsmXUbVK","Cozy Bench","Cozy Bench","Cozy Bench","SwipeShop Studio","Amazon","Amazon","storage","152.99","https://www.amazon.ca/s?k=Cozy%20Bench%20SwipeShop%20Studio%20seating","","https://picsum.photos/seed/seating_172/600/600","no","no","yes","no"
"Px5moiGARzxBWB1x1PL1","Modern Pendant Light","Modern Pendant Light","Modern Pendant Light","SwipeShop Studio","Amazon","Amazon","lighting","58.99","https://www.amazon.ca/s?k=Modern%20Pendant%20Light%20SwipeShop%20Studio%20lighting","","https://picsum.photos/seed/lighting_104/600/600","no","no","yes","no"
"QDlwKWdA9DEJgX6PeC4e","Classic Side Table","Classic Side Table","Classic Side Table","SwipeShop Studio","Amazon","Amazon","storage","135.99","https://www.amazon.ca/s?k=Classic%20Side%20Table%20SwipeShop%20Studio%20tables","","https://picsum.photos/seed/tables_83/600/600","no","no","yes","no"
"QGckn4u82CqKcQNJq2qh","Modern Area Rug","Modern Area Rug","Modern Area Rug","SwipeShop Studio","Amazon","Amazon","storage","82.99","https://www.amazon.ca/s?k=Modern%20Area%20Rug%20SwipeShop%20Studio%20rugs","","https://picsum.photos/seed/rugs_52/600/600","no","no","yes","no"
"QOkjTvijsp93TRG8utN4","Round Coffee Table","Round Coffee Table","Round Coffee Table","SwipeShop Studio","Amazon","Amazon","storage","149.99","https://www.amazon.ca/s?k=Round%20Coffee%20Table%20SwipeShop%20Studio%20Tables","","https://picsum.photos/seed/tables_01/600/600","no","no","yes","no"
"QPEWqiPsXLBNioN5HhTX","Minimal Framed Print","Minimal Framed Print","Minimal Framed Print","SwipeShop Studio","Amazon","Amazon","wall-decor","39.99","https://www.amazon.ca/s?k=Minimal%20Framed%20Print%20SwipeShop%20Studio%20wall_art","","https://picsum.photos/seed/wall_art_111/600/600","no","no","yes","no"
"QrrjTDQSRNuUVajwFG1U","Modern Framed Print","Modern Framed Print","Modern Framed Print","SwipeShop Studio","Amazon","Amazon","wall-decor","57.99","https://www.amazon.ca/s?k=Modern%20Framed%20Print%20SwipeShop%20Studio%20wall_art","","https://picsum.photos/seed/wall_art_77/600/600","no","no","yes","no"
"RBmRveafFpCazaMCS3lT","Soft Wall Poster","Soft Wall Poster","Soft Wall Poster","SwipeShop Studio","Amazon","Amazon","wall-decor","54.99","https://www.amazon.ca/s?k=Soft%20Wall%20Poster%20SwipeShop%20Studio%20wall_art","","https://picsum.photos/seed/wall_art_6/600/600","no","no","yes","no"
"RDAqIX0ckCncC4s2v7dA","Soft Serving Tray","Soft Serving Tray","Soft Serving Tray","SwipeShop Studio","Amazon","Amazon","storage","34.99","https://www.amazon.ca/s?k=Soft%20Serving%20Tray%20SwipeShop%20Studio%20kitchen_decor","","https://picsum.photos/seed/kitchen_decor_126/600/600","no","no","yes","no"
"RDqmiKLKcNHsM71BCVN1","Classic Ceramic Set","Classic Ceramic Set","Classic Ceramic Set","SwipeShop Studio","Amazon","Amazon","storage","43.99","https://www.amazon.ca/s?k=Classic%20Ceramic%20Set%20SwipeShop%20Studio%20kitchen_decor","","https://picsum.photos/seed/kitchen_decor_149/600/600","no","no","yes","no"
"ReKSd59RVrO37RDyg4BB","Soft Table Lamp","Soft Table Lamp","Soft Table Lamp","SwipeShop Studio","Amazon","Amazon","lighting","73.99","https://www.amazon.ca/s?k=Soft%20Table%20Lamp%20SwipeShop%20Studio%20lighting","","https://picsum.photos/seed/lighting_49/600/600","no","no","yes","no"
"RrZcEePDTMRIefwpoaNG","Neutral Area Rug","Neutral Area Rug","Neutral Area Rug","SwipeShop Studio","Amazon","Amazon","storage","79.99","https://www.amazon.ca/s?k=Neutral%20Area%20Rug%20SwipeShop%20Studio%20Rugs","","https://picsum.photos/seed/rugs_01/600/600","no","no","yes","no"
"SQOHrDkjXbdGNvuBkEtf","Minimal Framed Print","Minimal Framed Print","Minimal Framed Print","SwipeShop Studio","Amazon","Amazon","wall-decor","45.99","https://www.amazon.ca/s?k=Minimal%20Framed%20Print%20SwipeShop%20Studio%20wall_art","","https://picsum.photos/seed/wall_art_143/600/600","no","no","yes","no"
"SnJ5ymEZtgCnv65nPykL","Cozy Indoor Plant","Cozy Indoor Plant","Cozy Indoor Plant","SwipeShop Studio","Amazon","Amazon","plants","30.99","https://www.amazon.ca/s?k=Cozy%20Indoor%20Plant%20SwipeShop%20Studio%20plants","","https://picsum.photos/seed/plants_163/600/600","no","no","yes","no"
"Sy4SbeuZKMV8LTHEzlmB","Neutral Stool","Neutral Stool","Neutral Stool","SwipeShop Studio","Amazon","Amazon","storage","149.99","https://www.amazon.ca/s?k=Neutral%20Stool%20SwipeShop%20Studio%20seating","","https://picsum.photos/seed/seating_121/600/600","no","no","yes","no"
"SzkcaSVq0rUqnzVrEDDX","Modern Storage Basket","Modern Storage Basket","Modern Storage Basket","SwipeShop Studio","Amazon","Amazon","storage","53.99","https://www.amazon.ca/s?k=Modern%20Storage%20Basket%20SwipeShop%20Studio%20storage","","https://picsum.photos/seed/storage_169/600/600","no","no","yes","no"
"TrTxeMY6b0Lvg0j7Njou","Neutral Accent Chair","Neutral Accent Chair","Neutral Accent Chair","SwipeShop Studio","Amazon","Amazon","storage","176.99","https://www.amazon.ca/s?k=Neutral%20Accent%20Chair%20SwipeShop%20Studio%20seating","","https://picsum.photos/seed/seating_20/600/600","no","no","yes","no"
"TrkWmMX3QppV8s27M6Ct","Classic Storage Basket","Classic Storage Basket","Classic Storage Basket","SwipeShop Studio","Amazon","Amazon","storage","56.99","https://www.amazon.ca/s?k=Classic%20Storage%20Basket%20SwipeShop%20Studio%20storage","","https://picsum.photos/seed/storage_110/600/600","no","no","yes","no"
"TxOjvruVXo7NTtsmwlMh","Soft Wall Poster","Soft Wall Poster","Soft Wall Poster","SwipeShop Studio","Amazon","Amazon","wall-decor","57.99","https://www.amazon.ca/s?k=Soft%20Wall%20Poster%20SwipeShop%20Studio%20wall_art","","https://picsum.photos/seed/wall_art_47/600/600","no","no","yes","no"
"U8cavhZoProJ1QaZFbLa","Classic Area Rug","Classic Area Rug","Classic Area Rug","SwipeShop Studio","Amazon","Amazon","storage","106.99","https://www.amazon.ca/s?k=Classic%20Area%20Rug%20SwipeShop%20Studio%20rugs","","https://picsum.photos/seed/rugs_50/600/600","no","no","yes","no"
"UDmKGt5BjOIaWjgT6AB0","Bold Canvas Art","Bold Canvas Art","Bold Canvas Art","SwipeShop Studio","Amazon","Amazon","wall-decor","63.99","https://www.amazon.ca/s?k=Bold%20Canvas%20Art%20SwipeShop%20Studio%20wall_art","","https://picsum.photos/seed/wall_art_129/600/600","no","no","yes","no"
"UHPoTjsWAhkp6SEaDZZP","Modern Wool Rug","Modern Wool Rug","Modern Wool Rug","SwipeShop Studio","Amazon","Amazon","storage","97.99","https://www.amazon.ca/s?k=Modern%20Wool%20Rug%20SwipeShop%20Studio%20rugs","","https://picsum.photos/seed/rugs_67/600/600","no","no","yes","no"
"UJ6fbmZ3gwQKBgfYLLg8","Minimal Pendant Light","Minimal Pendant Light","Minimal Pendant Light","SwipeShop Studio","Amazon","Amazon","lighting","89.99","https://www.amazon.ca/s?k=Minimal%20Pendant%20Light%20SwipeShop%20Studio%20Lighting","","https://picsum.photos/seed/lighting_03/600/600","no","no","yes","no"
"UX2hJPJ7nSG8esrSTgHu","Minimal Console Table","Minimal Console Table","Minimal Console Table","SwipeShop Studio","Amazon","Amazon","storage","129.99","https://www.amazon.ca/s?k=Minimal%20Console%20Table%20SwipeShop%20Studio%20Tables","","https://picsum.photos/seed/tables_03/600/600","no","no","yes","no"
"Umm1g8vYl7iP5NOnnQO0","Vintage Pattern Rug","Vintage Pattern Rug","Vintage Pattern Rug","SwipeShop Studio","Amazon","Amazon","storage","109.99","https://www.amazon.ca/s?k=Vintage%20Pattern%20Rug%20SwipeShop%20Studio%20Rugs","","https://picsum.photos/seed/rugs_02/600/600","no","no","yes","no"
"UueI1viRMI0Duzxpg3TM","Modern Stool","Modern Stool","Modern Stool","SwipeShop Studio","Amazon","Amazon","storage","158.99","https://www.amazon.ca/s?k=Modern%20Stool%20SwipeShop%20Studio%20seating","","https://picsum.photos/seed/seating_114/600/600","no","no","yes","no"
"Uvao2qupXiHlzErPF5V5","Cozy Wool Rug","Cozy Wool Rug","Cozy Wool Rug","SwipeShop Studio","Amazon","Amazon","storage","82.99","https://www.amazon.ca/s?k=Cozy%20Wool%20Rug%20SwipeShop%20Studio%20rugs","","https://picsum.photos/seed/rugs_92/600/600","no","no","yes","no"
"VG0lk5f4d19OqMlNXoNL","Bold Table Lamp","Bold Table Lamp","Bold Table Lamp","SwipeShop Studio","Amazon","Amazon","lighting","61.99","https://www.amazon.ca/s?k=Bold%20Table%20Lamp%20SwipeShop%20Studio%20lighting","","https://picsum.photos/seed/lighting_5/600/600","no","no","yes","no"
"VHnuiH20ZBKw59LYPi1A","Neutral Side Table","Neutral Side Table","Neutral Side Table","SwipeShop Studio","Amazon","Amazon","storage","144.99","https://www.amazon.ca/s?k=Neutral%20Side%20Table%20SwipeShop%20Studio%20tables","","https://picsum.photos/seed/tables_96/600/600","no","no","yes","no"
"VKvvkAi4r0pAkIsC59uh","Ceramic Vase (Kitchen Shelf)","Ceramic Vase (Kitchen Shelf)","Ceramic Vase (Kitchen Shelf)","SwipeShop Studio","Amazon","Amazon","shelf-styling","24.99","https://www.amazon.ca/s?k=Ceramic%20Vase%20(Kitchen%20Shelf)%20SwipeShop%20Studio%20Kitchen%20Decor","","https://picsum.photos/seed/kitchen_03/600/600","no","no","yes","no"
"VhFIYKqZ8u1QxJdVadZc","Minimal Wool Rug","Minimal Wool Rug","Minimal Wool Rug","SwipeShop Studio","Amazon","Amazon","storage","100.99","https://www.amazon.ca/s?k=Minimal%20Wool%20Rug%20SwipeShop%20Studio%20rugs","","https://picsum.photos/seed/rugs_88/600/600","no","no","yes","no"
"VtFWEfuFumwsNuE4Awnx","Cozy Kitchen Decor","Cozy Kitchen Decor","Cozy Kitchen Decor","SwipeShop Studio","Amazon","Amazon","storage","43.99","https://www.amazon.ca/s?k=Cozy%20Kitchen%20Decor%20SwipeShop%20Studio%20kitchen_decor","","https://picsum.photos/seed/kitchen_decor_119/600/600","no","no","yes","no"
"W9aIYTCb8sKURxg2PKuP","Soft Console Table","Soft Console Table","Soft Console Table","SwipeShop Studio","Amazon","Amazon","storage","141.99","https://www.amazon.ca/s?k=Soft%20Console%20Table%20SwipeShop%20Studio%20tables","","https://picsum.photos/seed/tables_5/600/600","no","no","yes","no"
"WQSpAGSEMNDaUZamhpwH","Modern Organizer","Modern Organizer","Modern Organizer","SwipeShop Studio","Amazon","Amazon","storage","47.99","https://www.amazon.ca/s?k=Modern%20Organizer%20SwipeShop%20Studio%20storage","","https://picsum.photos/seed/storage_7/600/600","no","no","yes","no"
"WS9odWgps2KW2xmBqI0U","Bold Canvas Art","Bold Canvas Art","Bold Canvas Art","SwipeShop Studio","Amazon","Amazon","wall-decor","51.99","https://www.amazon.ca/s?k=Bold%20Canvas%20Art%20SwipeShop%20Studio%20wall_art","","https://picsum.photos/seed/wall_art_105/600/600","no","no","yes","no"
"Wp5Hh4nwZWWDScLuEzhV","Bold Side Table","Bold Side Table","Bold Side Table","SwipeShop Studio","Amazon","Amazon","storage","156.99","https://www.amazon.ca/s?k=Bold%20Side%20Table%20SwipeShop%20Studio%20tables","","https://picsum.photos/seed/tables_20/600/600","no","no","yes","no"
"XA63AfhZCwtHjx70onpA","Bold Accent Chair","Bold Accent Chair","Bold Accent Chair","SwipeShop Studio","Amazon","Amazon","storage","170.99","https://www.amazon.ca/s?k=Bold%20Accent%20Chair%20SwipeShop%20Studio%20seating","","https://picsum.photos/seed/seating_48/600/600","no","no","yes","no"
"XENh1h4zqTwzlWVMUTwK","Bold Floor Lamp","Bold Floor Lamp","Bold Floor Lamp","SwipeShop Studio","Amazon","Amazon","lighting","52.99","https://www.amazon.ca/s?k=Bold%20Floor%20Lamp%20SwipeShop%20Studio%20lighting","","https://picsum.photos/seed/lighting_82/600/600","no","no","yes","no"
"XXsLWfKqrOe2XsE5prLK","Minimal Potted Plant","Minimal Potted Plant","Minimal Potted Plant","SwipeShop Studio","Amazon","Amazon","plants","30.99","https://www.amazon.ca/s?k=Minimal%20Potted%20Plant%20SwipeShop%20Studio%20plants","","https://picsum.photos/seed/plants_13/600/600","no","no","yes","no"
"XZtwaNwm08Gj9ePWXNGp","Classic Accent Chair","Classic Accent Chair","Classic Accent Chair","SwipeShop Studio","Amazon","Amazon","storage","167.99","https://www.amazon.ca/s?k=Classic%20Accent%20Chair%20SwipeShop%20Studio%20seating","","https://picsum.photos/seed/seating_27/600/600","no","no","yes","no"
"XbhDnglPmGeoP21oziIu","Round Wall Mirror","Round Wall Mirror","Round Wall Mirror","SwipeShop Studio","Amazon","Amazon","mirrors","59.99","https://www.amazon.ca/s?k=Round%20Wall%20Mirror%20SwipeShop%20Studio%20Mirrors","","https://picsum.photos/seed/mirrors_01/600/600","no","no","yes","no"
"XgpUDXkN57NeAb4WKd0g","Minimal Wall Poster","Minimal Wall Poster","Minimal Wall Poster","SwipeShop Studio","Amazon","Amazon","wall-decor","48.99","https://www.amazon.ca/s?k=Minimal%20Wall%20Poster%20SwipeShop%20Studio%20wall_art","","https://picsum.photos/seed/wall_art_64/600/600","no","no","yes","no"
"XnMHSot1mGpUfLEABAOD","Neutral Vanity Mirror","Neutral Vanity Mirror","Neutral Vanity Mirror","SwipeShop Studio","Amazon","Amazon","mirrors","83.99","https://www.amazon.ca/s?k=Neutral%20Vanity%20Mirror%20SwipeShop%20Studio%20mirrors","","https://picsum.photos/seed/mirrors_159/600/600","no","no","yes","no"
"Y45emFk8pvBLwQTABzDs","Classic Floor Lamp","Classic Floor Lamp","Classic Floor Lamp","SwipeShop Studio","Amazon","Amazon","lighting","58.99","https://www.amazon.ca/s?k=Classic%20Floor%20Lamp%20SwipeShop%20Studio%20lighting","","https://picsum.photos/seed/lighting_24/600/600","no","no","yes","no"
"Y9DkeoFM4dJwiKRY0gqR","Classic Coffee Table","Classic Coffee Table","Classic Coffee Table","SwipeShop Studio","Amazon","Amazon","storage","138.99","https://www.amazon.ca/s?k=Classic%20Coffee%20Table%20SwipeShop%20Studio%20tables","","https://picsum.photos/seed/tables_194/600/600","no","no","yes","no"
"YFoskHPJTgdUzqAAPLOs","Bouclé Accent Chair","Bouclé Accent Chair","Bouclé Accent Chair","SwipeShop Studio","Amazon","Amazon","storage","229.99","https://www.amazon.ca/s?k=Boucl%C3%A9%20Accent%20Chair%20SwipeShop%20Studio%20Seating","","https://picsum.photos/seed/seating_01/600/600","no","no","yes","no"
"YMwZr5XmQ3QjU3tYIWTM","Ceramic Planter Set (2-pack)","Ceramic Planter Set (2-pack)","Ceramic Planter Set (2-pack)","SwipeShop Studio","Amazon","Amazon","plants","29.99","https://www.amazon.ca/s?k=Ceramic%20Planter%20Set%20(2-pack)%20SwipeShop%20Studio%20Plants","","https://picsum.photos/seed/plants_02/600/600","no","no","yes","no"
"YRMa2MrpePewrUwK3QYJ","Cozy Bench","Cozy Bench","Cozy Bench","SwipeShop Studio","Amazon","Amazon","storage","170.99","https://www.amazon.ca/s?k=Cozy%20Bench%20SwipeShop%20Studio%20seating","","https://picsum.photos/seed/seating_108/600/600","no","no","yes","no"
"YaMxxCu3DU7nuwsb5CVB","Minimal Wool Rug","Minimal Wool Rug","Minimal Wool Rug","SwipeShop Studio","Amazon","Amazon","storage","100.99","https://www.amazon.ca/s?k=Minimal%20Wool%20Rug%20SwipeShop%20Studio%20rugs","","https://picsum.photos/seed/rugs_188/600/600","no","no","yes","no"
"YecowXL6FuNdGwIwHEDH","Modern Potted Plant","Modern Potted Plant","Modern Potted Plant","SwipeShop Studio","Amazon","Amazon","plants","39.99","https://www.amazon.ca/s?k=Modern%20Potted%20Plant%20SwipeShop%20Studio%20plants","","https://picsum.photos/seed/plants_16/600/600","no","no","yes","no"
"YkhHPWxGxKgxvqTUhTry","Cozy Wool Rug","Cozy Wool Rug","Cozy Wool Rug","SwipeShop Studio","Amazon","Amazon","storage","100.99","https://www.amazon.ca/s?k=Cozy%20Wool%20Rug%20SwipeShop%20Studio%20rugs","","https://picsum.photos/seed/rugs_8/600/600","no","no","yes","no"
"YmRxIaSGCenthPq7Y0uB","Bold Indoor Plant","Bold Indoor Plant","Bold Indoor Plant","SwipeShop Studio","Amazon","Amazon","plants","24.99","https://www.amazon.ca/s?k=Bold%20Indoor%20Plant%20SwipeShop%20Studio%20plants","","https://picsum.photos/seed/plants_121/600/600","no","no","yes","no"
"Yq6OK3954O2FlRzjRKdC","Minimal Pillow Set (2-pack)","Minimal Pillow Set (2-pack)","Minimal Pillow Set (2-pack)","SwipeShop Studio","Amazon","Amazon","cozy-bedroom","29.99","https://www.amazon.ca/s?k=Minimal%20Pillow%20Set%20(2-pack)%20SwipeShop%20Studio%20Bedding","","https://picsum.photos/seed/bedding_03/600/600","no","no","yes","no"
"YtVL29nE6xDf7KoineFM","Cozy Duvet Set","Cozy Duvet Set","Cozy Duvet Set","SwipeShop Studio","Amazon","Amazon","cozy-bedroom","81.99","https://www.amazon.ca/s?k=Cozy%20Duvet%20Set%20SwipeShop%20Studio%20bedding","","https://picsum.photos/seed/bedding_85/600/600","no","no","yes","no"
"YvE475fCziRiv9Whxc85","Modern Console Table","Modern Console Table","Modern Console Table","SwipeShop Studio","Amazon","Amazon","storage","153.99","https://www.amazon.ca/s?k=Modern%20Console%20Table%20SwipeShop%20Studio%20tables","","https://picsum.photos/seed/tables_139/600/600","no","no","yes","no"
"YvletTVSb4y2V93At3zs","Linen Duvet Set","Linen Duvet Set","Linen Duvet Set","SwipeShop Studio","Amazon","Amazon","cozy-bedroom","119.99","https://www.amazon.ca/s?k=Linen%20Duvet%20Set%20SwipeShop%20Studio%20Bedding","","https://picsum.photos/seed/bedding_01/600/600","no","no","yes","no"
"YwqJSZC0iyA1sVKSngLP","Minimal Stool","Minimal Stool","Minimal Stool","SwipeShop Studio","Amazon","Amazon","storage","170.99","https://www.amazon.ca/s?k=Minimal%20Stool%20SwipeShop%20Studio%20seating","","https://picsum.photos/seed/seating_118/600/600","no","no","yes","no"
"YzwTNCZfBNm9d1jH361I","Minimal Sheet Set","Minimal Sheet Set","Minimal Sheet Set","SwipeShop Studio","Amazon","Amazon","cozy-bedroom","81.99","https://www.amazon.ca/s?k=Minimal%20Sheet%20Set%20SwipeShop%20Studio%20bedding","","https://picsum.photos/seed/bedding_165/600/600","no","no","yes","no"
"Z1hQqKQppIb2GvZf0WtZ","Modern Kitchen Decor","Modern Kitchen Decor","Modern Kitchen Decor","SwipeShop Studio","Amazon","Amazon","storage","40.99","https://www.amazon.ca/s?k=Modern%20Kitchen%20Decor%20SwipeShop%20Studio%20kitchen_decor","","https://picsum.photos/seed/kitchen_decor_28/600/600","no","no","yes","no"
"Z5IoBoU02qqJ5PB4FKxj","Classic Area Rug","Classic Area Rug","Classic Area Rug","SwipeShop Studio","Amazon","Amazon","storage","79.99","https://www.amazon.ca/s?k=Classic%20Area%20Rug%20SwipeShop%20Studio%20rugs","","https://picsum.photos/seed/rugs_1/600/600","no","no","yes","no"
"Z5bYHi3h9vXtvdLmqJHA","Modern Pendant Light","Modern Pendant Light","Modern Pendant Light","SwipeShop Studio","Amazon","Amazon","lighting","49.99","https://www.amazon.ca/s?k=Modern%20Pendant%20Light%20SwipeShop%20Studio%20lighting","","https://picsum.photos/seed/lighting_71/600/600","no","no","yes","no"
"ZDHJpHAXW7JRObMDAKxl","Faux Olive Tree","Faux Olive Tree","Faux Olive Tree","SwipeShop Studio","Amazon","Amazon","plants","79.99","https://www.amazon.ca/s?k=Faux%20Olive%20Tree%20SwipeShop%20Studio%20Plants","","https://picsum.photos/seed/plants_01/600/600","no","no","yes","no"
"ZDyjaR2ecEf4Hiww79bo","Classic Serving Tray","Classic Serving Tray","Classic Serving Tray","SwipeShop Studio","Amazon","Amazon","storage","37.99","https://www.amazon.ca/s?k=Classic%20Serving%20Tray%20SwipeShop%20Studio%20kitchen_decor","","https://picsum.photos/seed/kitchen_decor_17/600/600","no","no","yes","no"
"ZHQQu0drsLfdbG1wVvTx","Modern Side Table","Modern Side Table","Modern Side Table","SwipeShop Studio","Amazon","Amazon","storage","150.99","https://www.amazon.ca/s?k=Modern%20Side%20Table%20SwipeShop%20Studio%20tables","","https://picsum.photos/seed/tables_28/600/600","no","no","yes","no"
"ZMTZ9rPmPnW9rjvkcwkS","Bold Side Table","Bold Side Table","Bold Side Table","SwipeShop Studio","Amazon","Amazon","storage","156.99","https://www.amazon.ca/s?k=Bold%20Side%20Table%20SwipeShop%20Studio%20tables","","https://picsum.photos/seed/tables_170/600/600","no","no","yes","no"
"ZOm6BmGTgOKLxR6wlZoo","Soft Area Rug","Soft Area Rug","Soft Area Rug","SwipeShop Studio","Amazon","Amazon","storage","100.99","https://www.amazon.ca/s?k=Soft%20Area%20Rug%20SwipeShop%20Studio%20rugs","","https://picsum.photos/seed/rugs_78/600/600","no","no","yes","no"
"ZTItaQCUe7vea3t8HFu6","Bold Canvas Art","Bold Canvas Art","Bold Canvas Art","SwipeShop Studio","Amazon","Amazon","wall-decor","48.99","https://www.amazon.ca/s?k=Bold%20Canvas%20Art%20SwipeShop%20Studio%20wall_art","","https://picsum.photos/seed/wall_art_34/600/600","no","no","yes","no"
"ZcXP7VzpDRzm16uExeGj","Soft Organizer","Soft Organizer","Soft Organizer","SwipeShop Studio","Amazon","Amazon","storage","53.99","https://www.amazon.ca/s?k=Soft%20Organizer%20SwipeShop%20Studio%20storage","","https://picsum.photos/seed/storage_19/600/600","no","no","yes","no"
"ZgYmLLJ39JJ8Rv2Suuis","Cozy Round Mirror","Cozy Round Mirror","Cozy Round Mirror","SwipeShop Studio","Amazon","Amazon","mirrors","71.99","https://www.amazon.ca/s?k=Cozy%20Round%20Mirror%20SwipeShop%20Studio%20mirrors","","https://picsum.photos/seed/mirrors_185/600/600","no","no","yes","no"
"ZxIeNU5te8aBHeMNmbfY","Neutral Area Rug","Neutral Area Rug","Neutral Area Rug","SwipeShop Studio","Amazon","Amazon","storage","79.99","https://www.amazon.ca/s?k=Neutral%20Area%20Rug%20SwipeShop%20Studio%20Rugs","","https://picsum.photos/seed/rug_a/600/600","no","no","yes","no"
"amZQpAM0J3fwFKjVvT8J","Minimal Bar Stool","Minimal Bar Stool","Minimal Bar Stool","SwipeShop Studio","Amazon","Amazon","storage","89.99","https://www.amazon.ca/s?k=Minimal%20Bar%20Stool%20SwipeShop%20Studio%20Seating","","https://picsum.photos/seed/seating_03/600/600","no","no","yes","no"
"amazon_B06ZYH411W","Command Display Floating Wall Shelves Set","Command Display Floating Wall Shelves Set","Command Display Floating Wall Shelves Set","Command","Amazon.ca","Amazon.ca","wall-decor","25.02","https://www.amazon.ca/dp/B06ZYH411W","B06ZYH411W","https://m.media-amazon.com/images/I/71C6kInVA0L._AC_SY879_.jpg","yes","yes","yes","yes"
"amazon_B07X9JQQZ1","MADIZZ Velvet Throw Pillow Covers Set of 2","MADIZZ Velvet Throw Pillow Covers Set of 2","MADIZZ Velvet Throw Pillow Covers Set of 2","MADIZZ","Amazon.ca","Amazon.ca","cozy-bedroom","24.99","https://www.amazon.ca/dp/B07X9JQQZ1","B07X9JQQZ1","https://m.media-amazon.com/images/I/81u4zQegrIS._AC_SX679_.jpg","yes","yes","yes","yes"
"amazon_B07Y5HTRVD","Dahey Gold Hanging Round Wall Mirror","Dahey Gold Hanging Round Wall Mirror","Dahey Gold Hanging Round Wall Mirror","Dahey","Amazon.ca","Amazon.ca","mirrors","22.99","https://www.amazon.ca/dp/B07Y5HTRVD","B07Y5HTRVD","https://m.media-amazon.com/images/I/61qpbCI8JhL._AC_SX679_.jpg","yes","yes","yes","yes"
"amazon_B0848JGM78","COCODOR Flower Reed Diffuser Set White Jasmine","COCODOR Flower Reed Diffuser Set White Jasmine","COCODOR Flower Reed Diffuser Set White Jasmine","Cocod'or","Amazon.ca","Amazon.ca","shelf-styling","27.99","https://www.amazon.ca/dp/B0848JGM78","B0848JGM78","https://m.media-amazon.com/images/I/61h2tXuDjjL._AC_SX679_.jpg","yes","yes","yes","yes"
"amazon_B08CMJNDRY","LONGWIN Hanging Gold Circle Mirror","LONGWIN Hanging Gold Circle Mirror","LONGWIN Hanging Gold Circle Mirror","LONGWIN","Amazon.ca","Amazon.ca","mirrors","32.99","https://www.amazon.ca/dp/B08CMJNDRY","B08CMJNDRY","https://m.media-amazon.com/images/I/51kEt8mw4GL._AC_SX679_.jpg","yes","yes","yes","yes"
"amazon_B09183JKQ5","Neutral Farmhouse Pillow Covers Set of 4","Neutral Farmhouse Pillow Covers Set of 4","Neutral Farmhouse Pillow Covers Set of 4","homefeelzydys","Amazon.ca","Amazon.ca","cozy-bedroom","16.99","https://www.amazon.ca/dp/B09183JKQ5","B09183JKQ5","https://m.media-amazon.com/images/I/71QsVXg8LeL._AC_SX679_.jpg","yes","yes","yes","yes"
"amazon_B09J1FKQL4","Tyawon Glass Flameless LED Candles Pack of 3","Tyawon Glass Flameless LED Candles Pack of 3","Tyawon Glass Flameless LED Candles Pack of 3","Tyawon","Amazon.ca","Amazon.ca","cozy-bedroom","29.69","https://www.amazon.ca/dp/B09J1FKQL4","B09J1FKQL4","https://m.media-amazon.com/images/I/717cR+ilcQL._AC_SX679_.jpg","yes","yes","yes","yes"
"amazon_B09S8W8HK8","Hbnlai 3-Bulb Propagation Station","Hbnlai 3-Bulb Propagation Station","Hbnlai 3-Bulb Propagation Station","Hbnlai","Amazon.ca","Amazon.ca","shelf-styling","19.99","https://www.amazon.ca/dp/B09S8W8HK8","B09S8W8HK8","https://m.media-amazon.com/images/I/71SX40wpnqL._AC_SX679_.jpg","yes","yes","yes","yes"
"amazon_B09TZKJ5BG","CEMABT Donut Ceramic Vase","CEMABT Donut Ceramic Vase","CEMABT Donut Ceramic Vase","CEMABT","Amazon.ca","Amazon.ca","shelf-styling","16.99","https://www.amazon.ca/dp/B09TZKJ5BG","B09TZKJ5BG","https://m.media-amazon.com/images/I/71y0wKJHZ0L._AC_SX679_.jpg","yes","yes","yes","yes"
"amazon_B0BQ3N3HS1","CEMABT Ceramic Body Face Vase","CEMABT Ceramic Body Face Vase","CEMABT Ceramic Body Face Vase","CEMABT","Amazon.ca","Amazon.ca","shelf-styling","18.99","https://www.amazon.ca/dp/B0BQ3N3HS1","B0BQ3N3HS1","https://m.media-amazon.com/images/I/6161YWsMUkL._AC_SX679_.jpg","yes","yes","yes","yes"
"amazon_B0BW14CKJ3","OrganiHaus Fabric Storage Bins 3-Pack","OrganiHaus Fabric Storage Bins 3-Pack","OrganiHaus Fabric Storage Bins 3-Pack","OrganiHaus","Amazon.ca","Amazon.ca","storage","34.99","https://www.amazon.ca/dp/B0BW14CKJ3","B0BW14CKJ3","https://m.media-amazon.com/images/I/919mPWgGkXL._AC_SX679_.jpg","yes","yes","yes","yes"
"amazon_B0BWXXJZ32","PowerKing 2-Tier Desk Shelf Organizer","PowerKing 2-Tier Desk Shelf Organizer","PowerKing 2-Tier Desk Shelf Organizer","PowerKing","Amazon.ca","Amazon.ca","desk-setup","29.99","https://www.amazon.ca/dp/B0BWXXJZ32","B0BWXXJZ32","https://m.media-amazon.com/images/I/71Bqknw0PQL._AC_SX679_.jpg","yes","yes","yes","yes"
"amazon_B0BXCSW7YV","Quzenu Black and White Boho Wall Art Set","Quzenu Black and White Boho Wall Art Set","Quzenu Black and White Boho Wall Art Set","Quzenu","Amazon.ca","Amazon.ca","wall-decor","24.73","https://www.amazon.ca/dp/B0BXCSW7YV","B0BXCSW7YV","https://m.media-amazon.com/images/I/71Ac2Y1ypoL._AC_SX679_.jpg","yes","yes","yes","yes"
"amazon_B0BZ8DZV6D","Der Rose 3-Piece Mini Faux Succulent Set","Der Rose 3-Piece Mini Faux Succulent Set","Der Rose 3-Piece Mini Faux Succulent Set","Der Rose","Amazon.ca","Amazon.ca","plants","19.99","https://www.amazon.ca/dp/B0BZ8DZV6D","B0BZ8DZV6D","https://m.media-amazon.com/images/I/81UChF-GWVL._AC_SX679_.jpg","yes","yes","yes","yes"
"amazon_B0BZTT3MKR","EDISHINE Tripod Table Lamp","EDISHINE Tripod Table Lamp","EDISHINE Tripod Table Lamp","EDISHINE","Amazon.ca","Amazon.ca","lighting","36.99","https://www.amazon.ca/dp/B0BZTT3MKR","B0BZTT3MKR","https://m.media-amazon.com/images/I/81hd5Sql6fL._AC_SX679_.jpg","yes","yes","yes","yes"
"amazon_B0C27CF35D","StorageWorks Fabric Storage Bins 2-Pack","StorageWorks Fabric Storage Bins 2-Pack","StorageWorks Fabric Storage Bins 2-Pack","StorageWorks","Amazon.ca","Amazon.ca","storage","27.35","https://www.amazon.ca/dp/B0C27CF35D","B0C27CF35D","https://m.media-amazon.com/images/I/61HKdN5slmL._AC_SX679_.jpg","yes","yes","yes","yes"
"amazon_B0C5M5HHQT","Lewondr Corduroy Throw Pillow Covers Set of 4","Lewondr Corduroy Throw Pillow Covers Set of 4","Lewondr Corduroy Throw Pillow Covers Set of 4","Lewondr","Amazon.ca","Amazon.ca","cozy-bedroom","24.99","https://www.amazon.ca/dp/B0C5M5HHQT","B0C5M5HHQT","https://m.media-amazon.com/images/I/81O-cg2L6uL._AC_SX679_.jpg","yes","yes","yes","yes"
"amazon_B0C9MJ749Q","LUSHARBOR Battery Powered Table Lamp with Timer","LUSHARBOR Battery Powered Table Lamp with Timer","LUSHARBOR Battery Powered Table Lamp with Timer","LUSHARBOR","Amazon.ca","Amazon.ca","lighting","29.99","https://www.amazon.ca/dp/B0C9MJ749Q","B0C9MJ749Q","https://m.media-amazon.com/images/I/81-JPsbZGdL._AC_SX679_.jpg","yes","yes","yes","yes"
"amazon_B0CB7F7G6L","PowerKing White Wood Desk Shelf Organizer","PowerKing White Wood Desk Shelf Organizer","PowerKing White Wood Desk Shelf Organizer","PowerKing","Amazon.ca","Amazon.ca","desk-setup","25.99","https://www.amazon.ca/dp/B0CB7F7G6L","B0CB7F7G6L","https://m.media-amazon.com/images/I/7193--rlu7L._AC_SX679_.jpg","yes","yes","yes","yes"
"amazon_B0CDLP9SQ3","CEREMONY Wooden Incense Holder with Glass Ash Catcher","CEREMONY Wooden Incense Holder with Glass Ash Catcher","CEREMONY Wooden Incense Holder with Glass Ash Catcher","CEREMONY","Amazon.ca","Amazon.ca","shelf-styling","23.99","https://www.amazon.ca/dp/B0CDLP9SQ3","B0CDLP9SQ3","https://m.media-amazon.com/images/I/61HTszC6IHL._AC_SY879_.jpg","yes","yes","yes","yes"
"amazon_B0CSXLCL45","Home & Honor Mountain Canvas Wall Art Set","Home & Honor Mountain Canvas Wall Art Set","Home & Honor Mountain Canvas Wall Art Set","Home & Honor","Amazon.ca","Amazon.ca","wall-decor","29.84","https://www.amazon.ca/dp/B0CSXLCL45","B0CSXLCL45","https://m.media-amazon.com/images/I/61BoEqZS6SL._AC_SX679_.jpg","yes","yes","yes","yes"
"amazon_B0CXXD2TFZ","Der Rose 2-Piece Faux Hanging Plant Set","Der Rose 2-Piece Faux Hanging Plant Set","Der Rose 2-Piece Faux Hanging Plant Set","Der Rose","Amazon.ca","Amazon.ca","plants","26.99","https://www.amazon.ca/dp/B0CXXD2TFZ","B0CXXD2TFZ","https://m.media-amazon.com/images/I/814dRWyGaIL._AC_SX679_.jpg","yes","yes","yes","yes"
"amazon_B0D47BFZ2G","Bwodke Framed Neutral Abstract Wall Art Set","Bwodke Framed Neutral Abstract Wall Art Set","Bwodke Framed Neutral Abstract Wall Art Set","Bwodke","Amazon.ca","Amazon.ca","wall-decor","19.99","https://www.amazon.ca/dp/B0D47BFZ2G","B0D47BFZ2G","https://m.media-amazon.com/images/I/71IPBcmKhZL._AC_SX679_.jpg","yes","yes","yes","yes"
"amazon_B0D5HWK1XD","HERCHR Bedside Table Lamp","HERCHR Bedside Table Lamp","HERCHR Bedside Table Lamp","HERCHR","Amazon.ca","Amazon.ca","lighting","22.39","https://www.amazon.ca/dp/B0D5HWK1XD","B0D5HWK1XD","https://m.media-amazon.com/images/I/81XtYh4k8ML._AC_SX679_.jpg","yes","yes","yes","yes"
"amazon_B0D93DQZQD","Hbluefat 2-Tier Desktop Organizer Shelf","Hbluefat 2-Tier Desktop Organizer Shelf","Hbluefat 2-Tier Desktop Organizer Shelf","Hbluefat","Amazon.ca","Amazon.ca","desk-setup","36.8","https://www.amazon.ca/dp/B0D93DQZQD","B0D93DQZQD","https://m.media-amazon.com/images/I/61ObneF52kL._AC_SX679_.jpg","yes","yes","yes","yes"
"amazon_B0DDC6WXLN","Jukercici Collapsible Storage Baskets 2-Pack","Jukercici Collapsible Storage Baskets 2-Pack","Jukercici Collapsible Storage Baskets 2-Pack","Jukercici","Amazon.ca","Amazon.ca","storage","36.99","https://www.amazon.ca/dp/B0DDC6WXLN","B0DDC6WXLN","https://m.media-amazon.com/images/I/616vB++L0KL._AC_SX679_.jpg","yes","yes","yes","yes"
"amazon_B0DFD4XCPB","HOMKOKO Small Storage Box with Handles","HOMKOKO Small Storage Box with Handles","HOMKOKO Small Storage Box with Handles","HOMKOKO","Amazon.ca","Amazon.ca","storage","21.49","https://www.amazon.ca/dp/B0DFD4XCPB","B0DFD4XCPB","https://m.media-amazon.com/images/I/71R1HYMJv1L._AC_SX679_.jpg","yes","yes","yes","yes"
"amazon_B0DNLXG9NB","YCHMIR Small Round Wall Mirror","YCHMIR Small Round Wall Mirror","YCHMIR Small Round Wall Mirror","YCHMIR","Amazon.ca","Amazon.ca","mirrors","21.99","https://www.amazon.ca/dp/B0DNLXG9NB","B0DNLXG9NB","https://m.media-amazon.com/images/I/619vK9xd3NL._AC_SX679_.jpg","yes","yes","yes","yes"
"amazon_B0F3J3R5J2","MODOJOART Framed Neutral Abstract Canvas Wall Art Set","MODOJOART Framed Neutral Abstract Canvas Wall Art Set","MODOJOART Framed Neutral Abstract Canvas Wall Art Set","MODOJOART","Amazon.ca","Amazon.ca","wall-decor","39.91","https://www.amazon.ca/dp/B0F3J3R5J2","B0F3J3R5J2","https://m.media-amazon.com/images/I/71SVY7S9DgL._AC_SX679_.jpg","yes","yes","yes","yes"
"amazon_B0F5HNF9DN","SEENSINY Rechargeable Cordless Touch Bedside Lamp","SEENSINY Rechargeable Cordless Touch Bedside Lamp","SEENSINY Rechargeable Cordless Touch Bedside Lamp","SEENSINY","Amazon.ca","Amazon.ca","lighting","25.99","https://www.amazon.ca/dp/B0F5HNF9DN","B0F5HNF9DN","https://m.media-amazon.com/images/I/71919A3IEAL._AC_SX679_.jpg","yes","yes","yes","yes"
"amazon_B0F93NDNTM","EDISHINE 13.4 Inch Wood Table Lamp","EDISHINE 13.4 Inch Wood Table Lamp","EDISHINE 13.4 Inch Wood Table Lamp","EDISHINE","Amazon.ca","Amazon.ca","lighting","33.99","https://www.amazon.ca/dp/B0F93NDNTM","B0F93NDNTM","https://m.media-amazon.com/images/I/71qmmtA4kFL._AC_SX679_.jpg","yes","yes","yes","yes"
"amazon_B0FDG5C999","MEKOTRIN Cordless Glass Bedside Table Lamp","MEKOTRIN Cordless Glass Bedside Table Lamp","MEKOTRIN Cordless Glass Bedside Table Lamp","MEKOTRIN","Amazon.ca","Amazon.ca","lighting","35.99","https://www.amazon.ca/dp/B0FDG5C999","B0FDG5C999","https://m.media-amazon.com/images/I/81xBdMs7yJL._AC_SX679_.jpg","yes","yes","yes","yes"
"amazon_B0FNN2B414","ESUNYD Candle Warmer Lamp with Timer","ESUNYD Candle Warmer Lamp with Timer","ESUNYD Candle Warmer Lamp with Timer","ESUNYD","Amazon.ca","Amazon.ca","lighting","26.99","https://www.amazon.ca/dp/B0FNN2B414","B0FNN2B414","https://m.media-amazon.com/images/I/81bKlnL7QSL._AC_SX679_.jpg","yes","yes","yes","yes"
"amazon_B0G8TGGTWG","Erosebridal Abstract Modern Black Beige Canvas Wall Art Set of 3","Erosebridal Abstract Modern Black Beige Canvas Wall Art Set of 3","Erosebridal Abstract Modern Black Beige Canvas Wall Art Set of 3","Erosebridal","Amazon.ca","Amazon.ca","wall-decor","40.79","https://www.amazon.ca/dp/B0G8TGGTWG","B0G8TGGTWG","https://m.media-amazon.com/images/I/61m0uTyE0TL._AC_SX679_.jpg","yes","yes","yes","yes"
"bBJcJFGmgEoE1ChtyAOn","Classic Planter","Classic Planter","Classic Planter","SwipeShop Studio","Amazon","Amazon","plants","39.99","https://www.amazon.ca/s?k=Classic%20Planter%20SwipeShop%20Studio%20plants","","https://picsum.photos/seed/plants_176/600/600","no","no","yes","no"
"bEHvLMnTh6jJz5nHgSmx","Modern Bench","Modern Bench","Modern Bench","SwipeShop Studio","Amazon","Amazon","storage","152.99","https://www.amazon.ca/s?k=Modern%20Bench%20SwipeShop%20Studio%20seating","","https://picsum.photos/seed/seating_112/600/600","no","no","yes","no"
"baEYmrocQmXI8mfbLPN9","Cozy Organizer","Cozy Organizer","Cozy Organizer","SwipeShop Studio","Amazon","Amazon","storage","29.99","https://www.amazon.ca/s?k=Cozy%20Organizer%20SwipeShop%20Studio%20storage","","https://picsum.photos/seed/storage_111/600/600","no","no","yes","no"
"bcTlOJGTwTXk9TN5CC45","Classic Wall Poster","Classic Wall Poster","Classic Wall Poster","SwipeShop Studio","Amazon","Amazon","wall-decor","48.99","https://www.amazon.ca/s?k=Classic%20Wall%20Poster%20SwipeShop%20Studio%20wall_art","","https://picsum.photos/seed/wall_art_144/600/600","no","no","yes","no"
"c2C0u6TEnrNktMtkOb9r","Minimal Kitchen Decor","Minimal Kitchen Decor","Minimal Kitchen Decor","SwipeShop Studio","Amazon","Amazon","storage","34.99","https://www.amazon.ca/s?k=Minimal%20Kitchen%20Decor%20SwipeShop%20Studio%20kitchen_decor","","https://picsum.photos/seed/kitchen_decor_56/600/600","no","no","yes","no"
"cIeVJ9mW3iuC1cYdJySU","Neutral Wall Poster","Neutral Wall Poster","Neutral Wall Poster","SwipeShop Studio","Amazon","Amazon","wall-decor","54.99","https://www.amazon.ca/s?k=Neutral%20Wall%20Poster%20SwipeShop%20Studio%20wall_art","","https://picsum.photos/seed/wall_art_166/600/600","no","no","yes","no"
"cSW416UVLkW9wB19XOUt","Bold Kitchen Decor","Bold Kitchen Decor","Bold Kitchen Decor","SwipeShop Studio","Amazon","Amazon","storage","28.99","https://www.amazon.ca/s?k=Bold%20Kitchen%20Decor%20SwipeShop%20Studio%20kitchen_decor","","https://picsum.photos/seed/kitchen_decor_134/600/600","no","no","yes","no"
"cTqVOpeH2ayJtf2x2NIb","Classic Coffee Table","Classic Coffee Table","Classic Coffee Table","SwipeShop Studio","Amazon","Amazon","storage","144.99","https://www.amazon.ca/s?k=Classic%20Coffee%20Table%20SwipeShop%20Studio%20tables","","https://picsum.photos/seed/tables_186/600/600","no","no","yes","no"
"d6RzYbC7Z8zDipGVHd0I","Minimal Potted Plant","Minimal Potted Plant","Minimal Potted Plant","SwipeShop Studio","Amazon","Amazon","plants","48.99","https://www.amazon.ca/s?k=Minimal%20Potted%20Plant%20SwipeShop%20Studio%20plants","","https://picsum.photos/seed/plants_179/600/600","no","no","yes","no"
"dE2oETI1TWhenrj8nSqF","Minimal Table Lamp","Minimal Table Lamp","Minimal Table Lamp","SwipeShop Studio","Amazon","Amazon","lighting","52.99","https://www.amazon.ca/s?k=Minimal%20Table%20Lamp%20SwipeShop%20Studio%20lighting","","https://picsum.photos/seed/lighting_42/600/600","no","no","yes","no"
"dJJLDx6BcOxxyI5ShA6R","Cozy Throw Blanket","Cozy Throw Blanket","Cozy Throw Blanket","SwipeShop Studio","Amazon","Amazon","cozy-bedroom","39.99","https://www.amazon.ca/s?k=Cozy%20Throw%20Blanket%20SwipeShop%20Studio%20Bedding","","https://picsum.photos/seed/bedding_02/600/600","no","no","yes","no"
"dLvA7L7anaF7FT6o98aX","Cozy Indoor Plant","Cozy Indoor Plant","Cozy Indoor Plant","SwipeShop Studio","Amazon","Amazon","plants","45.99","https://www.amazon.ca/s?k=Cozy%20Indoor%20Plant%20SwipeShop%20Studio%20plants","","https://picsum.photos/seed/plants_78/600/600","no","no","yes","no"
"dSpIxVadZkNOfoU6ZOny","Soft Area Rug","Soft Area Rug","Soft Area Rug","SwipeShop Studio","Amazon","Amazon","storage","100.99","https://www.amazon.ca/s?k=Soft%20Area%20Rug%20SwipeShop%20Studio%20rugs","","https://picsum.photos/seed/rugs_138/600/600","no","no","yes","no"
"dVsxPh8k9RHP71k2kLAv","Neutral Ceramic Set","Neutral Ceramic Set","Neutral Ceramic Set","SwipeShop Studio","Amazon","Amazon","storage","43.99","https://www.amazon.ca/s?k=Neutral%20Ceramic%20Set%20SwipeShop%20Studio%20kitchen_decor","","https://picsum.photos/seed/kitchen_decor_179/600/600","no","no","yes","no"
"djCJPyOs5GB8tpqx4XNo","Cozy Indoor Plant","Cozy Indoor Plant","Cozy Indoor Plant","SwipeShop Studio","Amazon","Amazon","plants","45.99","https://www.amazon.ca/s?k=Cozy%20Indoor%20Plant%20SwipeShop%20Studio%20plants","","https://picsum.photos/seed/plants_128/600/600","no","no","yes","no"
"e92apQTJxx6KcFPBAHoR","Modern Accent Chair","Modern Accent Chair","Modern Accent Chair","SwipeShop Studio","Amazon","Amazon","storage","164.99","https://www.amazon.ca/s?k=Modern%20Accent%20Chair%20SwipeShop%20Studio%20seating","","https://picsum.photos/seed/seating_156/600/600","no","no","yes","no"
"eYinwcQCMN8hJ3KtmVj6","Modern Organizer","Modern Organizer","Modern Organizer","SwipeShop Studio","Amazon","Amazon","storage","47.99","https://www.amazon.ca/s?k=Modern%20Organizer%20SwipeShop%20Studio%20storage","","https://picsum.photos/seed/storage_37/600/600","no","no","yes","no"
"ehiiXoBlePcrdKXD8UDe","Bold Framed Print","Bold Framed Print","Bold Framed Print","SwipeShop Studio","Amazon","Amazon","wall-decor","63.99","https://www.amazon.ca/s?k=Bold%20Framed%20Print%20SwipeShop%20Studio%20wall_art","","https://picsum.photos/seed/wall_art_99/600/600","no","no","yes","no"
"eiD5VtLMP1w0FsuRPvKl","Cozy Serving Tray","Cozy Serving Tray","Cozy Serving Tray","SwipeShop Studio","Amazon","Amazon","storage","43.99","https://www.amazon.ca/s?k=Cozy%20Serving%20Tray%20SwipeShop%20Studio%20kitchen_decor","","https://picsum.photos/seed/kitchen_decor_99/600/600","no","no","yes","no"
"evUTMN0Gr1tHHnx9KVEb","Neutral Pendant Light","Neutral Pendant Light","Neutral Pendant Light","SwipeShop Studio","Amazon","Amazon","lighting","64.99","https://www.amazon.ca/s?k=Neutral%20Pendant%20Light%20SwipeShop%20Studio%20lighting","","https://picsum.photos/seed/lighting_196/600/600","no","no","yes","no"
"exYAmdurg6SHcD8lW5rZ","Classic Wall Poster","Classic Wall Poster","Classic Wall Poster","SwipeShop Studio","Amazon","Amazon","wall-decor","45.99","https://www.amazon.ca/s?k=Classic%20Wall%20Poster%20SwipeShop%20Studio%20wall_art","","https://picsum.photos/seed/wall_art_123/600/600","no","no","yes","no"
"ezHm8QS7zTYU0j7RaAEn","Cozy Coffee Table","Cozy Coffee Table","Cozy Coffee Table","SwipeShop Studio","Amazon","Amazon","storage","144.99","https://www.amazon.ca/s?k=Cozy%20Coffee%20Table%20SwipeShop%20Studio%20tables","","https://picsum.photos/seed/tables_116/600/600","no","no","yes","no"
"f8TK3P82TTGRLJ2Njbfi","Soft Framed Print","Soft Framed Print","Soft Framed Print","SwipeShop Studio","Amazon","Amazon","wall-decor","66.99","https://www.amazon.ca/s?k=Soft%20Framed%20Print%20SwipeShop%20Studio%20wall_art","","https://picsum.photos/seed/wall_art_160/600/600","no","no","yes","no"
"fAg3kZD0krl9DWXkbOJ1","Modern Ceramic Set","Modern Ceramic Set","Modern Ceramic Set","SwipeShop Studio","Amazon","Amazon","storage","25.99","https://www.amazon.ca/s?k=Modern%20Ceramic%20Set%20SwipeShop%20Studio%20kitchen_decor","","https://picsum.photos/seed/kitchen_decor_73/600/600","no","no","yes","no"
"fCKgia0uU8LnURx0JZn7","Modern Potted Plant","Modern Potted Plant","Modern Potted Plant","SwipeShop Studio","Amazon","Amazon","plants","39.99","https://www.amazon.ca/s?k=Modern%20Potted%20Plant%20SwipeShop%20Studio%20plants","","https://picsum.photos/seed/plants_86/600/600","no","no","yes","no"
"fCng9Vx9Z3UbbHYNi6Iw","Classic Stool","Classic Stool","Classic Stool","SwipeShop Studio","Amazon","Amazon","storage","152.99","https://www.amazon.ca/s?k=Classic%20Stool%20SwipeShop%20Studio%20seating","","https://picsum.photos/seed/seating_12/600/600","no","no","yes","no"
"fDIge9NJQe5hbLkOOkk0","Bold Kitchen Decor","Bold Kitchen Decor","Bold Kitchen Decor","SwipeShop Studio","Amazon","Amazon","storage","40.99","https://www.amazon.ca/s?k=Bold%20Kitchen%20Decor%20SwipeShop%20Studio%20kitchen_decor","","https://picsum.photos/seed/kitchen_decor_148/600/600","no","no","yes","no"
"fNN2SOFYrI2xTCnC0C3K","Minimal Area Rug","Minimal Area Rug","Minimal Area Rug","SwipeShop Studio","Amazon","Amazon","storage","91.99","https://www.amazon.ca/s?k=Minimal%20Area%20Rug%20SwipeShop%20Studio%20rugs","","https://picsum.photos/seed/rugs_35/600/600","no","no","yes","no"
"fWCu6PC8N2Pl7RkGJ8IU","Neutral Framed Print","Neutral Framed Print","Neutral Framed Print","SwipeShop Studio","Amazon","Amazon","wall-decor","39.99","https://www.amazon.ca/s?k=Neutral%20Framed%20Print%20SwipeShop%20Studio%20wall_art","","https://picsum.photos/seed/wall_art_101/600/600","no","no","yes","no"
"fadPUZmlsokUDSNv2lER","Modern Wool Rug","Modern Wool Rug","Modern Wool Rug","SwipeShop Studio","Amazon","Amazon","storage","91.99","https://www.amazon.ca/s?k=Modern%20Wool%20Rug%20SwipeShop%20Studio%20rugs","","https://picsum.photos/seed/rugs_95/600/600","no","no","yes","no"
"fkBiKSOe3b8ZmdODYORl","Classic Round Mirror","Classic Round Mirror","Classic Round Mirror","SwipeShop Studio","Amazon","Amazon","mirrors","65.99","https://www.amazon.ca/s?k=Classic%20Round%20Mirror%20SwipeShop%20Studio%20mirrors","","https://picsum.photos/seed/mirrors_33/600/600","no","no","yes","no"
"fm0wO52Yq9SfBf7s6C6G","Bold Duvet Set","Bold Duvet Set","Bold Duvet Set","SwipeShop Studio","Amazon","Amazon","cozy-bedroom","84.99","https://www.amazon.ca/s?k=Bold%20Duvet%20Set%20SwipeShop%20Studio%20bedding","","https://picsum.photos/seed/bedding_106/600/600","no","no","yes","no"
"fsIp7mcV3guTdDuZRsC6","Cozy Wall Poster","Cozy Wall Poster","Cozy Wall Poster","SwipeShop Studio","Amazon","Amazon","wall-decor","63.99","https://www.amazon.ca/s?k=Cozy%20Wall%20Poster%20SwipeShop%20Studio%20wall_art","","https://picsum.photos/seed/wall_art_29/600/600","no","no","yes","no"
"fvSvoYHs4RW3kJOpi3uD","Classic Planter","Classic Planter","Classic Planter","SwipeShop Studio","Amazon","Amazon","plants","45.99","https://www.amazon.ca/s?k=Classic%20Planter%20SwipeShop%20Studio%20plants","","https://picsum.photos/seed/plants_178/600/600","no","no","yes","no"
"fypdZDGOB9Tf2R429oTb","Soft Table Lamp","Soft Table Lamp","Soft Table Lamp","SwipeShop Studio","Amazon","Amazon","lighting","73.99","https://www.amazon.ca/s?k=Soft%20Table%20Lamp%20SwipeShop%20Studio%20lighting","","https://picsum.photos/seed/lighting_159/600/600","no","no","yes","no"
"gMOhJXi13l71tuAqNWfa","Minimal Bar Stool","Minimal Bar Stool","Minimal Bar Stool","SwipeShop Studio","Amazon","Amazon","storage","89.99","https://www.amazon.ca/s?k=Minimal%20Bar%20Stool%20SwipeShop%20Studio%20Seating","","https://picsum.photos/seed/seating_03/600/600","no","no","yes","no"
"gmgVpmsOPqtsGXiHMhMH","Cozy Pillow Set","Cozy Pillow Set","Cozy Pillow Set","SwipeShop Studio","Amazon","Amazon","cozy-bedroom","69.99","https://www.amazon.ca/s?k=Cozy%20Pillow%20Set%20SwipeShop%20Studio%20bedding","","https://picsum.photos/seed/bedding_1/600/600","no","no","yes","no"
"goK3cJM1yFsHpeRVuPH7","Classic Planter","Classic Planter","Classic Planter","SwipeShop Studio","Amazon","Amazon","plants","45.99","https://www.amazon.ca/s?k=Classic%20Planter%20SwipeShop%20Studio%20plants","","https://picsum.photos/seed/plants_58/600/600","no","no","yes","no"
"gqdVaZuwzQBv2APnUjHZ","Minimal Round Mirror","Minimal Round Mirror","Minimal Round Mirror","SwipeShop Studio","Amazon","Amazon","mirrors","68.99","https://www.amazon.ca/s?k=Minimal%20Round%20Mirror%20SwipeShop%20Studio%20mirrors","","https://picsum.photos/seed/mirrors_4/600/600","no","no","yes","no"
"h4HaZTwUImEqrxZvFnsY","Arched Mirror","Arched Mirror","Arched Mirror","SwipeShop Studio","Amazon","Amazon","mirrors","109.99","https://www.amazon.ca/s?k=Arched%20Mirror%20SwipeShop%20Studio%20Mirrors","","https://picsum.photos/seed/mirrors_03/600/600","no","no","yes","no"
"h4MgW7vY86kEVlsq86NC","Ceramic Planter Set (2-pack)","Ceramic Planter Set (2-pack)","Ceramic Planter Set (2-pack)","SwipeShop Studio","Amazon","Amazon","plants","29.99","https://www.amazon.ca/s?k=Ceramic%20Planter%20Set%20(2-pack)%20SwipeShop%20Studio%20Plants","","https://picsum.photos/seed/plants_02/600/600","no","no","yes","no"
"hClbsMUN6VzxFFqMl7OM","Soft Serving Tray","Soft Serving Tray","Soft Serving Tray","SwipeShop Studio","Amazon","Amazon","storage","46.99","https://www.amazon.ca/s?k=Soft%20Serving%20Tray%20SwipeShop%20Studio%20kitchen_decor","","https://picsum.photos/seed/kitchen_decor_110/600/600","no","no","yes","no"
"hPSW87SjLMTvm4rK6uES","Cozy Pillow Set","Cozy Pillow Set","Cozy Pillow Set","SwipeShop Studio","Amazon","Amazon","cozy-bedroom","69.99","https://www.amazon.ca/s?k=Cozy%20Pillow%20Set%20SwipeShop%20Studio%20bedding","","https://picsum.photos/seed/bedding_51/600/600","no","no","yes","no"
"hgYPCqdL2GNdNrpducoh","Bold Console Table","Bold Console Table","Bold Console Table","SwipeShop Studio","Amazon","Amazon","storage","153.99","https://www.amazon.ca/s?k=Bold%20Console%20Table%20SwipeShop%20Studio%20tables","","https://picsum.photos/seed/tables_109/600/600","no","no","yes","no"
"hvZH5FPxw5aVhaRbDXf6","Ceramic Vase (Kitchen Shelf)","Ceramic Vase (Kitchen Shelf)","Ceramic Vase (Kitchen Shelf)","SwipeShop Studio","Amazon","Amazon","shelf-styling","24.99","https://www.amazon.ca/s?k=Ceramic%20Vase%20(Kitchen%20Shelf)%20SwipeShop%20Studio%20Kitchen%20Decor","","https://picsum.photos/seed/kitchen_03/600/600","no","no","yes","no"
"i8u5l11SH07cIjZM9fPv","Soft Planter","Soft Planter","Soft Planter","SwipeShop Studio","Amazon","Amazon","plants","42.99","https://www.amazon.ca/s?k=Soft%20Planter%20SwipeShop%20Studio%20plants","","https://picsum.photos/seed/plants_97/600/600","no","no","yes","no"
"iAQnKjN1USV0ZZRG7Fyo","Modern Stool","Modern Stool","Modern Stool","SwipeShop Studio","Amazon","Amazon","storage","161.99","https://www.amazon.ca/s?k=Modern%20Stool%20SwipeShop%20Studio%20seating","","https://picsum.photos/seed/seating_85/600/600","no","no","yes","no"
"iDJYYD0yYoGqEVnk2x5i","Bold Sheet Set","Bold Sheet Set","Bold Sheet Set","SwipeShop Studio","Amazon","Amazon","cozy-bedroom","93.99","https://www.amazon.ca/s?k=Bold%20Sheet%20Set%20SwipeShop%20Studio%20bedding","","https://picsum.photos/seed/bedding_69/600/600","no","no","yes","no"
"iPdmTP3FQATwWPwNlXd4","Minimal Kitchen Decor","Minimal Kitchen Decor","Minimal Kitchen Decor","SwipeShop Studio","Amazon","Amazon","storage","31.99","https://www.amazon.ca/s?k=Minimal%20Kitchen%20Decor%20SwipeShop%20Studio%20kitchen_decor","","https://picsum.photos/seed/kitchen_decor_145/600/600","no","no","yes","no"
"iSLbK0APbL2ClB8p7Lpn","Soft Coffee Table","Soft Coffee Table","Soft Coffee Table","SwipeShop Studio","Amazon","Amazon","storage","147.99","https://www.amazon.ca/s?k=Soft%20Coffee%20Table%20SwipeShop%20Studio%20tables","","https://picsum.photos/seed/tables_97/600/600","no","no","yes","no"
"iY3yCH7AFRM56AqBZ641","Full Length Mirror","Full Length Mirror","Full Length Mirror","SwipeShop Studio","Amazon","Amazon","mirrors","89.99","https://www.amazon.ca/s?k=Full%20Length%20Mirror%20SwipeShop%20Studio%20Mirrors","","https://picsum.photos/seed/mirrors_02/600/600","no","no","yes","no"
"iezzTOe7FzWDQ6P1AtZu","Classic Floor Lamp","Classic Floor Lamp","Classic Floor Lamp","SwipeShop Studio","Amazon","Amazon","lighting","58.99","https://www.amazon.ca/s?k=Classic%20Floor%20Lamp%20SwipeShop%20Studio%20lighting","","https://picsum.photos/seed/lighting_94/600/600","no","no","yes","no"
"iiqupkXqIvwntpy6QTjM","Soft Storage Basket","Soft Storage Basket","Soft Storage Basket","SwipeShop Studio","Amazon","Amazon","storage","41.99","https://www.amazon.ca/s?k=Soft%20Storage%20Basket%20SwipeShop%20Studio%20storage","","https://picsum.photos/seed/storage_55/600/600","no","no","yes","no"
"itT0wBkCb2u0Ee3g7Gkp","Neutral Shelf Unit","Neutral Shelf Unit","Neutral Shelf Unit","SwipeShop Studio","Amazon","Amazon","storage","56.99","https://www.amazon.ca/s?k=Neutral%20Shelf%20Unit%20SwipeShop%20Studio%20storage","","https://picsum.photos/seed/storage_190/600/600","no","no","yes","no"
"j5xKjplgJMXR46MMZwM9","Soft Wool Rug","Soft Wool Rug","Soft Wool Rug","SwipeShop Studio","Amazon","Amazon","storage","97.99","https://www.amazon.ca/s?k=Soft%20Wool%20Rug%20SwipeShop%20Studio%20rugs","","https://picsum.photos/seed/rugs_117/600/600","no","no","yes","no"
"j660fIjW9s5KXc6Oq82W","Bold Console Table","Bold Console Table","Bold Console Table","SwipeShop Studio","Amazon","Amazon","storage","138.99","https://www.amazon.ca/s?k=Bold%20Console%20Table%20SwipeShop%20Studio%20tables","","https://picsum.photos/seed/tables_124/600/600","no","no","yes","no"
"jLedbnsbpiTFlpfcthUi","Classic Console Table","Classic Console Table","Classic Console Table","SwipeShop Studio","Amazon","Amazon","storage","138.99","https://www.amazon.ca/s?k=Classic%20Console%20Table%20SwipeShop%20Studio%20tables","","https://picsum.photos/seed/tables_64/600/600","no","no","yes","no"
"jMLLs94urvkN3RH7Ycgr","Arc Floor Lamp","Arc Floor Lamp","Arc Floor Lamp","SwipeShop Studio","Amazon","Amazon","lighting","129.99","https://www.amazon.ca/s?k=Arc%20Floor%20Lamp%20SwipeShop%20Studio%20Lighting","","https://picsum.photos/seed/lighting_02/600/600","no","no","yes","no"
"jNGlFh5uBpPh86Q3etwe","Modern Framed Print","Modern Framed Print","Modern Framed Print","SwipeShop Studio","Amazon","Amazon","wall-decor","60.99","https://www.amazon.ca/s?k=Modern%20Framed%20Print%20SwipeShop%20Studio%20wall_art","","https://picsum.photos/seed/wall_art_158/600/600","no","no","yes","no"
"jUv8CgnOD9CDqMFaokS5","Soft Floor Lamp","Soft Floor Lamp","Soft Floor Lamp","SwipeShop Studio","Amazon","Amazon","lighting","73.99","https://www.amazon.ca/s?k=Soft%20Floor%20Lamp%20SwipeShop%20Studio%20lighting","","https://picsum.photos/seed/lighting_9/600/600","no","no","yes","no"
"jWrPWKtOd9Qnmp3sU8L9","Modern Wool Rug","Modern Wool Rug","Modern Wool Rug","SwipeShop Studio","Amazon","Amazon","storage","103.99","https://www.amazon.ca/s?k=Modern%20Wool%20Rug%20SwipeShop%20Studio%20rugs","","https://picsum.photos/seed/rugs_89/600/600","no","no","yes","no"
"jbClP7bczM4DOCn8E4aN","Classic Duvet Set","Classic Duvet Set","Classic Duvet Set","SwipeShop Studio","Amazon","Amazon","cozy-bedroom","84.99","https://www.amazon.ca/s?k=Classic%20Duvet%20Set%20SwipeShop%20Studio%20bedding","","https://picsum.photos/seed/bedding_146/600/600","no","no","yes","no"
"k3Ioxuhn51vAJsBYguXt","Minimal Organizer","Minimal Organizer","Minimal Organizer","SwipeShop Studio","Amazon","Amazon","storage","41.99","https://www.amazon.ca/s?k=Minimal%20Organizer%20SwipeShop%20Studio%20storage","","https://picsum.photos/seed/storage_125/600/600","no","no","yes","no"
"k47aOiIE7dctCAU01BY8","Classic Bench","Classic Bench","Classic Bench","SwipeShop Studio","Amazon","Amazon","storage","149.99","https://www.amazon.ca/s?k=Classic%20Bench%20SwipeShop%20Studio%20seating","","https://picsum.photos/seed/seating_191/600/600","no","no","yes","no"
"kCQ4Q2GVoduhk29LsDP2","Classic Sheet Set","Classic Sheet Set","Classic Sheet Set","SwipeShop Studio","Amazon","Amazon","cozy-bedroom","90.99","https://www.amazon.ca/s?k=Classic%20Sheet%20Set%20SwipeShop%20Studio%20bedding","","https://picsum.photos/seed/bedding_38/600/600","no","no","yes","no"
"kG3PZmNUSqsx9ciUoNW9","Neutral Round Mirror","Neutral Round Mirror","Neutral Round Mirror","SwipeShop Studio","Amazon","Amazon","mirrors","62.99","https://www.amazon.ca/s?k=Neutral%20Round%20Mirror%20SwipeShop%20Studio%20mirrors","","https://picsum.photos/seed/mirrors_22/600/600","no","no","yes","no"
"kNFWNHAjH8daLLEsXICN","Bold Accent Chair","Bold Accent Chair","Bold Accent Chair","SwipeShop Studio","Amazon","Amazon","storage","158.99","https://www.amazon.ca/s?k=Bold%20Accent%20Chair%20SwipeShop%20Studio%20seating","","https://picsum.photos/seed/seating_44/600/600","no","no","yes","no"
"kNmzszpZV4SokIsUH9hM","Modern Vanity Mirror","Modern Vanity Mirror","Modern Vanity Mirror","SwipeShop Studio","Amazon","Amazon","mirrors","59.99","https://www.amazon.ca/s?k=Modern%20Vanity%20Mirror%20SwipeShop%20Studio%20mirrors","","https://picsum.photos/seed/mirrors_41/600/600","no","no","yes","no"
"kTaKM8yAKop6kZnx2dV3","Modern Table Lamp","Modern Table Lamp","Modern Table Lamp","SwipeShop Studio","Amazon","Amazon","lighting","49.99","https://www.amazon.ca/s?k=Modern%20Table%20Lamp%20SwipeShop%20Studio%20Lighting","","https://picsum.photos/seed/light_a/600/600","no","no","yes","no"
"kgEoasLlGQxjOyb2CYhw","Cozy Stool","Cozy Stool","Cozy Stool","SwipeShop Studio","Amazon","Amazon","storage","164.99","https://www.amazon.ca/s?k=Cozy%20Stool%20SwipeShop%20Studio%20seating","","https://picsum.photos/seed/seating_126/600/600","no","no","yes","no"
"kmL0H2D3D7Z5yk4fJPpq","Arched Mirror","Arched Mirror","Arched Mirror","SwipeShop Studio","Amazon","Amazon","mirrors","109.99","https://www.amazon.ca/s?k=Arched%20Mirror%20SwipeShop%20Studio%20Mirrors","","https://picsum.photos/seed/mirrors_03/600/600","no","no","yes","no"
"kqxsKI3sdZTbMxF85lFB","Minimal Vanity Mirror","Minimal Vanity Mirror","Minimal Vanity Mirror","SwipeShop Studio","Amazon","Amazon","mirrors","86.99","https://www.amazon.ca/s?k=Minimal%20Vanity%20Mirror%20SwipeShop%20Studio%20mirrors","","https://picsum.photos/seed/mirrors_200/600/600","no","no","yes","no"
"lOWsSSqKZlMjJUuIC695","Bold Planter","Bold Planter","Bold Planter","SwipeShop Studio","Amazon","Amazon","plants","36.99","https://www.amazon.ca/s?k=Bold%20Planter%20SwipeShop%20Studio%20plants","","https://picsum.photos/seed/plants_75/600/600","no","no","yes","no"
"lcffrHXY5bxLlWlUrMbp","Modern Pendant Light","Modern Pendant Light","Modern Pendant Light","SwipeShop Studio","Amazon","Amazon","lighting","55.99","https://www.amazon.ca/s?k=Modern%20Pendant%20Light%20SwipeShop%20Studio%20lighting","","https://picsum.photos/seed/lighting_93/600/600","no","no","yes","no"
"lptByxWriF8nlfD96WOl","Classic Bench","Classic Bench","Classic Bench","SwipeShop Studio","Amazon","Amazon","storage","161.99","https://www.amazon.ca/s?k=Classic%20Bench%20SwipeShop%20Studio%20seating","","https://picsum.photos/seed/seating_175/600/600","no","no","yes","no"
"lq03ExezvsstV7xEncDi","Minimal Floor Lamp","Minimal Floor Lamp","Minimal Floor Lamp","SwipeShop Studio","Amazon","Amazon","lighting","61.99","https://www.amazon.ca/s?k=Minimal%20Floor%20Lamp%20SwipeShop%20Studio%20lighting","","https://picsum.photos/seed/lighting_35/600/600","no","no","yes","no"
"m6QAYBAoRJQvautJGjkY","Minimal Canister Set","Minimal Canister Set","Minimal Canister Set","SwipeShop Studio","Amazon","Amazon","storage","34.99","https://www.amazon.ca/s?k=Minimal%20Canister%20Set%20SwipeShop%20Studio%20Kitchen%20Decor","","https://picsum.photos/seed/kitchen_01/600/600","no","no","yes","no"
"mECvboGyuc354xPDC4gz","Neutral Side Table","Neutral Side Table","Neutral Side Table","SwipeShop Studio","Amazon","Amazon","storage","156.99","https://www.amazon.ca/s?k=Neutral%20Side%20Table%20SwipeShop%20Studio%20tables","","https://picsum.photos/seed/tables_10/600/600","no","no","yes","no"
"mFN9Nw5rpq0IQBd4YEwI","Minimal Pendant Light","Minimal Pendant Light","Minimal Pendant Light","SwipeShop Studio","Amazon","Amazon","lighting","58.99","https://www.amazon.ca/s?k=Minimal%20Pendant%20Light%20SwipeShop%20Studio%20lighting","","https://picsum.photos/seed/lighting_144/600/600","no","no","yes","no"
"mIDeP8qDIk6XYJGXsJJn","Neutral Planter","Neutral Planter","Neutral Planter","SwipeShop Studio","Amazon","Amazon","plants","33.99","https://www.amazon.ca/s?k=Neutral%20Planter%20SwipeShop%20Studio%20plants","","https://picsum.photos/seed/plants_84/600/600","no","no","yes","no"
"mIvsTTucnzIYIF6YuaW0","Minimal Round Mirror","Minimal Round Mirror","Minimal Round Mirror","SwipeShop Studio","Amazon","Amazon","mirrors","59.99","https://www.amazon.ca/s?k=Minimal%20Round%20Mirror%20SwipeShop%20Studio%20mirrors","","https://picsum.photos/seed/mirrors_171/600/600","no","no","yes","no"
"mK2XYsW8heUc0R00ZeMB","Minimal Stool","Minimal Stool","Minimal Stool","SwipeShop Studio","Amazon","Amazon","storage","161.99","https://www.amazon.ca/s?k=Minimal%20Stool%20SwipeShop%20Studio%20seating","","https://picsum.photos/seed/seating_25/600/600","no","no","yes","no"
"mVQR5GjTJi3AJ4EoxIoh","Soft Sheet Set","Soft Sheet Set","Soft Sheet Set","SwipeShop Studio","Amazon","Amazon","cozy-bedroom","75.99","https://www.amazon.ca/s?k=Soft%20Sheet%20Set%20SwipeShop%20Studio%20bedding","","https://picsum.photos/seed/bedding_43/600/600","no","no","yes","no"
"mYvYBKV813h3gkWQAfyA","Modern Wall Mirror","Modern Wall Mirror","Modern Wall Mirror","SwipeShop Studio","Amazon","Amazon","mirrors","80.99","https://www.amazon.ca/s?k=Modern%20Wall%20Mirror%20SwipeShop%20Studio%20mirrors","","https://picsum.photos/seed/mirrors_8/600/600","no","no","yes","no"
"mjeNC3o1wliIYiOmMjqh","Modern Table Lamp","Modern Table Lamp","Modern Table Lamp","SwipeShop Studio","Amazon","Amazon","lighting","58.99","https://www.amazon.ca/s?k=Modern%20Table%20Lamp%20SwipeShop%20Studio%20lighting","","https://picsum.photos/seed/lighting_14/600/600","no","no","yes","no"
"mvPRDTn6IsO4iXZEjiQY","Classic Sheet Set","Classic Sheet Set","Classic Sheet Set","SwipeShop Studio","Amazon","Amazon","cozy-bedroom","75.99","https://www.amazon.ca/s?k=Classic%20Sheet%20Set%20SwipeShop%20Studio%20bedding","","https://picsum.photos/seed/bedding_173/600/600","no","no","yes","no"
"n7CixAyzX7ApsDEarXMx","Cozy Framed Print","Cozy Framed Print","Cozy Framed Print","SwipeShop Studio","Amazon","Amazon","wall-decor","48.99","https://www.amazon.ca/s?k=Cozy%20Framed%20Print%20SwipeShop%20Studio%20wall_art","","https://picsum.photos/seed/wall_art_164/600/600","no","no","yes","no"
"nLo9o6x6y2jkZU7ujQnf","Bold Area Rug","Bold Area Rug","Bold Area Rug","SwipeShop Studio","Amazon","Amazon","storage","106.99","https://www.amazon.ca/s?k=Bold%20Area%20Rug%20SwipeShop%20Studio%20rugs","","https://picsum.photos/seed/rugs_80/600/600","no","no","yes","no"
"nu9kOptvs4WUH4NquOBh","Cozy Sheet Set","Cozy Sheet Set","Cozy Sheet Set","SwipeShop Studio","Amazon","Amazon","cozy-bedroom","84.99","https://www.amazon.ca/s?k=Cozy%20Sheet%20Set%20SwipeShop%20Studio%20bedding","","https://picsum.photos/seed/bedding_86/600/600","no","no","yes","no"
"nxz00imXbyok2gm230LZ","Cozy Vanity Mirror","Cozy Vanity Mirror","Cozy Vanity Mirror","SwipeShop Studio","Amazon","Amazon","mirrors","62.99","https://www.amazon.ca/s?k=Cozy%20Vanity%20Mirror%20SwipeShop%20Studio%20mirrors","","https://picsum.photos/seed/mirrors_162/600/600","no","no","yes","no"
"nyLBIxbTpxtUzI9TQNpQ","Minimal Indoor Plant","Minimal Indoor Plant","Minimal Indoor Plant","SwipeShop Studio","Amazon","Amazon","plants","45.99","https://www.amazon.ca/s?k=Minimal%20Indoor%20Plant%20SwipeShop%20Studio%20plants","","https://picsum.photos/seed/plants_138/600/600","no","no","yes","no"
"o2hAe9TlzqEvU2gDVIdo","Classic Bench","Classic Bench","Classic Bench","SwipeShop Studio","Amazon","Amazon","storage","176.99","https://www.amazon.ca/s?k=Classic%20Bench%20SwipeShop%20Studio%20seating","","https://picsum.photos/seed/seating_160/600/600","no","no","yes","no"
"oCIOqIGeOwgWDBHjgFIT","Bold Duvet Set","Bold Duvet Set","Bold Duvet Set","SwipeShop Studio","Amazon","Amazon","cozy-bedroom","90.99","https://www.amazon.ca/s?k=Bold%20Duvet%20Set%20SwipeShop%20Studio%20bedding","","https://picsum.photos/seed/bedding_198/600/600","no","no","yes","no"
"oCf3DkyrDJOHY4B4yDFp","Soft Storage Basket","Soft Storage Basket","Soft Storage Basket","SwipeShop Studio","Amazon","Amazon","storage","32.99","https://www.amazon.ca/s?k=Soft%20Storage%20Basket%20SwipeShop%20Studio%20storage","","https://picsum.photos/seed/storage_162/600/600","no","no","yes","no"
"oT5E2kxygOQJkiS0tMbt","Neutral Planter","Neutral Planter","Neutral Planter","SwipeShop Studio","Amazon","Amazon","plants","27.99","https://www.amazon.ca/s?k=Neutral%20Planter%20SwipeShop%20Studio%20plants","","https://picsum.photos/seed/plants_12/600/600","no","no","yes","no"
"oVugwD7FWV0cRgzscTk9","Bold Floor Lamp","Bold Floor Lamp","Bold Floor Lamp","SwipeShop Studio","Amazon","Amazon","lighting","58.99","https://www.amazon.ca/s?k=Bold%20Floor%20Lamp%20SwipeShop%20Studio%20lighting","","https://picsum.photos/seed/lighting_74/600/600","no","no","yes","no"
"oXy0jFymiEQRSPlSwZy6","Neutral Area Rug","Neutral Area Rug","Neutral Area Rug","SwipeShop Studio","Amazon","Amazon","storage","82.99","https://www.amazon.ca/s?k=Neutral%20Area%20Rug%20SwipeShop%20Studio%20rugs","","https://picsum.photos/seed/rugs_82/600/600","no","no","yes","no"
"oZAbog7OScIwskEvwGfu","Modern Stool","Modern Stool","Modern Stool","SwipeShop Studio","Amazon","Amazon","storage","167.99","https://www.amazon.ca/s?k=Modern%20Stool%20SwipeShop%20Studio%20seating","","https://picsum.photos/seed/seating_187/600/600","no","no","yes","no"
"oc5cA7dxEVFJRFFKRgS4","Modern Side Table","Modern Side Table","Modern Side Table","SwipeShop Studio","Amazon","Amazon","storage","156.99","https://www.amazon.ca/s?k=Modern%20Side%20Table%20SwipeShop%20Studio%20tables","","https://picsum.photos/seed/tables_180/600/600","no","no","yes","no"
"oonOKl2FYHBjlZO9rjP5","Minimal Wall Mirror","Minimal Wall Mirror","Minimal Wall Mirror","SwipeShop Studio","Amazon","Amazon","mirrors","86.99","https://www.amazon.ca/s?k=Minimal%20Wall%20Mirror%20SwipeShop%20Studio%20mirrors","","https://picsum.photos/seed/mirrors_90/600/600","no","no","yes","no"
"p0mgBVXaPwmrRSIBdWBb","Bold Bench","Bold Bench","Bold Bench","SwipeShop Studio","Amazon","Amazon","storage","161.99","https://www.amazon.ca/s?k=Bold%20Bench%20SwipeShop%20Studio%20seating","","https://picsum.photos/seed/seating_25/600/600","no","no","yes","no"
"p7QaKRQuSUas16wLF9qi","Minimal Pendant Light","Minimal Pendant Light","Minimal Pendant Light","SwipeShop Studio","Amazon","Amazon","lighting","89.99","https://www.amazon.ca/s?k=Minimal%20Pendant%20Light%20SwipeShop%20Studio%20Lighting","","https://picsum.photos/seed/lighting_03/600/600","no","no","yes","no"
"pHu8wW1kQ7rcbbmhkxOh","Modern Pillow Set","Modern Pillow Set","Modern Pillow Set","SwipeShop Studio","Amazon","Amazon","cozy-bedroom","69.99","https://www.amazon.ca/s?k=Modern%20Pillow%20Set%20SwipeShop%20Studio%20bedding","","https://picsum.photos/seed/bedding_151/600/600","no","no","yes","no"
"pPyYSqJByrNTJPDth9qo","Neutral Console Table","Neutral Console Table","Neutral Console Table","SwipeShop Studio","Amazon","Amazon","storage","135.99","https://www.amazon.ca/s?k=Neutral%20Console%20Table%20SwipeShop%20Studio%20tables","","https://picsum.photos/seed/tables_43/600/600","no","no","yes","no"
"pSEPGqygx8W1Xzr0KciF","Minimal Planter","Minimal Planter","Minimal Planter","SwipeShop Studio","Amazon","Amazon","plants","36.99","https://www.amazon.ca/s?k=Minimal%20Planter%20SwipeShop%20Studio%20plants","","https://picsum.photos/seed/plants_15/600/600","no","no","yes","no"
"pUM1CSL93ew4mDxqiwQF","Modern Table Lamp","Modern Table Lamp","Modern Table Lamp","SwipeShop Studio","Amazon","Amazon","lighting","67.99","https://www.amazon.ca/s?k=Modern%20Table%20Lamp%20SwipeShop%20Studio%20lighting","","https://picsum.photos/seed/lighting_157/600/600","no","no","yes","no"
"pWmcfHd54WF1iPy6H6j5","Cozy Console Table","Cozy Console Table","Cozy Console Table","SwipeShop Studio","Amazon","Amazon","storage","132.99","https://www.amazon.ca/s?k=Cozy%20Console%20Table%20SwipeShop%20Studio%20tables","","https://picsum.photos/seed/tables_72/600/600","no","no","yes","no"
"pZgsXhD1xtHc9OzeuXx1","Neutral Area Rug","Neutral Area Rug","Neutral Area Rug","SwipeShop Studio","Amazon","Amazon","storage","79.99","https://www.amazon.ca/s?k=Neutral%20Area%20Rug%20SwipeShop%20Studio%20Rugs","","https://picsum.photos/seed/rugs_01/600/600","no","no","yes","no"
"pawLTvHRUNWaDT3y9nZR","Soft Pendant Light","Soft Pendant Light","Soft Pendant Light","SwipeShop Studio","Amazon","Amazon","lighting","64.99","https://www.amazon.ca/s?k=Soft%20Pendant%20Light%20SwipeShop%20Studio%20lighting","","https://picsum.photos/seed/lighting_76/600/600","no","no","yes","no"
"pfUZW5aBH96RitbGB8qa","Cozy Bench","Cozy Bench","Cozy Bench","SwipeShop Studio","Amazon","Amazon","storage","152.99","https://www.amazon.ca/s?k=Cozy%20Bench%20SwipeShop%20Studio%20seating","","https://picsum.photos/seed/seating_102/600/600","no","no","yes","no"
"pgHv0X2IkFFJck1sZuna","Cozy Canvas Art","Cozy Canvas Art","Cozy Canvas Art","SwipeShop Studio","Amazon","Amazon","wall-decor","66.99","https://www.amazon.ca/s?k=Cozy%20Canvas%20Art%20SwipeShop%20Studio%20wall_art","","https://picsum.photos/seed/wall_art_40/600/600","no","no","yes","no"
"preakj797TXCmq0dhGRO","Abstract Canvas Print","Abstract Canvas Print","Abstract Canvas Print","SwipeShop Studio","Amazon","Amazon","wall-decor","39.99","https://www.amazon.ca/s?k=Abstract%20Canvas%20Print%20SwipeShop%20Studio%20Wall%20Art","","https://picsum.photos/seed/wall_art_01/600/600","no","no","yes","no"
"pwl74qVhsbb3TF0B2KB4","Bold Indoor Plant","Bold Indoor Plant","Bold Indoor Plant","SwipeShop Studio","Amazon","Amazon","plants","33.99","https://www.amazon.ca/s?k=Bold%20Indoor%20Plant%20SwipeShop%20Studio%20plants","","https://picsum.photos/seed/plants_194/600/600","no","no","yes","no"
"pyawCnDtBZfYEPXb8tKQ","Neutral Duvet Set","Neutral Duvet Set","Neutral Duvet Set","SwipeShop Studio","Amazon","Amazon","cozy-bedroom","87.99","https://www.amazon.ca/s?k=Neutral%20Duvet%20Set%20SwipeShop%20Studio%20bedding","","https://picsum.photos/seed/bedding_57/600/600","no","no","yes","no"
"q1vKaqkFam60f0CNhgn4","Cozy Throw Blanket","Cozy Throw Blanket","Cozy Throw Blanket","SwipeShop Studio","Amazon","Amazon","cozy-bedroom","39.99","https://www.amazon.ca/s?k=Cozy%20Throw%20Blanket%20SwipeShop%20Studio%20Bedding","","https://picsum.photos/seed/bedding_02/600/600","no","no","yes","no"
"q56kUUA6smXy7lOyuCHI","Soft Canvas Art","Soft Canvas Art","Soft Canvas Art","SwipeShop Studio","Amazon","Amazon","wall-decor","57.99","https://www.amazon.ca/s?k=Soft%20Canvas%20Art%20SwipeShop%20Studio%20wall_art","","https://picsum.photos/seed/wall_art_187/600/600","no","no","yes","no"
"qb5Zv4DHwWkhWtxOhnU9","Minimal Ceramic Set","Minimal Ceramic Set","Minimal Ceramic Set","SwipeShop Studio","Amazon","Amazon","storage","22.99","https://www.amazon.ca/s?k=Minimal%20Ceramic%20Set%20SwipeShop%20Studio%20kitchen_decor","","https://picsum.photos/seed/kitchen_decor_132/600/600","no","no","yes","no"
"qhrS6WY8NksMJsPK3833","Cozy Potted Plant","Cozy Potted Plant","Cozy Potted Plant","SwipeShop Studio","Amazon","Amazon","plants","24.99","https://www.amazon.ca/s?k=Cozy%20Potted%20Plant%20SwipeShop%20Studio%20plants","","https://picsum.photos/seed/plants_181/600/600","no","no","yes","no"
"qyCE78k5t65imFonqNgd","Bold Wall Mirror","Bold Wall Mirror","Bold Wall Mirror","SwipeShop Studio","Amazon","Amazon","mirrors","65.99","https://www.amazon.ca/s?k=Bold%20Wall%20Mirror%20SwipeShop%20Studio%20mirrors","","https://picsum.photos/seed/mirrors_153/600/600","no","no","yes","no"
"r4ey0vdEGwckjUEBM6QL","Arc Floor Lamp","Arc Floor Lamp","Arc Floor Lamp","SwipeShop Studio","Amazon","Amazon","lighting","129.99","https://www.amazon.ca/s?k=Arc%20Floor%20Lamp%20SwipeShop%20Studio%20Lighting","","https://picsum.photos/seed/lighting_02/600/600","no","no","yes","no"
"rFBatjZVN98Q24F4LLeL","Bold Wall Mirror","Bold Wall Mirror","Bold Wall Mirror","SwipeShop Studio","Amazon","Amazon","mirrors","83.99","https://www.amazon.ca/s?k=Bold%20Wall%20Mirror%20SwipeShop%20Studio%20mirrors","","https://picsum.photos/seed/mirrors_89/600/600","no","no","yes","no"
"rFOJ2ltaC5V4V3u6GuBY","Neutral Organizer","Neutral Organizer","Neutral Organizer","SwipeShop Studio","Amazon","Amazon","storage","53.99","https://www.amazon.ca/s?k=Neutral%20Organizer%20SwipeShop%20Studio%20storage","","https://picsum.photos/seed/storage_59/600/600","no","no","yes","no"
"rLioOfyazsay4L1Vq2hx","Modern Storage Basket","Modern Storage Basket","Modern Storage Basket","SwipeShop Studio","Amazon","Amazon","storage","32.99","https://www.amazon.ca/s?k=Modern%20Storage%20Basket%20SwipeShop%20Studio%20storage","","https://picsum.photos/seed/storage_32/600/600","no","no","yes","no"
"rVsYdR2MgFKJ7JeT8jrM","Minimal Indoor Plant","Minimal Indoor Plant","Minimal Indoor Plant","SwipeShop Studio","Amazon","Amazon","plants","36.99","https://www.amazon.ca/s?k=Minimal%20Indoor%20Plant%20SwipeShop%20Studio%20plants","","https://picsum.photos/seed/plants_195/600/600","no","no","yes","no"
"rat1FuLonn1lbEHHuUw0","Soft Storage Basket","Soft Storage Basket","Soft Storage Basket","SwipeShop Studio","Amazon","Amazon","storage","38.99","https://www.amazon.ca/s?k=Soft%20Storage%20Basket%20SwipeShop%20Studio%20storage","","https://picsum.photos/seed/storage_54/600/600","no","no","yes","no"
"rcRRaBSPgP77hVHGbwNT","Bold Stool","Bold Stool","Bold Stool","SwipeShop Studio","Amazon","Amazon","storage","161.99","https://www.amazon.ca/s?k=Bold%20Stool%20SwipeShop%20Studio%20seating","","https://picsum.photos/seed/seating_45/600/600","no","no","yes","no"
"rzv3rhrJBNhvBDH72X9U","Soft Coffee Table","Soft Coffee Table","Soft Coffee Table","SwipeShop Studio","Amazon","Amazon","storage","129.99","https://www.amazon.ca/s?k=Soft%20Coffee%20Table%20SwipeShop%20Studio%20tables","","https://picsum.photos/seed/tables_31/600/600","no","no","yes","no"
"s8HtgAJI3uU4YqrQqbha","Minimal Pendant Light","Minimal Pendant Light","Minimal Pendant Light","SwipeShop Studio","Amazon","Amazon","lighting","58.99","https://www.amazon.ca/s?k=Minimal%20Pendant%20Light%20SwipeShop%20Studio%20lighting","","https://picsum.photos/seed/lighting_104/600/600","no","no","yes","no"
"s9BJGctrmU3MyJDFxRV1","Cozy Pendant Light","Cozy Pendant Light","Cozy Pendant Light","SwipeShop Studio","Amazon","Amazon","lighting","55.99","https://www.amazon.ca/s?k=Cozy%20Pendant%20Light%20SwipeShop%20Studio%20lighting","","https://picsum.photos/seed/lighting_193/600/600","no","no","yes","no"
"sANdiIo70GH6BVcC8qAe","Cozy Ceramic Set","Cozy Ceramic Set","Cozy Ceramic Set","SwipeShop Studio","Amazon","Amazon","storage","19.99","https://www.amazon.ca/s?k=Cozy%20Ceramic%20Set%20SwipeShop%20Studio%20kitchen_decor","","https://picsum.photos/seed/kitchen_decor_51/600/600","no","no","yes","no"
"sERKbObzmbs2WN1Ix4t7","Classic Potted Plant","Classic Potted Plant","Classic Potted Plant","SwipeShop Studio","Amazon","Amazon","plants","42.99","https://www.amazon.ca/s?k=Classic%20Potted%20Plant%20SwipeShop%20Studio%20plants","","https://picsum.photos/seed/plants_107/600/600","no","no","yes","no"
"sLpsQM4uiaCCg5hAs7Gl","Cozy Area Rug","Cozy Area Rug","Cozy Area Rug","SwipeShop Studio","Amazon","Amazon","storage","79.99","https://www.amazon.ca/s?k=Cozy%20Area%20Rug%20SwipeShop%20Studio%20rugs","","https://picsum.photos/seed/rugs_161/600/600","no","no","yes","no"
"sMgGuRdP9c73ZDmyE1yH","Bold Storage Basket","Bold Storage Basket","Bold Storage Basket","SwipeShop Studio","Amazon","Amazon","storage","38.99","https://www.amazon.ca/s?k=Bold%20Storage%20Basket%20SwipeShop%20Studio%20storage","","https://picsum.photos/seed/storage_94/600/600","no","no","yes","no"
"sOHUweYkXxmWSYXgbm2K","Bold Sheet Set","Bold Sheet Set","Bold Sheet Set","SwipeShop Studio","Amazon","Amazon","cozy-bedroom","72.99","https://www.amazon.ca/s?k=Bold%20Sheet%20Set%20SwipeShop%20Studio%20bedding","","https://picsum.photos/seed/bedding_192/600/600","no","no","yes","no"
"sP3kiqrG2HmbbCtAaRZl","Modern Area Rug","Modern Area Rug","Modern Area Rug","SwipeShop Studio","Amazon","Amazon","storage","79.99","https://www.amazon.ca/s?k=Modern%20Area%20Rug%20SwipeShop%20Studio%20rugs","","https://picsum.photos/seed/rugs_21/600/600","no","no","yes","no"
"sVkArHgJvrnV6rCM9hj0","Modern Sheet Set","Modern Sheet Set","Modern Sheet Set","SwipeShop Studio","Amazon","Amazon","cozy-bedroom","81.99","https://www.amazon.ca/s?k=Modern%20Sheet%20Set%20SwipeShop%20Studio%20bedding","","https://picsum.photos/seed/bedding_155/600/600","no","no","yes","no"
"sYmll7EQo7mMb2QZOWt7","Cozy Area Rug","Cozy Area Rug","Cozy Area Rug","SwipeShop Studio","Amazon","Amazon","storage","106.99","https://www.amazon.ca/s?k=Cozy%20Area%20Rug%20SwipeShop%20Studio%20rugs","","https://picsum.photos/seed/rugs_80/600/600","no","no","yes","no"
"scISFn5t8HSLHJv82B3q","Bold Shelf Unit","Bold Shelf Unit","Bold Shelf Unit","SwipeShop Studio","Amazon","Amazon","storage","44.99","https://www.amazon.ca/s?k=Bold%20Shelf%20Unit%20SwipeShop%20Studio%20storage","","https://picsum.photos/seed/storage_46/600/600","no","no","yes","no"
"sccjktQWpZ8nbLNm9bqT","Modern Kitchen Decor","Modern Kitchen Decor","Modern Kitchen Decor","SwipeShop Studio","Amazon","Amazon","storage","25.99","https://www.amazon.ca/s?k=Modern%20Kitchen%20Decor%20SwipeShop%20Studio%20kitchen_decor","","https://picsum.photos/seed/kitchen_decor_63/600/600","no","no","yes","no"
"sy6tlCb2EAEsgxs9KWxN","Bold Table Lamp","Bold Table Lamp","Bold Table Lamp","SwipeShop Studio","Amazon","Amazon","lighting","70.99","https://www.amazon.ca/s?k=Bold%20Table%20Lamp%20SwipeShop%20Studio%20lighting","","https://picsum.photos/seed/lighting_48/600/600","no","no","yes","no"
"tCCyfzcrnCNB8B6XHrix","Minimal Vanity Mirror","Minimal Vanity Mirror","Minimal Vanity Mirror","SwipeShop Studio","Amazon","Amazon","mirrors","71.99","https://www.amazon.ca/s?k=Minimal%20Vanity%20Mirror%20SwipeShop%20Studio%20mirrors","","https://picsum.photos/seed/mirrors_65/600/600","no","no","yes","no"
"tGRDTenCeUu5pwbXEoE0","Bold Serving Tray","Bold Serving Tray","Bold Serving Tray","SwipeShop Studio","Amazon","Amazon","storage","46.99","https://www.amazon.ca/s?k=Bold%20Serving%20Tray%20SwipeShop%20Studio%20kitchen_decor","","https://picsum.photos/seed/kitchen_decor_10/600/600","no","no","yes","no"
"tM5RRa4HzRppbVEjtIxy","Modern Console Table","Modern Console Table","Modern Console Table","SwipeShop Studio","Amazon","Amazon","storage","135.99","https://www.amazon.ca/s?k=Modern%20Console%20Table%20SwipeShop%20Studio%20tables","","https://picsum.photos/seed/tables_53/600/600","no","no","yes","no"
"tRdGcHO8Tagk1KretSrq","Minimal Runner Rug","Minimal Runner Rug","Minimal Runner Rug","SwipeShop Studio","Amazon","Amazon","storage","59.99","https://www.amazon.ca/s?k=Minimal%20Runner%20Rug%20SwipeShop%20Studio%20Rugs","","https://picsum.photos/seed/rugs_03/600/600","no","no","yes","no"
"tUyiAW0vbnGXMt4ayoSI","Classic Floor Lamp","Classic Floor Lamp","Classic Floor Lamp","SwipeShop Studio","Amazon","Amazon","lighting","61.99","https://www.amazon.ca/s?k=Classic%20Floor%20Lamp%20SwipeShop%20Studio%20lighting","","https://picsum.photos/seed/lighting_135/600/600","no","no","yes","no"
"tW1GYdQcX0Be7nGj4z2u","Neutral Storage Basket","Neutral Storage Basket","Neutral Storage Basket","SwipeShop Studio","Amazon","Amazon","storage","35.99","https://www.amazon.ca/s?k=Neutral%20Storage%20Basket%20SwipeShop%20Studio%20storage","","https://picsum.photos/seed/storage_153/600/600","no","no","yes","no"
"tkKf8JIQnRtCBVPdM29v","Bold Bench","Bold Bench","Bold Bench","SwipeShop Studio","Amazon","Amazon","storage","167.99","https://www.amazon.ca/s?k=Bold%20Bench%20SwipeShop%20Studio%20seating","","https://picsum.photos/seed/seating_107/600/600","no","no","yes","no"
"tmOP0xt8ycjrdywkZorU","Classic Wool Rug","Classic Wool Rug","Classic Wool Rug","SwipeShop Studio","Amazon","Amazon","storage","103.99","https://www.amazon.ca/s?k=Classic%20Wool%20Rug%20SwipeShop%20Studio%20rugs","","https://picsum.photos/seed/rugs_189/600/600","no","no","yes","no"
"u0Lji1uGGXbie6wREWFE","Hanging Plant Pot","Hanging Plant Pot","Hanging Plant Pot","SwipeShop Studio","Amazon","Amazon","plants","19.99","https://www.amazon.ca/s?k=Hanging%20Plant%20Pot%20SwipeShop%20Studio%20Plants","","https://picsum.photos/seed/plants_03/600/600","no","no","yes","no"
"uG8qhh6L11Uoouw8rFiU","Minimal Wall Poster","Minimal Wall Poster","Minimal Wall Poster","SwipeShop Studio","Amazon","Amazon","wall-decor","45.99","https://www.amazon.ca/s?k=Minimal%20Wall%20Poster%20SwipeShop%20Studio%20wall_art","","https://picsum.photos/seed/wall_art_123/600/600","no","no","yes","no"
"uIX6VXuNCBtYbnLjDlxx","Neutral Round Mirror","Neutral Round Mirror","Neutral Round Mirror","SwipeShop Studio","Amazon","Amazon","mirrors","68.99","https://www.amazon.ca/s?k=Neutral%20Round%20Mirror%20SwipeShop%20Studio%20mirrors","","https://picsum.photos/seed/mirrors_134/600/600","no","no","yes","no"
"uRPSChzx44qoTNZeSagW","Cozy Wool Rug","Cozy Wool Rug","Cozy Wool Rug","SwipeShop Studio","Amazon","Amazon","storage","88.99","https://www.amazon.ca/s?k=Cozy%20Wool%20Rug%20SwipeShop%20Studio%20rugs","","https://picsum.photos/seed/rugs_84/600/600","no","no","yes","no"
"uYgcAsx3j56LgusuiWOR","Modern Potted Plant","Modern Potted Plant","Modern Potted Plant","SwipeShop Studio","Amazon","Amazon","plants","24.99","https://www.amazon.ca/s?k=Modern%20Potted%20Plant%20SwipeShop%20Studio%20plants","","https://picsum.photos/seed/plants_61/600/600","no","no","yes","no"
"uiPLoMbzmPgxpuIZXhSu","Landscape Poster","Landscape Poster","Landscape Poster","SwipeShop Studio","Amazon","Amazon","wall-decor","24.99","https://www.amazon.ca/s?k=Landscape%20Poster%20SwipeShop%20Studio%20Wall%20Art","","https://picsum.photos/seed/wall_art_03/600/600","no","no","yes","no"
"v8oedKhtf675iGrJBMtL","Neutral Sheet Set","Neutral Sheet Set","Neutral Sheet Set","SwipeShop Studio","Amazon","Amazon","cozy-bedroom","90.99","https://www.amazon.ca/s?k=Neutral%20Sheet%20Set%20SwipeShop%20Studio%20bedding","","https://picsum.photos/seed/bedding_18/600/600","no","no","yes","no"
"vGFeJh440cdnN5JvDBQd","Minimal Pillow Set (2-pack)","Minimal Pillow Set (2-pack)","Minimal Pillow Set (2-pack)","SwipeShop Studio","Amazon","Amazon","cozy-bedroom","29.99","https://www.amazon.ca/s?k=Minimal%20Pillow%20Set%20(2-pack)%20SwipeShop%20Studio%20Bedding","","https://picsum.photos/seed/bedding_03/600/600","no","no","yes","no"
"vGQRe9Ksy7Oz2RFrbJkV","Neutral Coffee Table","Neutral Coffee Table","Neutral Coffee Table","SwipeShop Studio","Amazon","Amazon","storage","156.99","https://www.amazon.ca/s?k=Neutral%20Coffee%20Table%20SwipeShop%20Studio%20tables","","https://picsum.photos/seed/tables_120/600/600","no","no","yes","no"
"vMmABeRc75sPqtMp1QXU","Cozy Console Table","Cozy Console Table","Cozy Console Table","SwipeShop Studio","Amazon","Amazon","storage","147.99","https://www.amazon.ca/s?k=Cozy%20Console%20Table%20SwipeShop%20Studio%20tables","","https://picsum.photos/seed/tables_147/600/600","no","no","yes","no"
"vNNyRuaSlcSBXQfXCBkZ","Soft Table Lamp","Soft Table Lamp","Soft Table Lamp","SwipeShop Studio","Amazon","Amazon","lighting","61.99","https://www.amazon.ca/s?k=Soft%20Table%20Lamp%20SwipeShop%20Studio%20lighting","","https://picsum.photos/seed/lighting_55/600/600","no","no","yes","no"
"vW6Llo5GqZzBy7AQxIhe","Modern Planter","Modern Planter","Modern Planter","SwipeShop Studio","Amazon","Amazon","plants","30.99","https://www.amazon.ca/s?k=Modern%20Planter%20SwipeShop%20Studio%20plants","","https://picsum.photos/seed/plants_3/600/600","no","no","yes","no"
"vfL6Z2lP04YHyJkfM03T","Modern Planter","Modern Planter","Modern Planter","SwipeShop Studio","Amazon","Amazon","plants","42.99","https://www.amazon.ca/s?k=Modern%20Planter%20SwipeShop%20Studio%20plants","","https://picsum.photos/seed/plants_137/600/600","no","no","yes","no"
"vzDzTS7KLREZL4Mb9fro","Modern Canvas Art","Modern Canvas Art","Modern Canvas Art","SwipeShop Studio","Amazon","Amazon","wall-decor","60.99","https://www.amazon.ca/s?k=Modern%20Canvas%20Art%20SwipeShop%20Studio%20wall_art","","https://picsum.photos/seed/wall_art_198/600/600","no","no","yes","no"
"vzaYMyv7WDx38RYnlzCv","Soft Ceramic Set","Soft Ceramic Set","Soft Ceramic Set","SwipeShop Studio","Amazon","Amazon","storage","28.99","https://www.amazon.ca/s?k=Soft%20Ceramic%20Set%20SwipeShop%20Studio%20kitchen_decor","","https://picsum.photos/seed/kitchen_decor_44/600/600","no","no","yes","no"
"wItmhgyblvmUxreQYvx5","Minimal Wall Poster","Minimal Wall Poster","Minimal Wall Poster","SwipeShop Studio","Amazon","Amazon","wall-decor","54.99","https://www.amazon.ca/s?k=Minimal%20Wall%20Poster%20SwipeShop%20Studio%20wall_art","","https://picsum.photos/seed/wall_art_66/600/600","no","no","yes","no"
"wYxbKI42AbHzZIdTSIfh","Minimal Storage Basket","Minimal Storage Basket","Minimal Storage Basket","SwipeShop Studio","Amazon","Amazon","storage","29.99","https://www.amazon.ca/s?k=Minimal%20Storage%20Basket%20SwipeShop%20Studio%20storage","","https://picsum.photos/seed/storage_21/600/600","no","no","yes","no"
"winh6yFGspDNq52cSlmv","Minimal Wool Rug","Minimal Wool Rug","Minimal Wool Rug","SwipeShop Studio","Amazon","Amazon","storage","79.99","https://www.amazon.ca/s?k=Minimal%20Wool%20Rug%20SwipeShop%20Studio%20rugs","","https://picsum.photos/seed/rugs_31/600/600","no","no","yes","no"
"wrnMxJOirYCplC9mDlGZ","Minimal Potted Plant","Minimal Potted Plant","Minimal Potted Plant","SwipeShop Studio","Amazon","Amazon","plants","48.99","https://www.amazon.ca/s?k=Minimal%20Potted%20Plant%20SwipeShop%20Studio%20plants","","https://picsum.photos/seed/plants_59/600/600","no","no","yes","no"
"wrwXppMDRyvYNKUGF3Dc","Modern Coffee Table","Modern Coffee Table","Modern Coffee Table","SwipeShop Studio","Amazon","Amazon","storage","150.99","https://www.amazon.ca/s?k=Modern%20Coffee%20Table%20SwipeShop%20Studio%20tables","","https://picsum.photos/seed/tables_18/600/600","no","no","yes","no"
"wu8SClbTAHqifTuFJwPl","Minimal Wool Rug","Minimal Wool Rug","Minimal Wool Rug","SwipeShop Studio","Amazon","Amazon","storage","91.99","https://www.amazon.ca/s?k=Minimal%20Wool%20Rug%20SwipeShop%20Studio%20rugs","","https://picsum.photos/seed/rugs_145/600/600","no","no","yes","no"
"x0GPhtgWlEug9tyXwfJc","Neutral Serving Tray","Neutral Serving Tray","Neutral Serving Tray","SwipeShop Studio","Amazon","Amazon","storage","25.99","https://www.amazon.ca/s?k=Neutral%20Serving%20Tray%20SwipeShop%20Studio%20kitchen_decor","","https://picsum.photos/seed/kitchen_decor_143/600/600","no","no","yes","no"
"x2QszWxaYW0c662SOFLI","Minimal Planter","Minimal Planter","Minimal Planter","SwipeShop Studio","Amazon","Amazon","plants","36.99","https://www.amazon.ca/s?k=Minimal%20Planter%20SwipeShop%20Studio%20plants","","https://picsum.photos/seed/plants_135/600/600","no","no","yes","no"
"x4G9zOn0DLxg5bUZh84U","Minimal Pillow Set","Minimal Pillow Set","Minimal Pillow Set","SwipeShop Studio","Amazon","Amazon","cozy-bedroom","90.99","https://www.amazon.ca/s?k=Minimal%20Pillow%20Set%20SwipeShop%20Studio%20bedding","","https://picsum.photos/seed/bedding_118/600/600","no","no","yes","no"
"x79aYcOmmgWlVddIfXtg","Cozy Ceramic Set","Cozy Ceramic Set","Cozy Ceramic Set","SwipeShop Studio","Amazon","Amazon","storage","40.99","https://www.amazon.ca/s?k=Cozy%20Ceramic%20Set%20SwipeShop%20Studio%20kitchen_decor","","https://picsum.photos/seed/kitchen_decor_168/600/600","no","no","yes","no"
"xCERy6po4lnSq9rm7whk","Soft Pendant Light","Soft Pendant Light","Soft Pendant Light","SwipeShop Studio","Amazon","Amazon","lighting","73.99","https://www.amazon.ca/s?k=Soft%20Pendant%20Light%20SwipeShop%20Studio%20lighting","","https://picsum.photos/seed/lighting_129/600/600","no","no","yes","no"
"xHwbheirofCwBoM9w7G6","Bouclé Accent Chair","Bouclé Accent Chair","Bouclé Accent Chair","SwipeShop Studio","Amazon","Amazon","storage","229.99","https://www.amazon.ca/s?k=Boucl%C3%A9%20Accent%20Chair%20SwipeShop%20Studio%20Seating","","https://picsum.photos/seed/seating_01/600/600","no","no","yes","no"
"xZeqhNkIx8yzKsqylGQI","Classic Planter","Classic Planter","Classic Planter","SwipeShop Studio","Amazon","Amazon","plants","51.99","https://www.amazon.ca/s?k=Classic%20Planter%20SwipeShop%20Studio%20plants","","https://picsum.photos/seed/plants_190/600/600","no","no","yes","no"
"xzwiccDpXAPn7jwT1myF","Soft Round Mirror","Soft Round Mirror","Soft Round Mirror","SwipeShop Studio","Amazon","Amazon","mirrors","71.99","https://www.amazon.ca/s?k=Soft%20Round%20Mirror%20SwipeShop%20Studio%20mirrors","","https://picsum.photos/seed/mirrors_175/600/600","no","no","yes","no"
"yATgVKs0uEXcmaxeTvMR","Modern Potted Plant","Modern Potted Plant","Modern Potted Plant","SwipeShop Studio","Amazon","Amazon","plants","27.99","https://www.amazon.ca/s?k=Modern%20Potted%20Plant%20SwipeShop%20Studio%20plants","","https://picsum.photos/seed/plants_32/600/600","no","no","yes","no"
"yBsVBkfgGke9FwU94FGX","Cozy Potted Plant","Cozy Potted Plant","Cozy Potted Plant","SwipeShop Studio","Amazon","Amazon","plants","24.99","https://www.amazon.ca/s?k=Cozy%20Potted%20Plant%20SwipeShop%20Studio%20plants","","https://picsum.photos/seed/plants_91/600/600","no","no","yes","no"
"yCCnJ1bgwI3PTw2oxwlH","Bold Accent Chair","Bold Accent Chair","Bold Accent Chair","SwipeShop Studio","Amazon","Amazon","storage","161.99","https://www.amazon.ca/s?k=Bold%20Accent%20Chair%20SwipeShop%20Studio%20seating","","https://picsum.photos/seed/seating_115/600/600","no","no","yes","no"
"yDwH1pTrlRHaVGC7IEQO","Classic Coffee Table","Classic Coffee Table","Classic Coffee Table","SwipeShop Studio","Amazon","Amazon","storage","144.99","https://www.amazon.ca/s?k=Classic%20Coffee%20Table%20SwipeShop%20Studio%20tables","","https://picsum.photos/seed/tables_156/600/600","no","no","yes","no"
"yEsGIyEAHZSoeV1dpETp","Cozy Storage Basket","Cozy Storage Basket","Cozy Storage Basket","SwipeShop Studio","Amazon","Amazon","storage","53.99","https://www.amazon.ca/s?k=Cozy%20Storage%20Basket%20SwipeShop%20Studio%20storage","","https://picsum.photos/seed/storage_69/600/600","no","no","yes","no"
"yThK0SytqRGP5DRxakd3","Soft Wall Mirror","Soft Wall Mirror","Soft Wall Mirror","SwipeShop Studio","Amazon","Amazon","mirrors","59.99","https://www.amazon.ca/s?k=Soft%20Wall%20Mirror%20SwipeShop%20Studio%20mirrors","","https://picsum.photos/seed/mirrors_151/600/600","no","no","yes","no"
"yWri0ZZxiTk9aQ30OqYJ","Minimal Planter","Minimal Planter","Minimal Planter","SwipeShop Studio","Amazon","Amazon","plants","48.99","https://www.amazon.ca/s?k=Minimal%20Planter%20SwipeShop%20Studio%20plants","","https://picsum.photos/seed/plants_199/600/600","no","no","yes","no"
"ya7c3CRvsqi4RGmSQJbf","Bold Wall Poster","Bold Wall Poster","Bold Wall Poster","SwipeShop Studio","Amazon","Amazon","wall-decor","39.99","https://www.amazon.ca/s?k=Bold%20Wall%20Poster%20SwipeShop%20Studio%20wall_art","","https://picsum.photos/seed/wall_art_81/600/600","no","no","yes","no"
"ygh4lF2A5fJSgK2Ot3Jp","Cozy Bench","Cozy Bench","Cozy Bench","SwipeShop Studio","Amazon","Amazon","storage","170.99","https://www.amazon.ca/s?k=Cozy%20Bench%20SwipeShop%20Studio%20seating","","https://picsum.photos/seed/seating_178/600/600","no","no","yes","no"
"yhP6CWnsd2Td5N9BHpiN","Soft Runner Rug","Soft Runner Rug","Soft Runner Rug","SwipeShop Studio","Amazon","Amazon","storage","82.99","https://www.amazon.ca/s?k=Soft%20Runner%20Rug%20SwipeShop%20Studio%20rugs","","https://picsum.photos/seed/rugs_42/600/600","no","no","yes","no"
"yy8vYUaGNhu3pxcdQgfe","Cozy Wall Mirror","Cozy Wall Mirror","Cozy Wall Mirror","SwipeShop Studio","Amazon","Amazon","mirrors","65.99","https://www.amazon.ca/s?k=Cozy%20Wall%20Mirror%20SwipeShop%20Studio%20mirrors","","https://picsum.photos/seed/mirrors_133/600/600","no","no","yes","no"
"zAbYeWU1XIf5wsbVEyf8","Neutral Floor Lamp","Neutral Floor Lamp","Neutral Floor Lamp","SwipeShop Studio","Amazon","Amazon","lighting","73.99","https://www.amazon.ca/s?k=Neutral%20Floor%20Lamp%20SwipeShop%20Studio%20lighting","","https://picsum.photos/seed/lighting_9/600/600","no","no","yes","no"
"zGqUWYezVgWdK5uWc8R0","Neutral Area Rug","Neutral Area Rug","Neutral Area Rug","Amazon","Amazon","Amazon","storage","79.99","https://www.amazon.ca/s?k=Neutral%20Area%20Rug%20Rugs","","https://picsum.photos/seed/rug1/600/600","no","no","yes","no"
"zIX6l5idG78kzluiIJ2i","Modern Wall Mirror","Modern Wall Mirror","Modern Wall Mirror","SwipeShop Studio","Amazon","Amazon","mirrors","68.99","https://www.amazon.ca/s?k=Modern%20Wall%20Mirror%20SwipeShop%20Studio%20mirrors","","https://picsum.photos/seed/mirrors_14/600/600","no","no","yes","no"
"zRt4RRfydDeROu5O6BXh","Cozy Storage Basket","Cozy Storage Basket","Cozy Storage Basket","SwipeShop Studio","Amazon","Amazon","storage","47.99","https://www.amazon.ca/s?k=Cozy%20Storage%20Basket%20SwipeShop%20Studio%20storage","","https://picsum.photos/seed/storage_87/600/600","no","no","yes","no"
"zVRopeE5A3cQXMOv5SMJ","Soft Stool","Soft Stool","Soft Stool","SwipeShop Studio","Amazon","Amazon","storage","149.99","https://www.amazon.ca/s?k=Soft%20Stool%20SwipeShop%20Studio%20seating","","https://picsum.photos/seed/seating_181/600/600","no","no","yes","no"
