"id","displayName","brand","merchant","category","price","imageUrlHostname","imageUrlMatchesMerchantDomain","purchaseUrl","isCurated","duplicateTitleFields","titleFieldsPresent","suspiciousBrandValue","status","launchStatus","manualReady","notes","launchNotes","manualOpened","manualPageLoads","manualRightProduct","manualRightRetailer","manualNo404","manualNoWeirdRedirect","manualMobileIssue","manualFixNeeded","manualNotes"
"09QOiR7lChQWvQxUCxOm","Minimal Pillow Set","SwipeShop Studio","Amazon","cozy-bedroom","57.51","shoppurilite.ca","no","https://www.amazon.ca/dp/B07XXRKMCW/ref=nosim?tag=YOURREALTAG-20","no","yes","displayName; name; title","yes","review","fail","no","Affiliate tag looks like placeholder: YOURREALTAG-20; imageUrl domain differs from merchant domain: shoppurilite.ca; imageApproved is false; isCurated is false; duplicate title/displayName/name fields: displayName, name, title; brand may need verification: SwipeShop Studio","runtime resolved URL is missing affiliate marker because AMAZON_ASSOC_TAG/VITE_AMAZON_ASSOC_TAG is not set","","","","","","","","",""
"0V34Qtn11GVDMXKHruws","Woven Storage Basket","SwipeShop Studio","Amazon","storage","35.99","m.media-amazon.com","yes","https://www.amazon.ca/dp/B0BYD6NMXG/ref=nosim?tag=YOURREALTAG-20","no","yes","displayName; name; title","yes","review","fail","no","Affiliate tag looks like placeholder: YOURREALTAG-20; imageApproved is false; isCurated is false; duplicate title/displayName/name fields: displayName, name, title; brand may need verification: SwipeShop Studio","runtime resolved URL is missing affiliate marker because AMAZON_ASSOC_TAG/VITE_AMAZON_ASSOC_TAG is not set","","","","","","","","",""
"0ViJxN1ldrp1NcAYhXSL","Minimal Wool Rug","SwipeShop Studio","Amazon","storage","59.99","i5.walmartimages.com","no","https://www.amazon.ca/dp/B0FH2XQMK9/ref=nosim?tag=YOURREALTAG-20","no","yes","displayName; name; title","yes","review","fail","no","Affiliate tag looks like placeholder: YOURREALTAG-20; imageUrl domain differs from merchant domain: i5.walmartimages.com; imageApproved is false; isCurated is false; duplicate title/displayName/name fields: displayName, name, title; brand may need verification: SwipeShop Studio","runtime resolved URL is missing affiliate marker because AMAZON_ASSOC_TAG/VITE_AMAZON_ASSOC_TAG is not set","","","","","","","","",""
"0gODIckhMRY7QwHGJ7Bh","Classic Shelf Unit","SwipeShop Studio","Amazon","storage","92.99","images.thdstatic.com","no","https://www.amazon.ca/dp/B0932PSJ1K/ref=nosim?tag=YOURREALTAG-20","no","yes","displayName; name; title","yes","review","fail","no","Affiliate tag looks like placeholder: YOURREALTAG-20; imageUrl domain differs from merchant domain: images.thdstatic.com; Not swipe eligible; imageApproved is false; isCurated is false; duplicate title/displayName/name fields: displayName, name, title; brand may need verification: SwipeShop Studio","runtime resolved URL is missing affiliate marker because AMAZON_ASSOC_TAG/VITE_AMAZON_ASSOC_TAG is not set","","","","","","","","",""
"0jNp8d45kKVNFlK6ZNiZ","Classic Round Mirror","SwipeShop Studio","Amazon","mirrors","69.99","images.thdstatic.com","no","https://www.amazon.ca/dp/B0CL8R9KG5/ref=nosim?tag=YOURREALTAG-20","no","yes","displayName; name; title","yes","review","fail","no","Affiliate tag looks like placeholder: YOURREALTAG-20; imageUrl domain differs from merchant domain: images.thdstatic.com; imageApproved is false; isCurated is false; duplicate title/displayName/name fields: displayName, name, title; brand may need verification: SwipeShop Studio","runtime resolved URL is missing affiliate marker because AMAZON_ASSOC_TAG/VITE_AMAZON_ASSOC_TAG is not set","","","","","","","","",""
"0p113dqwz2AktGL1LKwO","Minimal Planter","SwipeShop Studio","Amazon","plants","39.99","encrypted-tbn0.gstatic.com","no","https://www.amazon.ca/dp/B0B3RNR33Y/ref=nosim?tag=YOURREALTAG-20","no","yes","displayName; name; title","yes","review","fail","no","Affiliate tag looks like placeholder: YOURREALTAG-20; imageUrl domain differs from merchant domain: encrypted-tbn0.gstatic.com; imageApproved is false; isCurated is false; duplicate title/displayName/name fields: displayName, name, title; brand may need verification: SwipeShop Studio","runtime resolved URL is missing affiliate marker because AMAZON_ASSOC_TAG/VITE_AMAZON_ASSOC_TAG is not set","","","","","","","","",""
"0xXjOhR9WVTIUuwGxESD","Modern Dining Chair","SwipeShop Studio","Amazon","storage","145.99","img-us.aosomcdn.com","no","https://www.amazon.ca/dp/B0DJR71CRZ/ref=nosim?tag=YOURREALTAG-20","no","yes","displayName; name; title","yes","review","fail","no","Affiliate tag looks like placeholder: YOURREALTAG-20; imageUrl domain differs from merchant domain: img-us.aosomcdn.com; Not swipe eligible; imageApproved is false; isCurated is false; duplicate title/displayName/name fields: displayName, name, title; brand may need verification: SwipeShop Studio","runtime resolved URL is missing affiliate marker because AMAZON_ASSOC_TAG/VITE_AMAZON_ASSOC_TAG is not set","","","","","","","","",""
"19zvo8iKYKlbGqstz0wh","Modern Serving Tray","SwipeShop Studio","Amazon","storage","23.99","i5.walmartimages.com","no","https://www.amazon.ca/dp/B0CYT1MZ2X/ref=nosim?tag=YOURREALTAG-20","no","yes","displayName; name; title","yes","review","fail","no","Affiliate tag looks like placeholder: YOURREALTAG-20; imageUrl domain differs from merchant domain: i5.walmartimages.com; imageApproved is false; isCurated is false; duplicate title/displayName/name fields: displayName, name, title; brand may need verification: SwipeShop Studio","runtime resolved URL is missing affiliate marker because AMAZON_ASSOC_TAG/VITE_AMAZON_ASSOC_TAG is not set","","","","","","","","",""
"1HEqAQv87FgwaZC2i7iA","Modern Kitchen Decor","SwipeShop Studio","Amazon","lighting","39.98","i5.walmartimages.com","no","https://www.amazon.ca/dp/B0DP2FW3GX/ref=nosim?tag=YOURREALTAG-20","no","yes","displayName; name; title","yes","review","fail","no","Affiliate tag looks like placeholder: YOURREALTAG-20; imageUrl domain differs from merchant domain: i5.walmartimages.com; imageApproved is false; isCurated is false; duplicate title/displayName/name fields: displayName, name, title; brand may need verification: SwipeShop Studio","runtime resolved URL is missing affiliate marker because AMAZON_ASSOC_TAG/VITE_AMAZON_ASSOC_TAG is not set","","","","","","","","",""
"1KsituU0cCR7EWQIsekR","Modern Dining Chair","SwipeShop Studio","Amazon","storage","199.99","images.thdstatic.com","no","https://www.amazon.ca/dp/B0FQ5BB15D/ref=nosim?tag=YOURREALTAG-20","no","yes","displayName; name; title","yes","review","fail","no","Affiliate tag looks like placeholder: YOURREALTAG-20; imageUrl domain differs from merchant domain: images.thdstatic.com; Not swipe eligible; imageApproved is false; isCurated is false; duplicate title/displayName/name fields: displayName, name, title; brand may need verification: SwipeShop Studio","runtime resolved URL is missing affiliate marker because AMAZON_ASSOC_TAG/VITE_AMAZON_ASSOC_TAG is not set","","","","","","","","",""
"1Ugc7BgT2nM8O83ADMiR","Cozy Bench","SwipeShop Studio","Amazon","storage","155.99","picsum.photos","no","https://www.amazon.ca/dp/B084SN2GD7/ref=nosim?tag=YOURREALTAG-20","no","yes","displayName; name; title","yes","review","fail","no","Affiliate tag looks like placeholder: YOURREALTAG-20; imageUrl domain differs from merchant domain: picsum.photos; Not swipe eligible; imageApproved is false; isCurated is false; duplicate title/displayName/name fields: displayName, name, title; brand may need verification: SwipeShop Studio","runtime resolved URL is missing affiliate marker because AMAZON_ASSOC_TAG/VITE_AMAZON_ASSOC_TAG is not set","","","","","","","","",""
"1XUoQVMrPBrQkhbqgm3u","Bold Table Lamp","SwipeShop Studio","Amazon","lighting","64.99","picsum.photos","no","https://www.amazon.ca/dp/B0DHL46YF2/ref=nosim?tag=YOURREALTAG-20","no","yes","displayName; name; title","yes","review","fail","no","Affiliate tag looks like placeholder: YOURREALTAG-20; imageUrl domain differs from merchant domain: picsum.photos; Not swipe eligible; imageApproved is false; isCurated is false; duplicate title/displayName/name fields: displayName, name, title; brand may need verification: SwipeShop Studio","runtime resolved URL is missing affiliate marker because AMAZON_ASSOC_TAG/VITE_AMAZON_ASSOC_TAG is not set","","","","","","","","",""
"25rsjAVfziaNsnTEJiWl","Minimal Round Mirror","SwipeShop Studio","Amazon","mirrors","62.99","picsum.photos","no","https://www.amazon.ca/dp/B0DGXDWNG4/ref=nosim?tag=YOURREALTAG-20","no","yes","displayName; name; title","yes","review","fail","no","Affiliate tag looks like placeholder: YOURREALTAG-20; imageUrl domain differs from merchant domain: picsum.photos; Not swipe eligible; imageApproved is false; isCurated is false; duplicate title/displayName/name fields: displayName, name, title; brand may need verification: SwipeShop Studio","runtime resolved URL is missing affiliate marker because AMAZON_ASSOC_TAG/VITE_AMAZON_ASSOC_TAG is not set","","","","","","","","",""
"2bllusfsCmNnvXQuBd2U","Minimal Runner Rug","SwipeShop Studio","Amazon","storage","103.99","picsum.photos","no","https://www.amazon.ca/dp/B0D9P5N6BJ/ref=nosim?tag=YOURREALTAG-20","no","yes","displayName; name; title","yes","review","fail","no","Affiliate tag looks like placeholder: YOURREALTAG-20; imageUrl domain differs from merchant domain: picsum.photos; Not swipe eligible; imageApproved is false; isCurated is false; duplicate title/displayName/name fields: displayName, name, title; brand may need verification: SwipeShop Studio","runtime resolved URL is missing affiliate marker because AMAZON_ASSOC_TAG/VITE_AMAZON_ASSOC_TAG is not set","","","","","","","","",""
"2gXrsxN5L1f6r2nWma5T","Soft Serving Tray","SwipeShop Studio","Amazon","storage","31.99","picsum.photos","no","https://www.amazon.ca/dp/B0D63B75M9/ref=nosim?tag=YOURREALTAG-20","no","yes","displayName; name; title","yes","review","fail","no","Affiliate tag looks like placeholder: YOURREALTAG-20; imageUrl domain differs from merchant domain: picsum.photos; Not swipe eligible; imageApproved is false; isCurated is false; duplicate title/displayName/name fields: displayName, name, title; brand may need verification: SwipeShop Studio","runtime resolved URL is missing affiliate marker because AMAZON_ASSOC_TAG/VITE_AMAZON_ASSOC_TAG is not set","","","","","","","","",""
"2l2YxTiWCalduZnXhryV","Modern Stool","SwipeShop Studio","Amazon","storage","173.99","picsum.photos","no","https://www.amazon.ca/dp/B08RYRYTLB/ref=nosim?tag=YOURREALTAG-20","no","yes","displayName; name; title","yes","review","fail","no","Affiliate tag looks like placeholder: YOURREALTAG-20; imageUrl domain differs from merchant domain: picsum.photos; Not swipe eligible; imageApproved is false; isCurated is false; duplicate title/displayName/name fields: displayName, name, title; brand may need verification: SwipeShop Studio","runtime resolved URL is missing affiliate marker because AMAZON_ASSOC_TAG/VITE_AMAZON_ASSOC_TAG is not set","","","","","","","","",""
"2rt88QgqOQfvU8FfH5tr","Modern Area Rug","SwipeShop Studio","Amazon","storage","94.99","picsum.photos","no","https://www.amazon.ca/dp/B0F3Y4NLSL/ref=nosim?tag=YOURREALTAG-20","no","yes","displayName; name; title","yes","review","fail","no","Affiliate tag looks like placeholder: YOURREALTAG-20; imageUrl domain differs from merchant domain: picsum.photos; Not swipe eligible; imageApproved is false; isCurated is false; duplicate title/displayName/name fields: displayName, name, title; brand may need verification: SwipeShop Studio","runtime resolved URL is missing affiliate marker because AMAZON_ASSOC_TAG/VITE_AMAZON_ASSOC_TAG is not set","","","","","","","","",""
"3CI067BHtUQfr5Gl8nX9","Minimal Side Table","SwipeShop Studio","Amazon","storage","153.99","picsum.photos","no","https://www.amazon.ca/dp/B0DDPY7Y8D/ref=nosim?tag=YOURREALTAG-20","no","yes","displayName; name; title","yes","review","fail","no","Affiliate tag looks like placeholder: YOURREALTAG-20; imageUrl domain differs from merchant domain: picsum.photos; Not swipe eligible; imageApproved is false; isCurated is false; duplicate title/displayName/name fields: displayName, name, title; brand may need verification: SwipeShop Studio","runtime resolved URL is missing affiliate marker because AMAZON_ASSOC_TAG/VITE_AMAZON_ASSOC_TAG is not set","","","","","","","","",""
"3IvvkM1cjwWKvWe2xqWz","Modern Area Rug","SwipeShop Studio","Amazon","storage","106.99","picsum.photos","no","https://www.amazon.ca/dp/B0DFQBDTH1/ref=nosim?tag=YOURREALTAG-20","no","yes","displayName; name; title","yes","review","fail","no","Affiliate tag looks like placeholder: YOURREALTAG-20; imageUrl domain differs from merchant domain: picsum.photos; Not swipe eligible; imageApproved is false; isCurated is false; duplicate title/displayName/name fields: displayName, name, title; brand may need verification: SwipeShop Studio","runtime resolved URL is missing affiliate marker because AMAZON_ASSOC_TAG/VITE_AMAZON_ASSOC_TAG is not set","","","","","","","","",""
"3MACvF4c8REBDFb1aYjw","Modern Indoor Plant","SwipeShop Studio","Amazon","plants","30.99","picsum.photos","no","https://www.amazon.ca/dp/B0CBYLJSGG/ref=nosim?tag=YOURREALTAG-20","no","yes","displayName; name; title","yes","review","fail","no","Affiliate tag looks like placeholder: YOURREALTAG-20; imageUrl domain differs from merchant domain: picsum.photos; Not swipe eligible; imageApproved is false; isCurated is false; duplicate title/displayName/name fields: displayName, name, title; brand may need verification: SwipeShop Studio","runtime resolved URL is missing affiliate marker because AMAZON_ASSOC_TAG/VITE_AMAZON_ASSOC_TAG is not set","","","","","","","","",""
"3TIxQTdGFSBb7x9Z7g5e","Wood Side Table","SwipeShop Studio","Amazon","storage","69.99","picsum.photos","no","https://www.amazon.ca/dp/B0CC2B8DYK/ref=nosim?tag=YOURREALTAG-20","no","yes","displayName; name; title","yes","review","fail","no","Affiliate tag looks like placeholder: YOURREALTAG-20; imageUrl domain differs from merchant domain: picsum.photos; Not swipe eligible; imageApproved is false; isCurated is false; duplicate title/displayName/name fields: displayName, name, title; brand may need verification: SwipeShop Studio","runtime resolved URL is missing affiliate marker because AMAZON_ASSOC_TAG/VITE_AMAZON_ASSOC_TAG is not set","","","","","","","","",""
"3XXA6Rx0r7qULUk3xLFK","Vintage Pattern Rug","SwipeShop Studio","Amazon","storage","109.99","picsum.photos","no","https://www.amazon.ca/s?k=Vintage%20Pattern%20Rug%20SwipeShop%20Studio%20Rugs","no","yes","displayName; name; title","yes","review","fail","no","No visible affiliate marker in purchaseUrl (tag=); duplicate raw purchaseUrl used by multiple products; imageUrl domain differs from merchant domain: picsum.photos; Not swipe eligible; imageApproved is false; isCurated is false; duplicate title/displayName/name fields: displayName, name, title; brand may need verification: SwipeShop Studio","runtime resolved URL is missing affiliate marker because AMAZON_ASSOC_TAG/VITE_AMAZON_ASSOC_TAG is not set","","","","","","","","",""
"3i91qW7P7YyclDNkMvez","Minimal Storage Basket","SwipeShop Studio","Amazon","storage","41.99","picsum.photos","no","https://www.amazon.ca/s?k=Minimal%20Storage%20Basket%20SwipeShop%20Studio%20storage","no","yes","displayName; name; title","yes","review","fail","no","No visible affiliate marker in purchaseUrl (tag=); duplicate raw purchaseUrl used by multiple products; imageUrl domain differs from merchant domain: picsum.photos; Not swipe eligible; imageApproved is false; isCurated is false; duplicate title/displayName/name fields: displayName, name, title; brand may need verification: SwipeShop Studio","runtime resolved URL is missing affiliate marker because AMAZON_ASSOC_TAG/VITE_AMAZON_ASSOC_TAG is not set","","","","","","","","",""
"3jCrenVGzmN4a4gdgSOF","Cozy Organizer","SwipeShop Studio","Amazon","storage","53.99","picsum.photos","no","https://www.amazon.ca/s?k=Cozy%20Organizer%20SwipeShop%20Studio%20storage","no","yes","displayName; name; title","yes","review","fail","no","No visible affiliate marker in purchaseUrl (tag=); duplicate raw purchaseUrl used by multiple products; imageUrl domain differs from merchant domain: picsum.photos; Not swipe eligible; imageApproved is false; isCurated is false; duplicate title/displayName/name fields: displayName, name, title; brand may need verification: SwipeShop Studio","runtime resolved URL is missing affiliate marker because AMAZON_ASSOC_TAG/VITE_AMAZON_ASSOC_TAG is not set","","","","","","","","",""
"3kJktPZUIZ9zxjLfwYqP","Modern Area Rug","SwipeShop Studio","Amazon","storage","85.99","picsum.photos","no","https://www.amazon.ca/s?k=Modern%20Area%20Rug%20SwipeShop%20Studio%20rugs","no","yes","displayName; name; title","yes","review","fail","no","No visible affiliate marker in purchaseUrl (tag=); duplicate raw purchaseUrl used by multiple products; imageUrl domain differs from merchant domain: picsum.photos; Not swipe eligible; imageApproved is false; isCurated is false; duplicate title/displayName/name fields: displayName, name, title; brand may need verification: SwipeShop Studio","runtime resolved URL is missing affiliate marker because AMAZON_ASSOC_TAG/VITE_AMAZON_ASSOC_TAG is not set","","","","","","","","",""
"3qgBcY9VFMj8K5yccaic","Modern Wool Rug","SwipeShop Studio","Amazon","storage","97.99","picsum.photos","no","https://www.amazon.ca/s?k=Modern%20Wool%20Rug%20SwipeShop%20Studio%20rugs","no","yes","displayName; name; title","yes","review","fail","no","No visible affiliate marker in purchaseUrl (tag=); duplicate raw purchaseUrl used by multiple products; imageUrl domain differs from merchant domain: picsum.photos; Not swipe eligible; imageApproved is false; isCurated is false; duplicate title/displayName/name fields: displayName, name, title; brand may need verification: SwipeShop Studio","runtime resolved URL is missing affiliate marker because AMAZON_ASSOC_TAG/VITE_AMAZON_ASSOC_TAG is not set","","","","","","","","",""
"3wW1gb9Z9Uu8AzHrBNpk","Neutral Side Table","SwipeShop Studio","Amazon","storage","156.99","picsum.photos","no","https://www.amazon.ca/s?k=Neutral%20Side%20Table%20SwipeShop%20Studio%20tables","no","yes","displayName; name; title","yes","review","fail","no","No visible affiliate marker in purchaseUrl (tag=); duplicate raw purchaseUrl used by multiple products; imageUrl domain differs from merchant domain: picsum.photos; Not swipe eligible; imageApproved is false; isCurated is false; duplicate title/displayName/name fields: displayName, name, title; brand may need verification: SwipeShop Studio","runtime resolved URL is missing affiliate marker because AMAZON_ASSOC_TAG/VITE_AMAZON_ASSOC_TAG is not set","","","","","","","","",""
"3zkE7QBUmNiBcCuK2jqS","Neutral Sheet Set","SwipeShop Studio","Amazon","cozy-bedroom","87.99","picsum.photos","no","https://www.amazon.ca/s?k=Neutral%20Sheet%20Set%20SwipeShop%20Studio%20bedding","no","yes","displayName; name; title","yes","review","fail","no","No visible affiliate marker in purchaseUrl (tag=); duplicate raw purchaseUrl used by multiple products; imageUrl domain differs from merchant domain: picsum.photos; Not swipe eligible; imageApproved is false; isCurated is false; duplicate title/displayName/name fields: displayName, name, title; brand may need verification: SwipeShop Studio","runtime resolved URL is missing affiliate marker because AMAZON_ASSOC_TAG/VITE_AMAZON_ASSOC_TAG is not set","","","","","","","","",""
"412yQa2CNdSB3vhDwEeQ","Soft Bench","SwipeShop Studio","Amazon","storage","173.99","picsum.photos","no","https://www.amazon.ca/s?k=Soft%20Bench%20SwipeShop%20Studio%20seating","no","yes","displayName; name; title","yes","review","fail","no","No visible affiliate marker in purchaseUrl (tag=); duplicate raw purchaseUrl used by multiple products; imageUrl domain differs from merchant domain: picsum.photos; Not swipe eligible; imageApproved is false; isCurated is false; duplicate title/displayName/name fields: displayName, name, title; brand may need verification: SwipeShop Studio","runtime resolved URL is missing affiliate marker because AMAZON_ASSOC_TAG/VITE_AMAZON_ASSOC_TAG is not set","","","","","","","","",""
"45Rpj421wRUEt3uUj3X1","Classic Wall Poster","SwipeShop Studio","Amazon","wall-decor","60.99","picsum.photos","no","https://www.amazon.ca/s?k=Classic%20Wall%20Poster%20SwipeShop%20Studio%20wall_art","no","yes","displayName; name; title","yes","review","fail","no","No visible affiliate marker in purchaseUrl (tag=); duplicate raw purchaseUrl used by multiple products; imageUrl domain differs from merchant domain: picsum.photos; Not swipe eligible; imageApproved is false; isCurated is false; duplicate title/displayName/name fields: displayName, name, title; brand may need verification: SwipeShop Studio","runtime resolved URL is missing affiliate marker because AMAZON_ASSOC_TAG/VITE_AMAZON_ASSOC_TAG is not set","","","","","","","","",""
"47YsotDqXp9BEhfpv0EJ","Soft Floor Lamp","SwipeShop Studio","Amazon","lighting","52.99","picsum.photos","no","https://www.amazon.ca/s?k=Soft%20Floor%20Lamp%20SwipeShop%20Studio%20lighting","no","yes","displayName; name; title","yes","review","fail","no","No visible affiliate marker in purchaseUrl (tag=); duplicate raw purchaseUrl used by multiple products; imageUrl domain differs from merchant domain: picsum.photos; Not swipe eligible; imageApproved is false; isCurated is false; duplicate title/displayName/name fields: displayName, name, title; brand may need verification: SwipeShop Studio","runtime resolved URL is missing affiliate marker because AMAZON_ASSOC_TAG/VITE_AMAZON_ASSOC_TAG is not set","","","","","","","","",""
"4PNJeqmQbezgstreV1Rt","Bold Accent Chair","SwipeShop Studio","Amazon","storage","167.99","picsum.photos","no","https://www.amazon.ca/s?k=Bold%20Accent%20Chair%20SwipeShop%20Studio%20seating","no","yes","displayName; name; title","yes","review","fail","no","No visible affiliate marker in purchaseUrl (tag=); duplicate raw purchaseUrl used by multiple products; imageUrl domain differs from merchant domain: picsum.photos; Not swipe eligible; imageApproved is false; isCurated is false; duplicate title/displayName/name fields: displayName, name, title; brand may need verification: SwipeShop Studio","runtime resolved URL is missing affiliate marker because AMAZON_ASSOC_TAG/VITE_AMAZON_ASSOC_TAG is not set","","","","","","","","",""
"4Zv6M1Jic8q4Luh3ldHM","Modern Indoor Plant","SwipeShop Studio","Amazon","plants","42.99","picsum.photos","no","https://www.amazon.ca/s?k=Modern%20Indoor%20Plant%20SwipeShop%20Studio%20plants","no","yes","displayName; name; title","yes","review","fail","no","No visible affiliate marker in purchaseUrl (tag=); duplicate raw purchaseUrl used by multiple products; imageUrl domain differs from merchant domain: picsum.photos; Not swipe eligible; imageApproved is false; isCurated is false; duplicate title/displayName/name fields: displayName, name, title; brand may need verification: SwipeShop Studio","runtime resolved URL is missing affiliate marker because AMAZON_ASSOC_TAG/VITE_AMAZON_ASSOC_TAG is not set","","","","","","","","",""
"50hRpp0WyhPKOWYg3irI","Minimal Runner Rug","SwipeShop Studio","Amazon","storage","85.99","picsum.photos","no","https://www.amazon.ca/s?k=Minimal%20Runner%20Rug%20SwipeShop%20Studio%20rugs","no","yes","displayName; name; title","yes","review","fail","no","No visible affiliate marker in purchaseUrl (tag=); imageUrl domain differs from merchant domain: picsum.photos; Not swipe eligible; imageApproved is false; isCurated is false; duplicate title/displayName/name fields: displayName, name, title; brand may need verification: SwipeShop Studio","runtime resolved URL is missing affiliate marker because AMAZON_ASSOC_TAG/VITE_AMAZON_ASSOC_TAG is not set","","","","","","","","",""
"58CKdM5EQMF8HYsFeoKl","Bold Vanity Mirror","SwipeShop Studio","Amazon","mirrors","77.99","picsum.photos","no","https://www.amazon.ca/s?k=Bold%20Vanity%20Mirror%20SwipeShop%20Studio%20mirrors","no","yes","displayName; name; title","yes","review","fail","no","No visible affiliate marker in purchaseUrl (tag=); imageUrl domain differs from merchant domain: picsum.photos; Not swipe eligible; imageApproved is false; isCurated is false; duplicate title/displayName/name fields: displayName, name, title; brand may need verification: SwipeShop Studio","runtime resolved URL is missing affiliate marker because AMAZON_ASSOC_TAG/VITE_AMAZON_ASSOC_TAG is not set","","","","","","","","",""
"5HvlSDZ0FaoEO2w7aXYF","Cozy Canvas Art","SwipeShop Studio","Amazon","wall-decor","48.99","picsum.photos","no","https://www.amazon.ca/s?k=Cozy%20Canvas%20Art%20SwipeShop%20Studio%20wall_art","no","yes","displayName; name; title","yes","review","fail","no","No visible affiliate marker in purchaseUrl (tag=); duplicate raw purchaseUrl used by multiple products; imageUrl domain differs from merchant domain: picsum.photos; Not swipe eligible; imageApproved is false; isCurated is false; duplicate title/displayName/name fields: displayName, name, title; brand may need verification: SwipeShop Studio","runtime resolved URL is missing affiliate marker because AMAZON_ASSOC_TAG/VITE_AMAZON_ASSOC_TAG is not set","","","","","","","","",""
"5XV87SntrqfajztESE9k","Classic Wool Rug","SwipeShop Studio","Amazon","storage","103.99","picsum.photos","no","https://www.amazon.ca/s?k=Classic%20Wool%20Rug%20SwipeShop%20Studio%20rugs","no","yes","displayName; name; title","yes","review","fail","no","No visible affiliate marker in purchaseUrl (tag=); duplicate raw purchaseUrl used by multiple products; imageUrl domain differs from merchant domain: picsum.photos; Not swipe eligible; imageApproved is false; isCurated is false; duplicate title/displayName/name fields: displayName, name, title; brand may need verification: SwipeShop Studio","runtime resolved URL is missing affiliate marker because AMAZON_ASSOC_TAG/VITE_AMAZON_ASSOC_TAG is not set","","","","","","","","",""
"5XpQgajn5f7unUDbpTUS","Neutral Sheet Set","SwipeShop Studio","Amazon","cozy-bedroom","84.99","picsum.photos","no","https://www.amazon.ca/s?k=Neutral%20Sheet%20Set%20SwipeShop%20Studio%20bedding","no","yes","displayName; name; title","yes","review","fail","no","No visible affiliate marker in purchaseUrl (tag=); duplicate raw purchaseUrl used by multiple products; imageUrl domain differs from merchant domain: picsum.photos; Not swipe eligible; imageApproved is false; isCurated is false; duplicate title/displayName/name fields: displayName, name, title; brand may need verification: SwipeShop Studio","runtime resolved URL is missing affiliate marker because AMAZON_ASSOC_TAG/VITE_AMAZON_ASSOC_TAG is not set","","","","","","","","",""
"5upfzXXsGsKdnwLTrmR1","Minimal Coffee Table","SwipeShop Studio","Amazon","storage","153.99","picsum.photos","no","https://www.amazon.ca/s?k=Minimal%20Coffee%20Table%20SwipeShop%20Studio%20tables","no","yes","displayName; name; title","yes","review","fail","no","No visible affiliate marker in purchaseUrl (tag=); imageUrl domain differs from merchant domain: picsum.photos; Not swipe eligible; imageApproved is false; isCurated is false; duplicate title/displayName/name fields: displayName, name, title; brand may need verification: SwipeShop Studio","runtime resolved URL is missing affiliate marker because AMAZON_ASSOC_TAG/VITE_AMAZON_ASSOC_TAG is not set","","","","","","","","",""
"662vt88BXlU1YuUq7kzd","Classic Shelf Unit","SwipeShop Studio","Amazon","storage","44.99","picsum.photos","no","https://www.amazon.ca/s?k=Classic%20Shelf%20Unit%20SwipeShop%20Studio%20storage","no","yes","displayName; name; title","yes","review","fail","no","No visible affiliate marker in purchaseUrl (tag=); duplicate raw purchaseUrl used by multiple products; imageUrl domain differs from merchant domain: picsum.photos; Not swipe eligible; imageApproved is false; isCurated is false; duplicate title/displayName/name fields: displayName, name, title; brand may need verification: SwipeShop Studio","runtime resolved URL is missing affiliate marker because AMAZON_ASSOC_TAG/VITE_AMAZON_ASSOC_TAG is not set","","","","","","","","",""
"68AZTsMnHgF8i0HJxih8","Cozy Shelf Unit","SwipeShop Studio","Amazon","storage","41.99","picsum.photos","no","https://www.amazon.ca/s?k=Cozy%20Shelf%20Unit%20SwipeShop%20Studio%20storage","no","yes","displayName; name; title","yes","review","fail","no","No visible affiliate marker in purchaseUrl (tag=); duplicate raw purchaseUrl used by multiple products; imageUrl domain differs from merchant domain: picsum.photos; Not swipe eligible; imageApproved is false; isCurated is false; duplicate title/displayName/name fields: displayName, name, title; brand may need verification: SwipeShop Studio","runtime resolved URL is missing affiliate marker because AMAZON_ASSOC_TAG/VITE_AMAZON_ASSOC_TAG is not set","","","","","","","","",""
"6NQr8xNQTi7qJ4PKUy13","Soft Framed Print","SwipeShop Studio","Amazon","wall-decor","48.99","picsum.photos","no","https://www.amazon.ca/s?k=Soft%20Framed%20Print%20SwipeShop%20Studio%20wall_art","no","yes","displayName; name; title","yes","review","fail","no","No visible affiliate marker in purchaseUrl (tag=); duplicate raw purchaseUrl used by multiple products; imageUrl domain differs from merchant domain: picsum.photos; Not swipe eligible; imageApproved is false; isCurated is false; duplicate title/displayName/name fields: displayName, name, title; brand may need verification: SwipeShop Studio","runtime resolved URL is missing affiliate marker because AMAZON_ASSOC_TAG/VITE_AMAZON_ASSOC_TAG is not set","","","","","","","","",""
"6dH434bIm7GC2IplbR6F","Modern Pillow Set","SwipeShop Studio","Amazon","cozy-bedroom","87.99","picsum.photos","no","https://www.amazon.ca/s?k=Modern%20Pillow%20Set%20SwipeShop%20Studio%20bedding","no","yes","displayName; name; title","yes","review","fail","no","No visible affiliate marker in purchaseUrl (tag=); duplicate raw purchaseUrl used by multiple products; imageUrl domain differs from merchant domain: picsum.photos; Not swipe eligible; imageApproved is false; isCurated is false; duplicate title/displayName/name fields: displayName, name, title; brand may need verification: SwipeShop Studio","runtime resolved URL is missing affiliate marker because AMAZON_ASSOC_TAG/VITE_AMAZON_ASSOC_TAG is not set","","","","","","","","",""
"6h4oNBT8SWgZG9myI8jU","Neutral Pendant Light","SwipeShop Studio","Amazon","lighting","73.99","picsum.photos","no","https://www.amazon.ca/s?k=Neutral%20Pendant%20Light%20SwipeShop%20Studio%20lighting","no","yes","displayName; name; title","yes","review","fail","no","No visible affiliate marker in purchaseUrl (tag=); duplicate raw purchaseUrl used by multiple products; imageUrl domain differs from merchant domain: picsum.photos; Not swipe eligible; imageApproved is false; isCurated is false; duplicate title/displayName/name fields: displayName, name, title; brand may need verification: SwipeShop Studio","runtime resolved URL is missing affiliate marker because AMAZON_ASSOC_TAG/VITE_AMAZON_ASSOC_TAG is not set","","","","","","","","",""
"6nX61zTS0T5yAB2FK5IJ","Minimal Serving Tray","SwipeShop Studio","Amazon","storage","28.99","picsum.photos","no","https://www.amazon.ca/s?k=Minimal%20Serving%20Tray%20SwipeShop%20Studio%20kitchen_decor","no","yes","displayName; name; title","yes","review","fail","no","No visible affiliate marker in purchaseUrl (tag=); imageUrl domain differs from merchant domain: picsum.photos; Not swipe eligible; imageApproved is false; isCurated is false; duplicate title/displayName/name fields: displayName, name, title; brand may need verification: SwipeShop Studio","runtime resolved URL is missing affiliate marker because AMAZON_ASSOC_TAG/VITE_AMAZON_ASSOC_TAG is not set","","","","","","","","",""
"6wtOmNX5qQ4rXcfrKhba","Modern Area Rug","SwipeShop Studio","Amazon","storage","97.99","picsum.photos","no","https://www.amazon.ca/s?k=Modern%20Area%20Rug%20SwipeShop%20Studio%20rugs","no","yes","displayName; name; title","yes","review","fail","no","No visible affiliate marker in purchaseUrl (tag=); duplicate raw purchaseUrl used by multiple products; imageUrl domain differs from merchant domain: picsum.photos; Not swipe eligible; imageApproved is false; isCurated is false; duplicate title/displayName/name fields: displayName, name, title; brand may need verification: SwipeShop Studio","runtime resolved URL is missing affiliate marker because AMAZON_ASSOC_TAG/VITE_AMAZON_ASSOC_TAG is not set","","","","","","","","",""
"71zPtMZHKYe8jb2WhUK2","Modern Ceramic Set","SwipeShop Studio","Amazon","storage","34.99","picsum.photos","no","https://www.amazon.ca/s?k=Modern%20Ceramic%20Set%20SwipeShop%20Studio%20kitchen_decor","no","yes","displayName; name; title","yes","review","fail","no","No visible affiliate marker in purchaseUrl (tag=); duplicate raw purchaseUrl used by multiple products; imageUrl domain differs from merchant domain: picsum.photos; Not swipe eligible; imageApproved is false; isCurated is false; duplicate title/displayName/name fields: displayName, name, title; brand may need verification: SwipeShop Studio","runtime resolved URL is missing affiliate marker because AMAZON_ASSOC_TAG/VITE_AMAZON_ASSOC_TAG is not set","","","","","","","","",""
"7SdJ91CScknwY505lNT1","Minimal Framed Print","SwipeShop Studio","Amazon","wall-decor","60.99","picsum.photos","no","https://www.amazon.ca/s?k=Minimal%20Framed%20Print%20SwipeShop%20Studio%20wall_art","no","yes","displayName; name; title","yes","review","fail","no","No visible affiliate marker in purchaseUrl (tag=); duplicate raw purchaseUrl used by multiple products; imageUrl domain differs from merchant domain: picsum.photos; Not swipe eligible; imageApproved is false; isCurated is false; duplicate title/displayName/name fields: displayName, name, title; brand may need verification: SwipeShop Studio","runtime resolved URL is missing affiliate marker because AMAZON_ASSOC_TAG/VITE_AMAZON_ASSOC_TAG is not set","","","","","","","","",""
"7lsII38thluMshsmjsqv","Soft Framed Print","SwipeShop Studio","Amazon","wall-decor","57.99","picsum.photos","no","https://www.amazon.ca/s?k=Soft%20Framed%20Print%20SwipeShop%20Studio%20wall_art","no","yes","displayName; name; title","yes","review","fail","no","No visible affiliate marker in purchaseUrl (tag=); duplicate raw purchaseUrl used by multiple products; imageUrl domain differs from merchant domain: picsum.photos; Not swipe eligible; imageApproved is false; isCurated is false; duplicate title/displayName/name fields: displayName, name, title; brand may need verification: SwipeShop Studio","runtime resolved URL is missing affiliate marker because AMAZON_ASSOC_TAG/VITE_AMAZON_ASSOC_TAG is not set","","","","","","","","",""
"7nbrSWjG1EL3ZPZhFo4S","Cozy Potted Plant","SwipeShop Studio","Amazon","plants","33.99","picsum.photos","no","https://www.amazon.ca/s?k=Cozy%20Potted%20Plant%20SwipeShop%20Studio%20plants","no","yes","displayName; name; title","yes","review","fail","no","No visible affiliate marker in purchaseUrl (tag=); duplicate raw purchaseUrl used by multiple products; imageUrl domain differs from merchant domain: picsum.photos; Not swipe eligible; imageApproved is false; isCurated is false; duplicate title/displayName/name fields: displayName, name, title; brand may need verification: SwipeShop Studio","runtime resolved URL is missing affiliate marker because AMAZON_ASSOC_TAG/VITE_AMAZON_ASSOC_TAG is not set","","","","","","","","",""
"7pMmtKvfIrfzREElATdH","Cozy Vanity Mirror","SwipeShop Studio","Amazon","mirrors","62.99","picsum.photos","no","https://www.amazon.ca/s?k=Cozy%20Vanity%20Mirror%20SwipeShop%20Studio%20mirrors","no","yes","displayName; name; title","yes","review","fail","no","No visible affiliate marker in purchaseUrl (tag=); duplicate raw purchaseUrl used by multiple products; imageUrl domain differs from merchant domain: picsum.photos; Not swipe eligible; imageApproved is false; isCurated is false; duplicate title/displayName/name fields: displayName, name, title; brand may need verification: SwipeShop Studio","runtime resolved URL is missing affiliate marker because AMAZON_ASSOC_TAG/VITE_AMAZON_ASSOC_TAG is not set","","","","","","","","",""
"7vUInzzbM6RX2yfvJlw2","Classic Coffee Table","SwipeShop Studio","Amazon","storage","144.99","picsum.photos","no","https://www.amazon.ca/s?k=Classic%20Coffee%20Table%20SwipeShop%20Studio%20tables","no","yes","displayName; name; title","yes","review","fail","no","No visible affiliate marker in purchaseUrl (tag=); duplicate raw purchaseUrl used by multiple products; imageUrl domain differs from merchant domain: picsum.photos; Not swipe eligible; imageApproved is false; isCurated is false; duplicate title/displayName/name fields: displayName, name, title; brand may need verification: SwipeShop Studio","runtime resolved URL is missing affiliate marker because AMAZON_ASSOC_TAG/VITE_AMAZON_ASSOC_TAG is not set","","","","","","","","",""
"879mM2ZfJNtaYbH1ErWp","Minimal Organizer","SwipeShop Studio","Amazon","storage","32.99","picsum.photos","no","https://www.amazon.ca/s?k=Minimal%20Organizer%20SwipeShop%20Studio%20storage","no","yes","displayName; name; title","yes","review","fail","no","No visible affiliate marker in purchaseUrl (tag=); duplicate raw purchaseUrl used by multiple products; imageUrl domain differs from merchant domain: picsum.photos; Not swipe eligible; imageApproved is false; isCurated is false; duplicate title/displayName/name fields: displayName, name, title; brand may need verification: SwipeShop Studio","runtime resolved URL is missing affiliate marker because AMAZON_ASSOC_TAG/VITE_AMAZON_ASSOC_TAG is not set","","","","","","","","",""
"8GKqjfjp2vNGMENqj03p","Classic Kitchen Decor","SwipeShop Studio","Amazon","storage","19.99","picsum.photos","no","https://www.amazon.ca/s?k=Classic%20Kitchen%20Decor%20SwipeShop%20Studio%20kitchen_decor","no","yes","displayName; name; title","yes","review","fail","no","No visible affiliate marker in purchaseUrl (tag=); imageUrl domain differs from merchant domain: picsum.photos; Not swipe eligible; imageApproved is false; isCurated is false; duplicate title/displayName/name fields: displayName, name, title; brand may need verification: SwipeShop Studio","runtime resolved URL is missing affiliate marker because AMAZON_ASSOC_TAG/VITE_AMAZON_ASSOC_TAG is not set","","","","","","","","",""
"8MGVqC5R9DFja2P4xHlv","Soft Coffee Table","SwipeShop Studio","Amazon","storage","144.99","picsum.photos","no","https://www.amazon.ca/s?k=Soft%20Coffee%20Table%20SwipeShop%20Studio%20tables","no","yes","displayName; name; title","yes","review","fail","no","No visible affiliate marker in purchaseUrl (tag=); duplicate raw purchaseUrl used by multiple products; imageUrl domain differs from merchant domain: picsum.photos; Not swipe eligible; imageApproved is false; isCurated is false; duplicate title/displayName/name fields: displayName, name, title; brand may need verification: SwipeShop Studio","runtime resolved URL is missing affiliate marker because AMAZON_ASSOC_TAG/VITE_AMAZON_ASSOC_TAG is not set","","","","","","","","",""
"8Z0NieE2XyDTyqv3nNL1","Cozy Accent Chair","SwipeShop Studio","Amazon","storage","152.99","picsum.photos","no","https://www.amazon.ca/s?k=Cozy%20Accent%20Chair%20SwipeShop%20Studio%20seating","no","yes","displayName; name; title","yes","review","fail","no","No visible affiliate marker in purchaseUrl (tag=); duplicate raw purchaseUrl used by multiple products; imageUrl domain differs from merchant domain: picsum.photos; Not swipe eligible; imageApproved is false; isCurated is false; duplicate title/displayName/name fields: displayName, name, title; brand may need verification: SwipeShop Studio","runtime resolved URL is missing affiliate marker because AMAZON_ASSOC_TAG/VITE_AMAZON_ASSOC_TAG is not set","","","","","","","","",""
"8eE3gMAxLARVgGGTI632","Soft Table Lamp","SwipeShop Studio","Amazon","lighting","76.99","picsum.photos","no","https://www.amazon.ca/s?k=Soft%20Table%20Lamp%20SwipeShop%20Studio%20lighting","no","yes","displayName; name; title","yes","review","fail","no","No visible affiliate marker in purchaseUrl (tag=); duplicate raw purchaseUrl used by multiple products; imageUrl domain differs from merchant domain: picsum.photos; Not swipe eligible; imageApproved is false; isCurated is false; duplicate title/displayName/name fields: displayName, name, title; brand may need verification: SwipeShop Studio","runtime resolved URL is missing affiliate marker because AMAZON_ASSOC_TAG/VITE_AMAZON_ASSOC_TAG is not set","","","","","","","","",""
"8joz5ayFmSriprsu5mSc","Minimal Shelf Unit","SwipeShop Studio","Amazon","storage","139.99","picsum.photos","no","https://www.amazon.ca/s?k=Minimal%20Shelf%20Unit%20SwipeShop%20Studio%20Storage","no","yes","displayName; name; title","yes","review","fail","no","No visible affiliate marker in purchaseUrl (tag=); duplicate raw purchaseUrl used by multiple products; imageUrl domain differs from merchant domain: picsum.photos; Not swipe eligible; imageApproved is false; isCurated is false; duplicate title/displayName/name fields: displayName, name, title; brand may need verification: SwipeShop Studio","runtime resolved URL is missing affiliate marker because AMAZON_ASSOC_TAG/VITE_AMAZON_ASSOC_TAG is not set","","","","","","","","",""
"8zM7Jg35UOAuZkSxTlNk","Soft Floor Lamp","SwipeShop Studio","Amazon","lighting","70.99","picsum.photos","no","https://www.amazon.ca/s?k=Soft%20Floor%20Lamp%20SwipeShop%20Studio%20lighting","no","yes","displayName; name; title","yes","review","fail","no","No visible affiliate marker in purchaseUrl (tag=); duplicate raw purchaseUrl used by multiple products; imageUrl domain differs from merchant domain: picsum.photos; Not swipe eligible; imageApproved is false; isCurated is false; duplicate title/displayName/name fields: displayName, name, title; brand may need verification: SwipeShop Studio","runtime resolved URL is missing affiliate marker because AMAZON_ASSOC_TAG/VITE_AMAZON_ASSOC_TAG is not set","","","","","","","","",""
"96Tk11l4wOaeSCYOpbtY","Modern Floor Lamp","SwipeShop Studio","Amazon","lighting","55.99","picsum.photos","no","https://www.amazon.ca/s?k=Modern%20Floor%20Lamp%20SwipeShop%20Studio%20lighting","no","yes","displayName; name; title","yes","review","fail","no","No visible affiliate marker in purchaseUrl (tag=); duplicate raw purchaseUrl used by multiple products; imageUrl domain differs from merchant domain: picsum.photos; Not swipe eligible; imageApproved is false; isCurated is false; duplicate title/displayName/name fields: displayName, name, title; brand may need verification: SwipeShop Studio","runtime resolved URL is missing affiliate marker because AMAZON_ASSOC_TAG/VITE_AMAZON_ASSOC_TAG is not set","","","","","","","","",""
"98UB6BmA30SRodXMqLZC","Classic Canvas Art","SwipeShop Studio","Amazon","wall-decor","54.99","picsum.photos","no","https://www.amazon.ca/s?k=Classic%20Canvas%20Art%20SwipeShop%20Studio%20wall_art","no","yes","displayName; name; title","yes","review","fail","no","No visible affiliate marker in purchaseUrl (tag=); duplicate raw purchaseUrl used by multiple products; imageUrl domain differs from merchant domain: picsum.photos; Not swipe eligible; imageApproved is false; isCurated is false; duplicate title/displayName/name fields: displayName, name, title; brand may need verification: SwipeShop Studio","runtime resolved URL is missing affiliate marker because AMAZON_ASSOC_TAG/VITE_AMAZON_ASSOC_TAG is not set","","","","","","","","",""
"9QV8YuewU5ZTwfDOho8M","Soft Bench","SwipeShop Studio","Amazon","storage","155.99","picsum.photos","no","https://www.amazon.ca/s?k=Soft%20Bench%20SwipeShop%20Studio%20seating","no","yes","displayName; name; title","yes","review","fail","no","No visible affiliate marker in purchaseUrl (tag=); duplicate raw purchaseUrl used by multiple products; imageUrl domain differs from merchant domain: picsum.photos; Not swipe eligible; imageApproved is false; isCurated is false; duplicate title/displayName/name fields: displayName, name, title; brand may need verification: SwipeShop Studio","runtime resolved URL is missing affiliate marker because AMAZON_ASSOC_TAG/VITE_AMAZON_ASSOC_TAG is not set","","","","","","","","",""
"9WvH9C3o7Mprjqogh42d","Minimal Console Table","SwipeShop Studio","Amazon","storage","129.99","picsum.photos","no","https://www.amazon.ca/s?k=Minimal%20Console%20Table%20SwipeShop%20Studio%20Tables","no","yes","displayName; name; title","yes","review","fail","no","No visible affiliate marker in purchaseUrl (tag=); duplicate raw purchaseUrl used by multiple products; imageUrl domain differs from merchant domain: picsum.photos; Not swipe eligible; imageApproved is false; isCurated is false; duplicate title/displayName/name fields: displayName, name, title; brand may need verification: SwipeShop Studio","runtime resolved URL is missing affiliate marker because AMAZON_ASSOC_TAG/VITE_AMAZON_ASSOC_TAG is not set","","","","","","","","",""
"9YNOvVfKZF2HAW0XyHfz","Soft Accent Chair","SwipeShop Studio","Amazon","storage","167.99","picsum.photos","no","https://www.amazon.ca/s?k=Soft%20Accent%20Chair%20SwipeShop%20Studio%20seating","no","yes","displayName; name; title","yes","review","fail","no","No visible affiliate marker in purchaseUrl (tag=); imageUrl domain differs from merchant domain: picsum.photos; Not swipe eligible; imageApproved is false; isCurated is false; duplicate title/displayName/name fields: displayName, name, title; brand may need verification: SwipeShop Studio","runtime resolved URL is missing affiliate marker because AMAZON_ASSOC_TAG/VITE_AMAZON_ASSOC_TAG is not set","","","","","","","","",""
"9dFmATIaupwQyV8jMoeX","Neutral Wool Rug","SwipeShop Studio","Amazon","storage","103.99","picsum.photos","no","https://www.amazon.ca/s?k=Neutral%20Wool%20Rug%20SwipeShop%20Studio%20rugs","no","yes","displayName; name; title","yes","review","fail","no","No visible affiliate marker in purchaseUrl (tag=); duplicate raw purchaseUrl used by multiple products; imageUrl domain differs from merchant domain: picsum.photos; Not swipe eligible; imageApproved is false; isCurated is false; duplicate title/displayName/name fields: displayName, name, title; brand may need verification: SwipeShop Studio","runtime resolved URL is missing affiliate marker because AMAZON_ASSOC_TAG/VITE_AMAZON_ASSOC_TAG is not set","","","","","","","","",""
"9vnngoq5Ey0CLrswiJFg","Minimal Bench","SwipeShop Studio","Amazon","storage","176.99","picsum.photos","no","https://www.amazon.ca/s?k=Minimal%20Bench%20SwipeShop%20Studio%20seating","no","yes","displayName; name; title","yes","review","fail","no","No visible affiliate marker in purchaseUrl (tag=); duplicate raw purchaseUrl used by multiple products; imageUrl domain differs from merchant domain: picsum.photos; Not swipe eligible; imageApproved is false; isCurated is false; duplicate title/displayName/name fields: displayName, name, title; brand may need verification: SwipeShop Studio","runtime resolved URL is missing affiliate marker because AMAZON_ASSOC_TAG/VITE_AMAZON_ASSOC_TAG is not set","","","","","","","","",""
"9yxtGnYVduCs3ZczS4t5","Neutral Console Table","SwipeShop Studio","Amazon","storage","150.99","picsum.photos","no","https://www.amazon.ca/s?k=Neutral%20Console%20Table%20SwipeShop%20Studio%20tables","no","yes","displayName; name; title","yes","review","fail","no","No visible affiliate marker in purchaseUrl (tag=); duplicate raw purchaseUrl used by multiple products; imageUrl domain differs from merchant domain: picsum.photos; Not swipe eligible; imageApproved is false; isCurated is false; duplicate title/displayName/name fields: displayName, name, title; brand may need verification: SwipeShop Studio","runtime resolved URL is missing affiliate marker because AMAZON_ASSOC_TAG/VITE_AMAZON_ASSOC_TAG is not set","","","","","","","","",""
"A7PeBUvoCb3brse6q1lC","Cozy Vanity Mirror","SwipeShop Studio","Amazon","mirrors","62.99","picsum.photos","no","https://www.amazon.ca/s?k=Cozy%20Vanity%20Mirror%20SwipeShop%20Studio%20mirrors","no","yes","displayName; name; title","yes","review","fail","no","No visible affiliate marker in purchaseUrl (tag=); duplicate raw purchaseUrl used by multiple products; imageUrl domain differs from merchant domain: picsum.photos; Not swipe eligible; imageApproved is false; isCurated is false; duplicate title/displayName/name fields: displayName, name, title; brand may need verification: SwipeShop Studio","runtime resolved URL is missing affiliate marker because AMAZON_ASSOC_TAG/VITE_AMAZON_ASSOC_TAG is not set","","","","","","","","",""
"AE9cH4btnjlLoBbCQfXc","Classic Bench","SwipeShop Studio","Amazon","storage","176.99","picsum.photos","no","https://www.amazon.ca/s?k=Classic%20Bench%20SwipeShop%20Studio%20seating","no","yes","displayName; name; title","yes","review","fail","no","No visible affiliate marker in purchaseUrl (tag=); duplicate raw purchaseUrl used by multiple products; imageUrl domain differs from merchant domain: picsum.photos; Not swipe eligible; imageApproved is false; isCurated is false; duplicate title/displayName/name fields: displayName, name, title; brand may need verification: SwipeShop Studio","runtime resolved URL is missing affiliate marker because AMAZON_ASSOC_TAG/VITE_AMAZON_ASSOC_TAG is not set","","","","","","","","",""
"ASkgYbBiaxTYCH6NlQ41","Classic Wall Mirror","SwipeShop Studio","Amazon","mirrors","71.99","picsum.photos","no","https://www.amazon.ca/s?k=Classic%20Wall%20Mirror%20SwipeShop%20Studio%20mirrors","no","yes","displayName; name; title","yes","review","fail","no","No visible affiliate marker in purchaseUrl (tag=); imageUrl domain differs from merchant domain: picsum.photos; Not swipe eligible; imageApproved is false; isCurated is false; duplicate title/displayName/name fields: displayName, name, title; brand may need verification: SwipeShop Studio","runtime resolved URL is missing affiliate marker because AMAZON_ASSOC_TAG/VITE_AMAZON_ASSOC_TAG is not set","","","","","","","","",""
"ATLemfWOdFmQ67A9Ultx","Modern Shelf Unit","SwipeShop Studio","Amazon","storage","35.99","picsum.photos","no","https://www.amazon.ca/s?k=Modern%20Shelf%20Unit%20SwipeShop%20Studio%20storage","no","yes","displayName; name; title","yes","review","fail","no","No visible affiliate marker in purchaseUrl (tag=); duplicate raw purchaseUrl used by multiple products; imageUrl domain differs from merchant domain: picsum.photos; Not swipe eligible; imageApproved is false; isCurated is false; duplicate title/displayName/name fields: displayName, name, title; brand may need verification: SwipeShop Studio","runtime resolved URL is missing affiliate marker because AMAZON_ASSOC_TAG/VITE_AMAZON_ASSOC_TAG is not set","","","","","","","","",""
"AVhqllYH8HD3EIX5x4tb","Modern Vanity Mirror","SwipeShop Studio","Amazon","mirrors","59.99","picsum.photos","no","https://www.amazon.ca/s?k=Modern%20Vanity%20Mirror%20SwipeShop%20Studio%20mirrors","no","yes","displayName; name; title","yes","review","fail","no","No visible affiliate marker in purchaseUrl (tag=); duplicate raw purchaseUrl used by multiple products; imageUrl domain differs from merchant domain: picsum.photos; Not swipe eligible; imageApproved is false; isCurated is false; duplicate title/displayName/name fields: displayName, name, title; brand may need verification: SwipeShop Studio","runtime resolved URL is missing affiliate marker because AMAZON_ASSOC_TAG/VITE_AMAZON_ASSOC_TAG is not set","","","","","","","","",""
"AhWQByDizdet2QOvKlse","Minimal Wall Poster","SwipeShop Studio","Amazon","wall-decor","60.99","picsum.photos","no","https://www.amazon.ca/s?k=Minimal%20Wall%20Poster%20SwipeShop%20Studio%20wall_art","no","yes","displayName; name; title","yes","review","fail","no","No visible affiliate marker in purchaseUrl (tag=); duplicate raw purchaseUrl used by multiple products; imageUrl domain differs from merchant domain: picsum.photos; Not swipe eligible; imageApproved is false; isCurated is false; duplicate title/displayName/name fields: displayName, name, title; brand may need verification: SwipeShop Studio","runtime resolved URL is missing affiliate marker because AMAZON_ASSOC_TAG/VITE_AMAZON_ASSOC_TAG is not set","","","","","","","","",""
"AiIxLrZeSPXNK4KnCqn2","Bold Pendant Light","SwipeShop Studio","Amazon","lighting","64.99","picsum.photos","no","https://www.amazon.ca/s?k=Bold%20Pendant%20Light%20SwipeShop%20Studio%20lighting","no","yes","displayName; name; title","yes","review","fail","no","No visible affiliate marker in purchaseUrl (tag=); imageUrl domain differs from merchant domain: picsum.photos; Not swipe eligible; imageApproved is false; isCurated is false; duplicate title/displayName/name fields: displayName, name, title; brand may need verification: SwipeShop Studio","runtime resolved URL is missing affiliate marker because AMAZON_ASSOC_TAG/VITE_AMAZON_ASSOC_TAG is not set","","","","","","","","",""
"AinFjKrLSkDHZ2bQxBFr","Bold Wall Poster","SwipeShop Studio","Amazon","wall-decor","45.99","picsum.photos","no","https://www.amazon.ca/s?k=Bold%20Wall%20Poster%20SwipeShop%20Studio%20wall_art","no","yes","displayName; name; title","yes","review","fail","no","No visible affiliate marker in purchaseUrl (tag=); duplicate raw purchaseUrl used by multiple products; imageUrl domain differs from merchant domain: picsum.photos; Not swipe eligible; imageApproved is false; isCurated is false; duplicate title/displayName/name fields: displayName, name, title; brand may need verification: SwipeShop Studio","runtime resolved URL is missing affiliate marker because AMAZON_ASSOC_TAG/VITE_AMAZON_ASSOC_TAG is not set","","","","","","","","",""
"B4JpjRxtZjLL27uuAPDA","Minimal Storage Basket","SwipeShop Studio","Amazon","storage","32.99","picsum.photos","no","https://www.amazon.ca/s?k=Minimal%20Storage%20Basket%20SwipeShop%20Studio%20storage","no","yes","displayName; name; title","yes","review","fail","no","No visible affiliate marker in purchaseUrl (tag=); duplicate raw purchaseUrl used by multiple products; imageUrl domain differs from merchant domain: picsum.photos; Not swipe eligible; imageApproved is false; isCurated is false; duplicate title/displayName/name fields: displayName, name, title; brand may need verification: SwipeShop Studio","runtime resolved URL is missing affiliate marker because AMAZON_ASSOC_TAG/VITE_AMAZON_ASSOC_TAG is not set","","","","","","","","",""
"B9wTLFkCR07DDoZFPTga","Classic Organizer","SwipeShop Studio","Amazon","storage","44.99","picsum.photos","no","https://www.amazon.ca/s?k=Classic%20Organizer%20SwipeShop%20Studio%20storage","no","yes","displayName; name; title","yes","review","fail","no","No visible affiliate marker in purchaseUrl (tag=); imageUrl domain differs from merchant domain: picsum.photos; Not swipe eligible; imageApproved is false; isCurated is false; duplicate title/displayName/name fields: displayName, name, title; brand may need verification: SwipeShop Studio","runtime resolved URL is missing affiliate marker because AMAZON_ASSOC_TAG/VITE_AMAZON_ASSOC_TAG is not set","","","","","","","","",""
"BXFtGgQbDjzmuBP6hh9P","Minimal Stool","SwipeShop Studio","Amazon","storage","167.99","picsum.photos","no","https://www.amazon.ca/s?k=Minimal%20Stool%20SwipeShop%20Studio%20seating","no","yes","displayName; name; title","yes","review","fail","no","No visible affiliate marker in purchaseUrl (tag=); duplicate raw purchaseUrl used by multiple products; imageUrl domain differs from merchant domain: picsum.photos; Not swipe eligible; imageApproved is false; isCurated is false; duplicate title/displayName/name fields: displayName, name, title; brand may need verification: SwipeShop Studio","runtime resolved URL is missing affiliate marker because AMAZON_ASSOC_TAG/VITE_AMAZON_ASSOC_TAG is not set","","","","","","","","",""
"BYmMOYmOWhlXTiLneaSM","Hanging Plant Pot","SwipeShop Studio","Amazon","plants","19.99","picsum.photos","no","https://www.amazon.ca/s?k=Hanging%20Plant%20Pot%20SwipeShop%20Studio%20Plants","no","yes","displayName; name; title","yes","review","fail","no","No visible affiliate marker in purchaseUrl (tag=); duplicate raw purchaseUrl used by multiple products; imageUrl domain differs from merchant domain: picsum.photos; Not swipe eligible; imageApproved is false; isCurated is false; duplicate title/displayName/name fields: displayName, name, title; brand may need verification: SwipeShop Studio","runtime resolved URL is missing affiliate marker because AMAZON_ASSOC_TAG/VITE_AMAZON_ASSOC_TAG is not set","","","","","","","","",""
"Bcjj69T9i0clSLvLRCt4","Soft Wall Mirror","SwipeShop Studio","Amazon","mirrors","86.99","picsum.photos","no","https://www.amazon.ca/s?k=Soft%20Wall%20Mirror%20SwipeShop%20Studio%20mirrors","no","yes","displayName; name; title","yes","review","fail","no","No visible affiliate marker in purchaseUrl (tag=); duplicate raw purchaseUrl used by multiple products; imageUrl domain differs from merchant domain: picsum.photos; Not swipe eligible; imageApproved is false; isCurated is false; duplicate title/displayName/name fields: displayName, name, title; brand may need verification: SwipeShop Studio","runtime resolved URL is missing affiliate marker because AMAZON_ASSOC_TAG/VITE_AMAZON_ASSOC_TAG is not set","","","","","","","","",""
"BezxnEQkO78i5hua9HFU","Bold Serving Tray","SwipeShop Studio","Amazon","storage","19.99","picsum.photos","no","https://www.amazon.ca/s?k=Bold%20Serving%20Tray%20SwipeShop%20Studio%20kitchen_decor","no","yes","displayName; name; title","yes","review","fail","no","No visible affiliate marker in purchaseUrl (tag=); duplicate raw purchaseUrl used by multiple products; imageUrl domain differs from merchant domain: picsum.photos; Not swipe eligible; imageApproved is false; isCurated is false; duplicate title/displayName/name fields: displayName, name, title; brand may need verification: SwipeShop Studio","runtime resolved URL is missing affiliate marker because AMAZON_ASSOC_TAG/VITE_AMAZON_ASSOC_TAG is not set","","","","","","","","",""
"Bj2KF1qA7148VznNzIvs","Soft Wool Rug","SwipeShop Studio","Amazon","storage","82.99","picsum.photos","no","https://www.amazon.ca/s?k=Soft%20Wool%20Rug%20SwipeShop%20Studio%20rugs","no","yes","displayName; name; title","yes","review","fail","no","No visible affiliate marker in purchaseUrl (tag=); duplicate raw purchaseUrl used by multiple products; imageUrl domain differs from merchant domain: picsum.photos; Not swipe eligible; imageApproved is false; isCurated is false; duplicate title/displayName/name fields: displayName, name, title; brand may need verification: SwipeShop Studio","runtime resolved URL is missing affiliate marker because AMAZON_ASSOC_TAG/VITE_AMAZON_ASSOC_TAG is not set","","","","","","","","",""
"BzBjYH9lbgGpY700JfdQ","Wood Cutting Board Set","SwipeShop Studio","Amazon","storage","29.99","picsum.photos","no","https://www.amazon.ca/s?k=Wood%20Cutting%20Board%20Set%20SwipeShop%20Studio%20Kitchen%20Decor","no","yes","displayName; name; title","yes","review","fail","no","No visible affiliate marker in purchaseUrl (tag=); duplicate raw purchaseUrl used by multiple products; imageUrl domain differs from merchant domain: picsum.photos; Not swipe eligible; imageApproved is false; isCurated is false; duplicate title/displayName/name fields: displayName, name, title; brand may need verification: SwipeShop Studio","runtime resolved URL is missing affiliate marker because AMAZON_ASSOC_TAG/VITE_AMAZON_ASSOC_TAG is not set","","","","","","","","",""
"C1o6MhHyVAJCOHDuMUSa","Classic Planter","SwipeShop Studio","Amazon","plants","27.99","picsum.photos","no","https://www.amazon.ca/s?k=Classic%20Planter%20SwipeShop%20Studio%20plants","no","yes","displayName; name; title","yes","review","fail","no","No visible affiliate marker in purchaseUrl (tag=); duplicate raw purchaseUrl used by multiple products; imageUrl domain differs from merchant domain: picsum.photos; Not swipe eligible; imageApproved is false; isCurated is false; duplicate title/displayName/name fields: displayName, name, title; brand may need verification: SwipeShop Studio","runtime resolved URL is missing affiliate marker because AMAZON_ASSOC_TAG/VITE_AMAZON_ASSOC_TAG is not set","","","","","","","","",""
"C8ey8HL6LzscsBLnzUmp","Soft Side Table","SwipeShop Studio","Amazon","storage","144.99","picsum.photos","no","https://www.amazon.ca/s?k=Soft%20Side%20Table%20SwipeShop%20Studio%20tables","no","yes","displayName; name; title","yes","review","fail","no","No visible affiliate marker in purchaseUrl (tag=); imageUrl domain differs from merchant domain: picsum.photos; Not swipe eligible; imageApproved is false; isCurated is false; duplicate title/displayName/name fields: displayName, name, title; brand may need verification: SwipeShop Studio","runtime resolved URL is missing affiliate marker because AMAZON_ASSOC_TAG/VITE_AMAZON_ASSOC_TAG is not set","","","","","","","","",""
"CBz1PpqW14by4dXjK2HJ","Landscape Poster","SwipeShop Studio","Amazon","wall-decor","24.99","picsum.photos","no","https://www.amazon.ca/s?k=Landscape%20Poster%20SwipeShop%20Studio%20Wall%20Art","no","yes","displayName; name; title","yes","review","fail","no","No visible affiliate marker in purchaseUrl (tag=); duplicate raw purchaseUrl used by multiple products; imageUrl domain differs from merchant domain: picsum.photos; Not swipe eligible; imageApproved is false; isCurated is false; duplicate title/displayName/name fields: displayName, name, title; brand may need verification: SwipeShop Studio","runtime resolved URL is missing affiliate marker because AMAZON_ASSOC_TAG/VITE_AMAZON_ASSOC_TAG is not set","","","","","","","","",""
"COwLGDg4mr21fUWJm1d3","Neutral Organizer","SwipeShop Studio","Amazon","storage","41.99","picsum.photos","no","https://www.amazon.ca/s?k=Neutral%20Organizer%20SwipeShop%20Studio%20storage","no","yes","displayName; name; title","yes","review","fail","no","No visible affiliate marker in purchaseUrl (tag=); duplicate raw purchaseUrl used by multiple products; imageUrl domain differs from merchant domain: picsum.photos; Not swipe eligible; imageApproved is false; isCurated is false; duplicate title/displayName/name fields: displayName, name, title; brand may need verification: SwipeShop Studio","runtime resolved URL is missing affiliate marker because AMAZON_ASSOC_TAG/VITE_AMAZON_ASSOC_TAG is not set","","","","","","","","",""
"CPv0CDYkjv0mqzqm2JCr","Modern Shelf Unit","SwipeShop Studio","Amazon","storage","29.99","picsum.photos","no","https://www.amazon.ca/s?k=Modern%20Shelf%20Unit%20SwipeShop%20Studio%20storage","no","yes","displayName; name; title","yes","review","fail","no","No visible affiliate marker in purchaseUrl (tag=); duplicate raw purchaseUrl used by multiple products; imageUrl domain differs from merchant domain: picsum.photos; Not swipe eligible; imageApproved is false; isCurated is false; duplicate title/displayName/name fields: displayName, name, title; brand may need verification: SwipeShop Studio","runtime resolved URL is missing affiliate marker because AMAZON_ASSOC_TAG/VITE_AMAZON_ASSOC_TAG is not set","","","","","","","","",""
"CasI8k1vrWET1WdEI0zQ","Wood Side Table","SwipeShop Studio","Amazon","storage","69.99","picsum.photos","no","https://www.amazon.ca/s?k=Wood%20Side%20Table%20SwipeShop%20Studio%20Tables","no","yes","displayName; name; title","yes","review","fail","no","No visible affiliate marker in purchaseUrl (tag=); imageUrl domain differs from merchant domain: picsum.photos; Not swipe eligible; imageApproved is false; isCurated is false; duplicate title/displayName/name fields: displayName, name, title; brand may need verification: SwipeShop Studio","runtime resolved URL is missing affiliate marker because AMAZON_ASSOC_TAG/VITE_AMAZON_ASSOC_TAG is not set","","","","","","","","",""
"CbR2KgXzl8n4eStIVvQz","Linen Duvet Set","SwipeShop Studio","Amazon","cozy-bedroom","119.99","picsum.photos","no","https://www.amazon.ca/s?k=Linen%20Duvet%20Set%20SwipeShop%20Studio%20Bedding","no","yes","displayName; name; title","yes","review","fail","no","No visible affiliate marker in purchaseUrl (tag=); duplicate raw purchaseUrl used by multiple products; imageUrl domain differs from merchant domain: picsum.photos; Not swipe eligible; imageApproved is false; isCurated is false; duplicate title/displayName/name fields: displayName, name, title; brand may need verification: SwipeShop Studio","runtime resolved URL is missing affiliate marker because AMAZON_ASSOC_TAG/VITE_AMAZON_ASSOC_TAG is not set","","","","","","","","",""
"Cy0ImK5LbFry1rvyoOik","Bold Ceramic Set","SwipeShop Studio","Amazon","storage","40.99","picsum.photos","no","https://www.amazon.ca/s?k=Bold%20Ceramic%20Set%20SwipeShop%20Studio%20kitchen_decor","no","yes","displayName; name; title","yes","review","fail","no","No visible affiliate marker in purchaseUrl (tag=); duplicate raw purchaseUrl used by multiple products; imageUrl domain differs from merchant domain: picsum.photos; Not swipe eligible; imageApproved is false; isCurated is false; duplicate title/displayName/name fields: displayName, name, title; brand may need verification: SwipeShop Studio","runtime resolved URL is missing affiliate marker because AMAZON_ASSOC_TAG/VITE_AMAZON_ASSOC_TAG is not set","","","","","","","","",""
"CyezIcJVVAkbg0F2UAaZ","Classic Vanity Mirror","SwipeShop Studio","Amazon","mirrors","59.99","picsum.photos","no","https://www.amazon.ca/s?k=Classic%20Vanity%20Mirror%20SwipeShop%20Studio%20mirrors","no","yes","displayName; name; title","yes","review","fail","no","No visible affiliate marker in purchaseUrl (tag=); imageUrl domain differs from merchant domain: picsum.photos; Not swipe eligible; imageApproved is false; isCurated is false; duplicate title/displayName/name fields: displayName, name, title; brand may need verification: SwipeShop Studio","runtime resolved URL is missing affiliate marker because AMAZON_ASSOC_TAG/VITE_AMAZON_ASSOC_TAG is not set","","","","","","","","",""
"D2wv5aRMwrHe4h65JT18","Minimal Pillow Set","SwipeShop Studio","Amazon","cozy-bedroom","96.99","picsum.photos","no","https://www.amazon.ca/s?k=Minimal%20Pillow%20Set%20SwipeShop%20Studio%20bedding","no","yes","displayName; name; title","yes","review","fail","no","No visible affiliate marker in purchaseUrl (tag=); duplicate raw purchaseUrl used by multiple products; imageUrl domain differs from merchant domain: picsum.photos; Not swipe eligible; imageApproved is false; isCurated is false; duplicate title/displayName/name fields: displayName, name, title; brand may need verification: SwipeShop Studio","runtime resolved URL is missing affiliate marker because AMAZON_ASSOC_TAG/VITE_AMAZON_ASSOC_TAG is not set","","","","","","","","",""
"D8bmaalqScM8Z2b69302","Modern Coffee Table","SwipeShop Studio","Amazon","storage","147.99","picsum.photos","no","https://www.amazon.ca/s?k=Modern%20Coffee%20Table%20SwipeShop%20Studio%20tables","no","yes","displayName; name; title","yes","review","fail","no","No visible affiliate marker in purchaseUrl (tag=); duplicate raw purchaseUrl used by multiple products; imageUrl domain differs from merchant domain: picsum.photos; Not swipe eligible; imageApproved is false; isCurated is false; duplicate title/displayName/name fields: displayName, name, title; brand may need verification: SwipeShop Studio","runtime resolved URL is missing affiliate marker because AMAZON_ASSOC_TAG/VITE_AMAZON_ASSOC_TAG is not set","","","","","","","","",""
"DGkxIvhZfy9HtVYWW28L","Modern Pendant Light","SwipeShop Studio","Amazon","lighting","73.99","picsum.photos","no","https://www.amazon.ca/s?k=Modern%20Pendant%20Light%20SwipeShop%20Studio%20lighting","no","yes","displayName; name; title","yes","review","fail","no","No visible affiliate marker in purchaseUrl (tag=); duplicate raw purchaseUrl used by multiple products; imageUrl domain differs from merchant domain: picsum.photos; Not swipe eligible; imageApproved is false; isCurated is false; duplicate title/displayName/name fields: displayName, name, title; brand may need verification: SwipeShop Studio","runtime resolved URL is missing affiliate marker because AMAZON_ASSOC_TAG/VITE_AMAZON_ASSOC_TAG is not set","","","","","","","","",""
"DSFyY4qR3I8pXVYKt3C1","Minimal Ceramic Set","SwipeShop Studio","Amazon","storage","25.99","picsum.photos","no","https://www.amazon.ca/s?k=Minimal%20Ceramic%20Set%20SwipeShop%20Studio%20kitchen_decor","no","yes","displayName; name; title","yes","review","fail","no","No visible affiliate marker in purchaseUrl (tag=); duplicate raw purchaseUrl used by multiple products; imageUrl domain differs from merchant domain: picsum.photos; Not swipe eligible; imageApproved is false; isCurated is false; duplicate title/displayName/name fields: displayName, name, title; brand may need verification: SwipeShop Studio","runtime resolved URL is missing affiliate marker because AMAZON_ASSOC_TAG/VITE_AMAZON_ASSOC_TAG is not set","","","","","","","","",""
"DbjcyZ15stH9CBYnbAKZ","Classic Console Table","SwipeShop Studio","Amazon","storage","156.99","picsum.photos","no","https://www.amazon.ca/s?k=Classic%20Console%20Table%20SwipeShop%20Studio%20tables","no","yes","displayName; name; title","yes","review","fail","no","No visible affiliate marker in purchaseUrl (tag=); duplicate raw purchaseUrl used by multiple products; imageUrl domain differs from merchant domain: picsum.photos; Not swipe eligible; imageApproved is false; isCurated is false; duplicate title/displayName/name fields: displayName, name, title; brand may need verification: SwipeShop Studio","runtime resolved URL is missing affiliate marker because AMAZON_ASSOC_TAG/VITE_AMAZON_ASSOC_TAG is not set","","","","","","","","",""
"Dla3rrKjz89L3HAwytFr","Neutral Kitchen Decor","SwipeShop Studio","Amazon","storage","34.99","picsum.photos","no","https://www.amazon.ca/s?k=Neutral%20Kitchen%20Decor%20SwipeShop%20Studio%20kitchen_decor","no","yes","displayName; name; title","yes","review","fail","no","No visible affiliate marker in purchaseUrl (tag=); imageUrl domain differs from merchant domain: picsum.photos; Not swipe eligible; imageApproved is false; isCurated is false; duplicate title/displayName/name fields: displayName, name, title; brand may need verification: SwipeShop Studio","runtime resolved URL is missing affiliate marker because AMAZON_ASSOC_TAG/VITE_AMAZON_ASSOC_TAG is not set","","","","","","","","",""
"DngeAvI1WWuy5xKPjuOs","Cozy Wall Mirror","SwipeShop Studio","Amazon","mirrors","80.99","picsum.photos","no","https://www.amazon.ca/s?k=Cozy%20Wall%20Mirror%20SwipeShop%20Studio%20mirrors","no","yes","displayName; name; title","yes","review","fail","no","No visible affiliate marker in purchaseUrl (tag=); duplicate raw purchaseUrl used by multiple products; imageUrl domain differs from merchant domain: picsum.photos; Not swipe eligible; imageApproved is false; isCurated is false; duplicate title/displayName/name fields: displayName, name, title; brand may need verification: SwipeShop Studio","runtime resolved URL is missing affiliate marker because AMAZON_ASSOC_TAG/VITE_AMAZON_ASSOC_TAG is not set","","","","","","","","",""
"DoUrjVaYMO8DGSUKqZMS","Bold Indoor Plant","SwipeShop Studio","Amazon","plants","39.99","picsum.photos","no","https://www.amazon.ca/s?k=Bold%20Indoor%20Plant%20SwipeShop%20Studio%20plants","no","yes","displayName; name; title","yes","review","fail","no","No visible affiliate marker in purchaseUrl (tag=); duplicate raw purchaseUrl used by multiple products; imageUrl domain differs from merchant domain: picsum.photos; Not swipe eligible; imageApproved is false; isCurated is false; duplicate title/displayName/name fields: displayName, name, title; brand may need verification: SwipeShop Studio","runtime resolved URL is missing affiliate marker because AMAZON_ASSOC_TAG/VITE_AMAZON_ASSOC_TAG is not set","","","","","","","","",""
"Drl0P5sysWuoCnDJ5bKU","Soft Serving Tray","SwipeShop Studio","Amazon","storage","19.99","picsum.photos","no","https://www.amazon.ca/s?k=Soft%20Serving%20Tray%20SwipeShop%20Studio%20kitchen_decor","no","yes","displayName; name; title","yes","review","fail","no","No visible affiliate marker in purchaseUrl (tag=); duplicate raw purchaseUrl used by multiple products; imageUrl domain differs from merchant domain: picsum.photos; Not swipe eligible; imageApproved is false; isCurated is false; duplicate title/displayName/name fields: displayName, name, title; brand may need verification: SwipeShop Studio","runtime resolved URL is missing affiliate marker because AMAZON_ASSOC_TAG/VITE_AMAZON_ASSOC_TAG is not set","","","","","","","","",""
"Dw9CulNFtMq5ONVfsxgP","Soft Table Lamp","SwipeShop Studio","Amazon","lighting","76.99","picsum.photos","no","https://www.amazon.ca/s?k=Soft%20Table%20Lamp%20SwipeShop%20Studio%20lighting","no","yes","displayName; name; title","yes","review","fail","no","No visible affiliate marker in purchaseUrl (tag=); duplicate raw purchaseUrl used by multiple products; imageUrl domain differs from merchant domain: picsum.photos; Not swipe eligible; imageApproved is false; isCurated is false; duplicate title/displayName/name fields: displayName, name, title; brand may need verification: SwipeShop Studio","runtime resolved URL is missing affiliate marker because AMAZON_ASSOC_TAG/VITE_AMAZON_ASSOC_TAG is not set","","","","","","","","",""
"Dy2pHWRdHm8NqrnNyMOS","Modern Ceramic Set","SwipeShop Studio","Amazon","storage","31.99","picsum.photos","no","https://www.amazon.ca/s?k=Modern%20Ceramic%20Set%20SwipeShop%20Studio%20kitchen_decor","no","yes","displayName; name; title","yes","review","fail","no","No visible affiliate marker in purchaseUrl (tag=); duplicate raw purchaseUrl used by multiple products; imageUrl domain differs from merchant domain: picsum.photos; Not swipe eligible; imageApproved is false; isCurated is false; duplicate title/displayName/name fields: displayName, name, title; brand may need verification: SwipeShop Studio","runtime resolved URL is missing affiliate marker because AMAZON_ASSOC_TAG/VITE_AMAZON_ASSOC_TAG is not set","","","","","","","","",""
"E20S0DpEV5yysDPK9ILI","Modern Table Lamp","Amazon","Amazon","lighting","49.99","picsum.photos","no","https://www.amazon.ca/s?k=Modern%20Table%20Lamp%20Lightning","no","yes","displayName; name; title","no","review","fail","no","No visible affiliate marker in purchaseUrl (tag=); imageUrl domain differs from merchant domain: picsum.photos; Not swipe eligible; imageApproved is false; isCurated is false; duplicate title/displayName/name fields: displayName, name, title","runtime resolved URL is missing affiliate marker because AMAZON_ASSOC_TAG/VITE_AMAZON_ASSOC_TAG is not set","","","","","","","","",""
"EIrCkLro1BTxMCzovh4m","Cozy Wool Rug","SwipeShop Studio","Amazon","storage","106.99","picsum.photos","no","https://www.amazon.ca/s?k=Cozy%20Wool%20Rug%20SwipeShop%20Studio%20rugs","no","yes","displayName; name; title","yes","review","fail","no","No visible affiliate marker in purchaseUrl (tag=); duplicate raw purchaseUrl used by multiple products; imageUrl domain differs from merchant domain: picsum.photos; Not swipe eligible; imageApproved is false; isCurated is false; duplicate title/displayName/name fields: displayName, name, title; brand may need verification: SwipeShop Studio","runtime resolved URL is missing affiliate marker because AMAZON_ASSOC_TAG/VITE_AMAZON_ASSOC_TAG is not set","","","","","","","","",""
"EVMtl4FSsITPTsDKxk47","Modern Accent Chair","SwipeShop Studio","Amazon","storage","176.99","picsum.photos","no","https://www.amazon.ca/s?k=Modern%20Accent%20Chair%20SwipeShop%20Studio%20seating","no","yes","displayName; name; title","yes","review","fail","no","No visible affiliate marker in purchaseUrl (tag=); duplicate raw purchaseUrl used by multiple products; imageUrl domain differs from merchant domain: picsum.photos; Not swipe eligible; imageApproved is false; isCurated is false; duplicate title/displayName/name fields: displayName, name, title; brand may need verification: SwipeShop Studio","runtime resolved URL is missing affiliate marker because AMAZON_ASSOC_TAG/VITE_AMAZON_ASSOC_TAG is not set","","","","","","","","",""
"EVzzZE2CDnt2r5fmOt5K","Minimal Pillow Set","SwipeShop Studio","Amazon","cozy-bedroom","81.99","picsum.photos","no","https://www.amazon.ca/s?k=Minimal%20Pillow%20Set%20SwipeShop%20Studio%20bedding","no","yes","displayName; name; title","yes","review","fail","no","No visible affiliate marker in purchaseUrl (tag=); duplicate raw purchaseUrl used by multiple products; imageUrl domain differs from merchant domain: picsum.photos; Not swipe eligible; imageApproved is false; isCurated is false; duplicate title/displayName/name fields: displayName, name, title; brand may need verification: SwipeShop Studio","runtime resolved URL is missing affiliate marker because AMAZON_ASSOC_TAG/VITE_AMAZON_ASSOC_TAG is not set","","","","","","","","",""
"EWpbaySRFau8gNaM91pt","Cozy Accent Chair","SwipeShop Studio","Amazon","storage","170.99","picsum.photos","no","https://www.amazon.ca/s?k=Cozy%20Accent%20Chair%20SwipeShop%20Studio%20seating","no","yes","displayName; name; title","yes","review","fail","no","No visible affiliate marker in purchaseUrl (tag=); duplicate raw purchaseUrl used by multiple products; imageUrl domain differs from merchant domain: picsum.photos; Not swipe eligible; imageApproved is false; isCurated is false; duplicate title/displayName/name fields: displayName, name, title; brand may need verification: SwipeShop Studio","runtime resolved URL is missing affiliate marker because AMAZON_ASSOC_TAG/VITE_AMAZON_ASSOC_TAG is not set","","","","","","","","",""
"EfPa779vIfB8tq6x7FwR","Cozy Coffee Table","SwipeShop Studio","Amazon","storage","156.99","picsum.photos","no","https://www.amazon.ca/s?k=Cozy%20Coffee%20Table%20SwipeShop%20Studio%20tables","no","yes","displayName; name; title","yes","review","fail","no","No visible affiliate marker in purchaseUrl (tag=); duplicate raw purchaseUrl used by multiple products; imageUrl domain differs from merchant domain: picsum.photos; Not swipe eligible; imageApproved is false; isCurated is false; duplicate title/displayName/name fields: displayName, name, title; brand may need verification: SwipeShop Studio","runtime resolved URL is missing affiliate marker because AMAZON_ASSOC_TAG/VITE_AMAZON_ASSOC_TAG is not set","","","","","","","","",""
"Ep6lF3ZOzzDNqS1MhE9F","Minimal Stool","SwipeShop Studio","Amazon","storage","155.99","picsum.photos","no","https://www.amazon.ca/s?k=Minimal%20Stool%20SwipeShop%20Studio%20seating","no","yes","displayName; name; title","yes","review","fail","no","No visible affiliate marker in purchaseUrl (tag=); duplicate raw purchaseUrl used by multiple products; imageUrl domain differs from merchant domain: picsum.photos; Not swipe eligible; imageApproved is false; isCurated is false; duplicate title/displayName/name fields: displayName, name, title; brand may need verification: SwipeShop Studio","runtime resolved URL is missing affiliate marker because AMAZON_ASSOC_TAG/VITE_AMAZON_ASSOC_TAG is not set","","","","","","","","",""
"Eqz5YKYwFoOdlcqjIi40","Faux Olive Tree","SwipeShop Studio","Amazon","plants","79.99","picsum.photos","no","https://www.amazon.ca/s?k=Faux%20Olive%20Tree%20SwipeShop%20Studio%20Plants","no","yes","displayName; name; title","yes","review","fail","no","No visible affiliate marker in purchaseUrl (tag=); duplicate raw purchaseUrl used by multiple products; imageUrl domain differs from merchant domain: picsum.photos; Not swipe eligible; imageApproved is false; isCurated is false; duplicate title/displayName/name fields: displayName, name, title; brand may need verification: SwipeShop Studio","runtime resolved URL is missing affiliate marker because AMAZON_ASSOC_TAG/VITE_AMAZON_ASSOC_TAG is not set","","","","","","","","",""
"F08hJ9GAZtSmqfzwJj6R","Minimal Vanity Mirror","SwipeShop Studio","Amazon","mirrors","65.99","picsum.photos","no","https://www.amazon.ca/s?k=Minimal%20Vanity%20Mirror%20SwipeShop%20Studio%20mirrors","no","yes","displayName; name; title","yes","review","fail","no","No visible affiliate marker in purchaseUrl (tag=); duplicate raw purchaseUrl used by multiple products; imageUrl domain differs from merchant domain: picsum.photos; Not swipe eligible; imageApproved is false; isCurated is false; duplicate title/displayName/name fields: displayName, name, title; brand may need verification: SwipeShop Studio","runtime resolved URL is missing affiliate marker because AMAZON_ASSOC_TAG/VITE_AMAZON_ASSOC_TAG is not set","","","","","","","","",""
"FEQ7GCTJ4WrAcLtkCIZZ","Entryway Shoe Cabinet","SwipeShop Studio","Amazon","storage","159.99","picsum.photos","no","https://www.amazon.ca/s?k=Entryway%20Shoe%20Cabinet%20SwipeShop%20Studio%20Storage","no","yes","displayName; name; title","yes","review","fail","no","No visible affiliate marker in purchaseUrl (tag=); duplicate raw purchaseUrl used by multiple products; imageUrl domain differs from merchant domain: picsum.photos; Not swipe eligible; imageApproved is false; isCurated is false; duplicate title/displayName/name fields: displayName, name, title; brand may need verification: SwipeShop Studio","runtime resolved URL is missing affiliate marker because AMAZON_ASSOC_TAG/VITE_AMAZON_ASSOC_TAG is not set","","","","","","","","",""
"FH48pPgzPrmyRMbAz3gF","Bold Wall Mirror","SwipeShop Studio","Amazon","mirrors","62.99","picsum.photos","no","https://www.amazon.ca/s?k=Bold%20Wall%20Mirror%20SwipeShop%20Studio%20mirrors","no","yes","displayName; name; title","yes","review","fail","no","No visible affiliate marker in purchaseUrl (tag=); duplicate raw purchaseUrl used by multiple products; imageUrl domain differs from merchant domain: picsum.photos; Not swipe eligible; imageApproved is false; isCurated is false; duplicate title/displayName/name fields: displayName, name, title; brand may need verification: SwipeShop Studio","runtime resolved URL is missing affiliate marker because AMAZON_ASSOC_TAG/VITE_AMAZON_ASSOC_TAG is not set","","","","","","","","",""
"FPY72MOkE4xO48B80x9B","Neutral Vanity Mirror","SwipeShop Studio","Amazon","mirrors","74.99","picsum.photos","no","https://www.amazon.ca/s?k=Neutral%20Vanity%20Mirror%20SwipeShop%20Studio%20mirrors","no","yes","displayName; name; title","yes","review","fail","no","No visible affiliate marker in purchaseUrl (tag=); duplicate raw purchaseUrl used by multiple products; imageUrl domain differs from merchant domain: picsum.photos; Not swipe eligible; imageApproved is false; isCurated is false; duplicate title/displayName/name fields: displayName, name, title; brand may need verification: SwipeShop Studio","runtime resolved URL is missing affiliate marker because AMAZON_ASSOC_TAG/VITE_AMAZON_ASSOC_TAG is not set","","","","","","","","",""
"FQRKgEUB9TkNZaVKRial","Neutral Side Table","SwipeShop Studio","Amazon","storage","129.99","picsum.photos","no","https://www.amazon.ca/s?k=Neutral%20Side%20Table%20SwipeShop%20Studio%20tables","no","yes","displayName; name; title","yes","review","fail","no","No visible affiliate marker in purchaseUrl (tag=); duplicate raw purchaseUrl used by multiple products; imageUrl domain differs from merchant domain: picsum.photos; Not swipe eligible; imageApproved is false; isCurated is false; duplicate title/displayName/name fields: displayName, name, title; brand may need verification: SwipeShop Studio","runtime resolved URL is missing affiliate marker because AMAZON_ASSOC_TAG/VITE_AMAZON_ASSOC_TAG is not set","","","","","","","","",""
"FTGkeqyCByUkUSLRs1GP","Minimal Runner Rug","SwipeShop Studio","Amazon","storage","59.99","picsum.photos","no","https://www.amazon.ca/s?k=Minimal%20Runner%20Rug%20SwipeShop%20Studio%20Rugs","no","yes","displayName; name; title","yes","review","fail","no","No visible affiliate marker in purchaseUrl (tag=); duplicate raw purchaseUrl used by multiple products; imageUrl domain differs from merchant domain: picsum.photos; Not swipe eligible; imageApproved is false; isCurated is false; duplicate title/displayName/name fields: displayName, name, title; brand may need verification: SwipeShop Studio","runtime resolved URL is missing affiliate marker because AMAZON_ASSOC_TAG/VITE_AMAZON_ASSOC_TAG is not set","","","","","","","","",""
"FUjiAwBCpaLHKDghhtIO","Minimal Potted Plant","SwipeShop Studio","Amazon","plants","27.99","picsum.photos","no","https://www.amazon.ca/s?k=Minimal%20Potted%20Plant%20SwipeShop%20Studio%20plants","no","yes","displayName; name; title","yes","review","fail","no","No visible affiliate marker in purchaseUrl (tag=); duplicate raw purchaseUrl used by multiple products; imageUrl domain differs from merchant domain: picsum.photos; Not swipe eligible; imageApproved is false; isCurated is false; duplicate title/displayName/name fields: displayName, name, title; brand may need verification: SwipeShop Studio","runtime resolved URL is missing affiliate marker because AMAZON_ASSOC_TAG/VITE_AMAZON_ASSOC_TAG is not set","","","","","","","","",""
"FVbdKy6519GIVRLfFYfn","Minimal Round Mirror","SwipeShop Studio","Amazon","mirrors","62.99","picsum.photos","no","https://www.amazon.ca/s?k=Minimal%20Round%20Mirror%20SwipeShop%20Studio%20mirrors","no","yes","displayName; name; title","yes","review","fail","no","No visible affiliate marker in purchaseUrl (tag=); duplicate raw purchaseUrl used by multiple products; imageUrl domain differs from merchant domain: picsum.photos; Not swipe eligible; imageApproved is false; isCurated is false; duplicate title/displayName/name fields: displayName, name, title; brand may need verification: SwipeShop Studio","runtime resolved URL is missing affiliate marker because AMAZON_ASSOC_TAG/VITE_AMAZON_ASSOC_TAG is not set","","","","","","","","",""
"FgqBCzirAf5RpnLvY4SD","Soft Runner Rug","SwipeShop Studio","Amazon","storage","88.99","picsum.photos","no","https://www.amazon.ca/s?k=Soft%20Runner%20Rug%20SwipeShop%20Studio%20rugs","no","yes","displayName; name; title","yes","review","fail","no","No visible affiliate marker in purchaseUrl (tag=); duplicate raw purchaseUrl used by multiple products; imageUrl domain differs from merchant domain: picsum.photos; Not swipe eligible; imageApproved is false; isCurated is false; duplicate title/displayName/name fields: displayName, name, title; brand may need verification: SwipeShop Studio","runtime resolved URL is missing affiliate marker because AMAZON_ASSOC_TAG/VITE_AMAZON_ASSOC_TAG is not set","","","","","","","","",""
"FjBw9AB5vswGDA2twNeE","Neutral Console Table","SwipeShop Studio","Amazon","storage","132.99","picsum.photos","no","https://www.amazon.ca/s?k=Neutral%20Console%20Table%20SwipeShop%20Studio%20tables","no","yes","displayName; name; title","yes","review","fail","no","No visible affiliate marker in purchaseUrl (tag=); duplicate raw purchaseUrl used by multiple products; imageUrl domain differs from merchant domain: picsum.photos; Not swipe eligible; imageApproved is false; isCurated is false; duplicate title/displayName/name fields: displayName, name, title; brand may need verification: SwipeShop Studio","runtime resolved URL is missing affiliate marker because AMAZON_ASSOC_TAG/VITE_AMAZON_ASSOC_TAG is not set","","","","","","","","",""
"FktYZkf1XtixBN9dqbhy","Cozy Bench","SwipeShop Studio","Amazon","storage","152.99","picsum.photos","no","https://www.amazon.ca/s?k=Cozy%20Bench%20SwipeShop%20Studio%20seating","no","yes","displayName; name; title","yes","review","fail","no","No visible affiliate marker in purchaseUrl (tag=); duplicate raw purchaseUrl used by multiple products; imageUrl domain differs from merchant domain: picsum.photos; Not swipe eligible; imageApproved is false; isCurated is false; duplicate title/displayName/name fields: displayName, name, title; brand may need verification: SwipeShop Studio","runtime resolved URL is missing affiliate marker because AMAZON_ASSOC_TAG/VITE_AMAZON_ASSOC_TAG is not set","","","","","","","","",""
"FoUSn6dyQIrv8ZUjcrmC","Woven Storage Basket","SwipeShop Studio","Amazon","storage","24.99","picsum.photos","no","https://www.amazon.ca/s?k=Woven%20Storage%20Basket%20SwipeShop%20Studio%20Storage","no","yes","displayName; name; title","yes","review","fail","no","No visible affiliate marker in purchaseUrl (tag=); imageUrl domain differs from merchant domain: picsum.photos; Not swipe eligible; imageApproved is false; isCurated is false; duplicate title/displayName/name fields: displayName, name, title; brand may need verification: SwipeShop Studio","runtime resolved URL is missing affiliate marker because AMAZON_ASSOC_TAG/VITE_AMAZON_ASSOC_TAG is not set","","","","","","","","",""
"G58YHXBd57w3nNqvbsYL","Minimal Shelf Unit","SwipeShop Studio","Amazon","storage","53.99","picsum.photos","no","https://www.amazon.ca/s?k=Minimal%20Shelf%20Unit%20SwipeShop%20Studio%20storage","no","yes","displayName; name; title","yes","review","fail","no","No visible affiliate marker in purchaseUrl (tag=); imageUrl domain differs from merchant domain: picsum.photos; Not swipe eligible; imageApproved is false; isCurated is false; duplicate title/displayName/name fields: displayName, name, title; brand may need verification: SwipeShop Studio","runtime resolved URL is missing affiliate marker because AMAZON_ASSOC_TAG/VITE_AMAZON_ASSOC_TAG is not set","","","","","","","","",""
"Gcpej4Q92ZYWkvIdBxsw","Minimal Planter","SwipeShop Studio","Amazon","plants","51.99","picsum.photos","no","https://www.amazon.ca/s?k=Minimal%20Planter%20SwipeShop%20Studio%20plants","no","yes","displayName; name; title","yes","review","fail","no","No visible affiliate marker in purchaseUrl (tag=); duplicate raw purchaseUrl used by multiple products; imageUrl domain differs from merchant domain: picsum.photos; Not swipe eligible; imageApproved is false; isCurated is false; duplicate title/displayName/name fields: displayName, name, title; brand may need verification: SwipeShop Studio","runtime resolved URL is missing affiliate marker because AMAZON_ASSOC_TAG/VITE_AMAZON_ASSOC_TAG is not set","","","","","","","","",""
"GjzjySmaBnR9m0J8CY62","Soft Wall Poster","SwipeShop Studio","Amazon","wall-decor","51.99","picsum.photos","no","https://www.amazon.ca/s?k=Soft%20Wall%20Poster%20SwipeShop%20Studio%20wall_art","no","yes","displayName; name; title","yes","review","fail","no","No visible affiliate marker in purchaseUrl (tag=); duplicate raw purchaseUrl used by multiple products; imageUrl domain differs from merchant domain: picsum.photos; Not swipe eligible; imageApproved is false; isCurated is false; duplicate title/displayName/name fields: displayName, name, title; brand may need verification: SwipeShop Studio","runtime resolved URL is missing affiliate marker because AMAZON_ASSOC_TAG/VITE_AMAZON_ASSOC_TAG is not set","","","","","","","","",""
"GnCqgDVapLweVSpGpEUq","Soft Bench","SwipeShop Studio","Amazon","storage","152.99","picsum.photos","no","https://www.amazon.ca/s?k=Soft%20Bench%20SwipeShop%20Studio%20seating","no","yes","displayName; name; title","yes","review","fail","no","No visible affiliate marker in purchaseUrl (tag=); duplicate raw purchaseUrl used by multiple products; imageUrl domain differs from merchant domain: picsum.photos; Not swipe eligible; imageApproved is false; isCurated is false; duplicate title/displayName/name fields: displayName, name, title; brand may need verification: SwipeShop Studio","runtime resolved URL is missing affiliate marker because AMAZON_ASSOC_TAG/VITE_AMAZON_ASSOC_TAG is not set","","","","","","","","",""
"Gph67eKsyZvpcP9nsof1","Classic Shelf Unit","SwipeShop Studio","Amazon","storage","47.99","picsum.photos","no","https://www.amazon.ca/s?k=Classic%20Shelf%20Unit%20SwipeShop%20Studio%20storage","no","yes","displayName; name; title","yes","review","fail","no","No visible affiliate marker in purchaseUrl (tag=); duplicate raw purchaseUrl used by multiple products; imageUrl domain differs from merchant domain: picsum.photos; Not swipe eligible; imageApproved is false; isCurated is false; duplicate title/displayName/name fields: displayName, name, title; brand may need verification: SwipeShop Studio","runtime resolved URL is missing affiliate marker because AMAZON_ASSOC_TAG/VITE_AMAZON_ASSOC_TAG is not set","","","","","","","","",""
"GyqkpejgA81pSmDoo3u0","Bold Ceramic Set","SwipeShop Studio","Amazon","storage","40.99","picsum.photos","no","https://www.amazon.ca/s?k=Bold%20Ceramic%20Set%20SwipeShop%20Studio%20kitchen_decor","no","yes","displayName; name; title","yes","review","fail","no","No visible affiliate marker in purchaseUrl (tag=); duplicate raw purchaseUrl used by multiple products; imageUrl domain differs from merchant domain: picsum.photos; Not swipe eligible; imageApproved is false; isCurated is false; duplicate title/displayName/name fields: displayName, name, title; brand may need verification: SwipeShop Studio","runtime resolved URL is missing affiliate marker because AMAZON_ASSOC_TAG/VITE_AMAZON_ASSOC_TAG is not set","","","","","","","","",""
"H4JvMXlGzmKD5vy0Eym4","Bold Stool","SwipeShop Studio","Amazon","storage","149.99","picsum.photos","no","https://www.amazon.ca/s?k=Bold%20Stool%20SwipeShop%20Studio%20seating","no","yes","displayName; name; title","yes","review","fail","no","No visible affiliate marker in purchaseUrl (tag=); duplicate raw purchaseUrl used by multiple products; imageUrl domain differs from merchant domain: picsum.photos; Not swipe eligible; imageApproved is false; isCurated is false; duplicate title/displayName/name fields: displayName, name, title; brand may need verification: SwipeShop Studio","runtime resolved URL is missing affiliate marker because AMAZON_ASSOC_TAG/VITE_AMAZON_ASSOC_TAG is not set","","","","","","","","",""
"H8xdUfqETJS2MIRlO47s","Modern Floor Lamp","SwipeShop Studio","Amazon","lighting","76.99","picsum.photos","no","https://www.amazon.ca/s?k=Modern%20Floor%20Lamp%20SwipeShop%20Studio%20lighting","no","yes","displayName; name; title","yes","review","fail","no","No visible affiliate marker in purchaseUrl (tag=); duplicate raw purchaseUrl used by multiple products; imageUrl domain differs from merchant domain: picsum.photos; Not swipe eligible; imageApproved is false; isCurated is false; duplicate title/displayName/name fields: displayName, name, title; brand may need verification: SwipeShop Studio","runtime resolved URL is missing affiliate marker because AMAZON_ASSOC_TAG/VITE_AMAZON_ASSOC_TAG is not set","","","","","","","","",""
"HSZrWfxiXuuevvlnT4qG","Minimal Pillow Set","SwipeShop Studio","Amazon","cozy-bedroom","78.99","picsum.photos","no","https://www.amazon.ca/s?k=Minimal%20Pillow%20Set%20SwipeShop%20Studio%20bedding","no","yes","displayName; name; title","yes","review","fail","no","No visible affiliate marker in purchaseUrl (tag=); duplicate raw purchaseUrl used by multiple products; imageUrl domain differs from merchant domain: picsum.photos; Not swipe eligible; imageApproved is false; isCurated is false; duplicate title/displayName/name fields: displayName, name, title; brand may need verification: SwipeShop Studio","runtime resolved URL is missing affiliate marker because AMAZON_ASSOC_TAG/VITE_AMAZON_ASSOC_TAG is not set","","","","","","","","",""
"HfoDYcB4eY89YU4afhNC","Bold Runner Rug","SwipeShop Studio","Amazon","storage","91.99","picsum.photos","no","https://www.amazon.ca/s?k=Bold%20Runner%20Rug%20SwipeShop%20Studio%20rugs","no","yes","displayName; name; title","yes","review","fail","no","No visible affiliate marker in purchaseUrl (tag=); duplicate raw purchaseUrl used by multiple products; imageUrl domain differs from merchant domain: picsum.photos; Not swipe eligible; imageApproved is false; isCurated is false; duplicate title/displayName/name fields: displayName, name, title; brand may need verification: SwipeShop Studio","runtime resolved URL is missing affiliate marker because AMAZON_ASSOC_TAG/VITE_AMAZON_ASSOC_TAG is not set","","","","","","","","",""
"HgGe5ua4dgui4dljcljW","Minimal Shelf Unit","SwipeShop Studio","Amazon","storage","139.99","picsum.photos","no","https://www.amazon.ca/s?k=Minimal%20Shelf%20Unit%20SwipeShop%20Studio%20Storage","no","yes","displayName; name; title","yes","review","fail","no","No visible affiliate marker in purchaseUrl (tag=); duplicate raw purchaseUrl used by multiple products; imageUrl domain differs from merchant domain: picsum.photos; Not swipe eligible; imageApproved is false; isCurated is false; duplicate title/displayName/name fields: displayName, name, title; brand may need verification: SwipeShop Studio","runtime resolved URL is missing affiliate marker because AMAZON_ASSOC_TAG/VITE_AMAZON_ASSOC_TAG is not set","","","","","","","","",""
"HnoAE1mhxHE2uNmm4xIM","Modern Duvet Set","SwipeShop Studio","Amazon","cozy-bedroom","81.99","picsum.photos","no","https://www.amazon.ca/s?k=Modern%20Duvet%20Set%20SwipeShop%20Studio%20bedding","no","yes","displayName; name; title","yes","review","fail","no","No visible affiliate marker in purchaseUrl (tag=); imageUrl domain differs from merchant domain: picsum.photos; Not swipe eligible; imageApproved is false; isCurated is false; duplicate title/displayName/name fields: displayName, name, title; brand may need verification: SwipeShop Studio","runtime resolved URL is missing affiliate marker because AMAZON_ASSOC_TAG/VITE_AMAZON_ASSOC_TAG is not set","","","","","","","","",""
"Hw1pYjPGEY2jlhba4ZBn","Soft Coffee Table","SwipeShop Studio","Amazon","storage","144.99","picsum.photos","no","https://www.amazon.ca/s?k=Soft%20Coffee%20Table%20SwipeShop%20Studio%20tables","no","yes","displayName; name; title","yes","review","fail","no","No visible affiliate marker in purchaseUrl (tag=); duplicate raw purchaseUrl used by multiple products; imageUrl domain differs from merchant domain: picsum.photos; Not swipe eligible; imageApproved is false; isCurated is false; duplicate title/displayName/name fields: displayName, name, title; brand may need verification: SwipeShop Studio","runtime resolved URL is missing affiliate marker because AMAZON_ASSOC_TAG/VITE_AMAZON_ASSOC_TAG is not set","","","","","","","","",""
"Hydlaj7TRLlUCo26AmWK","Round Wall Mirror","SwipeShop Studio","Amazon","mirrors","59.99","picsum.photos","no","https://www.amazon.ca/s?k=Round%20Wall%20Mirror%20SwipeShop%20Studio%20Mirrors","no","yes","displayName; name; title","yes","review","fail","no","No visible affiliate marker in purchaseUrl (tag=); duplicate raw purchaseUrl used by multiple products; imageUrl domain differs from merchant domain: picsum.photos; Not swipe eligible; imageApproved is false; isCurated is false; duplicate title/displayName/name fields: displayName, name, title; brand may need verification: SwipeShop Studio","runtime resolved URL is missing affiliate marker because AMAZON_ASSOC_TAG/VITE_AMAZON_ASSOC_TAG is not set","","","","","","","","",""
"HywrEGnULzJL1bsYEVfS","Soft Stool","SwipeShop Studio","Amazon","storage","158.99","picsum.photos","no","https://www.amazon.ca/s?k=Soft%20Stool%20SwipeShop%20Studio%20seating","no","yes","displayName; name; title","yes","review","fail","no","No visible affiliate marker in purchaseUrl (tag=); duplicate raw purchaseUrl used by multiple products; imageUrl domain differs from merchant domain: picsum.photos; Not swipe eligible; imageApproved is false; isCurated is false; duplicate title/displayName/name fields: displayName, name, title; brand may need verification: SwipeShop Studio","runtime resolved URL is missing affiliate marker because AMAZON_ASSOC_TAG/VITE_AMAZON_ASSOC_TAG is not set","","","","","","","","",""
"I8BEqPOvztwVHbKl5pwM","Classic Wall Poster","SwipeShop Studio","Amazon","wall-decor","42.99","picsum.photos","no","https://www.amazon.ca/s?k=Classic%20Wall%20Poster%20SwipeShop%20Studio%20wall_art","no","yes","displayName; name; title","yes","review","fail","no","No visible affiliate marker in purchaseUrl (tag=); duplicate raw purchaseUrl used by multiple products; imageUrl domain differs from merchant domain: picsum.photos; Not swipe eligible; imageApproved is false; isCurated is false; duplicate title/displayName/name fields: displayName, name, title; brand may need verification: SwipeShop Studio","runtime resolved URL is missing affiliate marker because AMAZON_ASSOC_TAG/VITE_AMAZON_ASSOC_TAG is not set","","","","","","","","",""
"IlNv9KioYhOpgZd7yM6d","Neutral Side Table","SwipeShop Studio","Amazon","storage","144.99","picsum.photos","no","https://www.amazon.ca/s?k=Neutral%20Side%20Table%20SwipeShop%20Studio%20tables","no","yes","displayName; name; title","yes","review","fail","no","No visible affiliate marker in purchaseUrl (tag=); duplicate raw purchaseUrl used by multiple products; imageUrl domain differs from merchant domain: picsum.photos; Not swipe eligible; imageApproved is false; isCurated is false; duplicate title/displayName/name fields: displayName, name, title; brand may need verification: SwipeShop Studio","runtime resolved URL is missing affiliate marker because AMAZON_ASSOC_TAG/VITE_AMAZON_ASSOC_TAG is not set","","","","","","","","",""
"ItCpe247P4fqC9yNq6Zx","Classic Round Mirror","SwipeShop Studio","Amazon","mirrors","86.99","picsum.photos","no","https://www.amazon.ca/s?k=Classic%20Round%20Mirror%20SwipeShop%20Studio%20mirrors","no","yes","displayName; name; title","yes","review","fail","no","No visible affiliate marker in purchaseUrl (tag=); duplicate raw purchaseUrl used by multiple products; imageUrl domain differs from merchant domain: picsum.photos; Not swipe eligible; imageApproved is false; isCurated is false; duplicate title/displayName/name fields: displayName, name, title; brand may need verification: SwipeShop Studio","runtime resolved URL is missing affiliate marker because AMAZON_ASSOC_TAG/VITE_AMAZON_ASSOC_TAG is not set","","","","","","","","",""
"ItEpkBYUXC3n6Q19eLjt","Bold Runner Rug","SwipeShop Studio","Amazon","storage","100.99","picsum.photos","no","https://www.amazon.ca/s?k=Bold%20Runner%20Rug%20SwipeShop%20Studio%20rugs","no","yes","displayName; name; title","yes","review","fail","no","No visible affiliate marker in purchaseUrl (tag=); duplicate raw purchaseUrl used by multiple products; imageUrl domain differs from merchant domain: picsum.photos; Not swipe eligible; imageApproved is false; isCurated is false; duplicate title/displayName/name fields: displayName, name, title; brand may need verification: SwipeShop Studio","runtime resolved URL is missing affiliate marker because AMAZON_ASSOC_TAG/VITE_AMAZON_ASSOC_TAG is not set","","","","","","","","",""
"IuYeHxjWQwjzxIwZXBUh","Neutral Duvet Set","SwipeShop Studio","Amazon","cozy-bedroom","81.99","picsum.photos","no","https://www.amazon.ca/s?k=Neutral%20Duvet%20Set%20SwipeShop%20Studio%20bedding","no","yes","displayName; name; title","yes","review","fail","no","No visible affiliate marker in purchaseUrl (tag=); duplicate raw purchaseUrl used by multiple products; imageUrl domain differs from merchant domain: picsum.photos; Not swipe eligible; imageApproved is false; isCurated is false; duplicate title/displayName/name fields: displayName, name, title; brand may need verification: SwipeShop Studio","runtime resolved URL is missing affiliate marker because AMAZON_ASSOC_TAG/VITE_AMAZON_ASSOC_TAG is not set","","","","","","","","",""
"J4a68d042Rba8gwIejSt","Modern Table Lamp","SwipeShop Studio","Amazon","lighting","49.99","picsum.photos","no","https://www.amazon.ca/s?k=Modern%20Table%20Lamp%20SwipeShop%20Studio%20Lighting","no","yes","displayName; name; title","yes","review","fail","no","No visible affiliate marker in purchaseUrl (tag=); duplicate raw purchaseUrl used by multiple products; imageUrl domain differs from merchant domain: picsum.photos; Not swipe eligible; imageApproved is false; isCurated is false; duplicate title/displayName/name fields: displayName, name, title; brand may need verification: SwipeShop Studio","runtime resolved URL is missing affiliate marker because AMAZON_ASSOC_TAG/VITE_AMAZON_ASSOC_TAG is not set","","","","","","","","",""
"JGEloy7I8aMrO4Mg6FCt","Cozy Canvas Art","SwipeShop Studio","Amazon","wall-decor","42.99","picsum.photos","no","https://www.amazon.ca/s?k=Cozy%20Canvas%20Art%20SwipeShop%20Studio%20wall_art","no","yes","displayName; name; title","yes","review","fail","no","No visible affiliate marker in purchaseUrl (tag=); duplicate raw purchaseUrl used by multiple products; imageUrl domain differs from merchant domain: picsum.photos; Not swipe eligible; imageApproved is false; isCurated is false; duplicate title/displayName/name fields: displayName, name, title; brand may need verification: SwipeShop Studio","runtime resolved URL is missing affiliate marker because AMAZON_ASSOC_TAG/VITE_AMAZON_ASSOC_TAG is not set","","","","","","","","",""
"JJEfWrWLmzilbd4ySD1b","Modern Stool","SwipeShop Studio","Amazon","storage","176.99","picsum.photos","no","https://www.amazon.ca/s?k=Modern%20Stool%20SwipeShop%20Studio%20seating","no","yes","displayName; name; title","yes","review","fail","no","No visible affiliate marker in purchaseUrl (tag=); duplicate raw purchaseUrl used by multiple products; imageUrl domain differs from merchant domain: picsum.photos; Not swipe eligible; imageApproved is false; isCurated is false; duplicate title/displayName/name fields: displayName, name, title; brand may need verification: SwipeShop Studio","runtime resolved URL is missing affiliate marker because AMAZON_ASSOC_TAG/VITE_AMAZON_ASSOC_TAG is not set","","","","","","","","",""
"JSumpMGXMm3ovM0Qkzlq","Soft Shelf Unit","SwipeShop Studio","Amazon","storage","35.99","picsum.photos","no","https://www.amazon.ca/s?k=Soft%20Shelf%20Unit%20SwipeShop%20Studio%20storage","no","yes","displayName; name; title","yes","review","fail","no","No visible affiliate marker in purchaseUrl (tag=); imageUrl domain differs from merchant domain: picsum.photos; Not swipe eligible; imageApproved is false; isCurated is false; duplicate title/displayName/name fields: displayName, name, title; brand may need verification: SwipeShop Studio","runtime resolved URL is missing affiliate marker because AMAZON_ASSOC_TAG/VITE_AMAZON_ASSOC_TAG is not set","","","","","","","","",""
"JY6hqFLINwhnvGrG0XsD","Neutral Area Rug","SwipeShop Studio","Amazon","storage","97.99","picsum.photos","no","https://www.amazon.ca/s?k=Neutral%20Area%20Rug%20SwipeShop%20Studio%20rugs","no","yes","displayName; name; title","yes","review","fail","no","No visible affiliate marker in purchaseUrl (tag=); duplicate raw purchaseUrl used by multiple products; imageUrl domain differs from merchant domain: picsum.photos; Not swipe eligible; imageApproved is false; isCurated is false; duplicate title/displayName/name fields: displayName, name, title; brand may need verification: SwipeShop Studio","runtime resolved URL is missing affiliate marker because AMAZON_ASSOC_TAG/VITE_AMAZON_ASSOC_TAG is not set","","","","","","","","",""
"JZEy8zMjymcyp4KsLqSL","Modern Indoor Plant","SwipeShop Studio","Amazon","plants","30.99","picsum.photos","no","https://www.amazon.ca/s?k=Modern%20Indoor%20Plant%20SwipeShop%20Studio%20plants","no","yes","displayName; name; title","yes","review","fail","no","No visible affiliate marker in purchaseUrl (tag=); duplicate raw purchaseUrl used by multiple products; imageUrl domain differs from merchant domain: picsum.photos; Not swipe eligible; imageApproved is false; isCurated is false; duplicate title/displayName/name fields: displayName, name, title; brand may need verification: SwipeShop Studio","runtime resolved URL is missing affiliate marker because AMAZON_ASSOC_TAG/VITE_AMAZON_ASSOC_TAG is not set","","","","","","","","",""
"K0pANLIg63aqCvJZn5BG","Minimal Pendant Light","SwipeShop Studio","Amazon","lighting","76.99","picsum.photos","no","https://www.amazon.ca/s?k=Minimal%20Pendant%20Light%20SwipeShop%20Studio%20lighting","no","yes","displayName; name; title","yes","review","fail","no","No visible affiliate marker in purchaseUrl (tag=); duplicate raw purchaseUrl used by multiple products; imageUrl domain differs from merchant domain: picsum.photos; Not swipe eligible; imageApproved is false; isCurated is false; duplicate title/displayName/name fields: displayName, name, title; brand may need verification: SwipeShop Studio","runtime resolved URL is missing affiliate marker because AMAZON_ASSOC_TAG/VITE_AMAZON_ASSOC_TAG is not set","","","","","","","","",""
"K4LYrvjpYtwWgNLJxhjz","Bold Ceramic Set","SwipeShop Studio","Amazon","storage","25.99","picsum.photos","no","https://www.amazon.ca/s?k=Bold%20Ceramic%20Set%20SwipeShop%20Studio%20kitchen_decor","no","yes","displayName; name; title","yes","review","fail","no","No visible affiliate marker in purchaseUrl (tag=); duplicate raw purchaseUrl used by multiple products; imageUrl domain differs from merchant domain: picsum.photos; Not swipe eligible; imageApproved is false; isCurated is false; duplicate title/displayName/name fields: displayName, name, title; brand may need verification: SwipeShop Studio","runtime resolved URL is missing affiliate marker because AMAZON_ASSOC_TAG/VITE_AMAZON_ASSOC_TAG is not set","","","","","","","","",""
"KAJANlCjjlfvv4RTSVdk","Classic Planter","SwipeShop Studio","Amazon","plants","45.99","picsum.photos","no","https://www.amazon.ca/s?k=Classic%20Planter%20SwipeShop%20Studio%20plants","no","yes","displayName; name; title","yes","review","fail","no","No visible affiliate marker in purchaseUrl (tag=); duplicate raw purchaseUrl used by multiple products; imageUrl domain differs from merchant domain: picsum.photos; Not swipe eligible; imageApproved is false; isCurated is false; duplicate title/displayName/name fields: displayName, name, title; brand may need verification: SwipeShop Studio","runtime resolved URL is missing affiliate marker because AMAZON_ASSOC_TAG/VITE_AMAZON_ASSOC_TAG is not set","","","","","","","","",""
"KCJ1sVhx7Z0ucA1dJ2kn","Cozy Serving Tray","SwipeShop Studio","Amazon","storage","37.99","picsum.photos","no","https://www.amazon.ca/s?k=Cozy%20Serving%20Tray%20SwipeShop%20Studio%20kitchen_decor","no","yes","displayName; name; title","yes","review","fail","no","No visible affiliate marker in purchaseUrl (tag=); duplicate raw purchaseUrl used by multiple products; imageUrl domain differs from merchant domain: picsum.photos; Not swipe eligible; imageApproved is false; isCurated is false; duplicate title/displayName/name fields: displayName, name, title; brand may need verification: SwipeShop Studio","runtime resolved URL is missing affiliate marker because AMAZON_ASSOC_TAG/VITE_AMAZON_ASSOC_TAG is not set","","","","","","","","",""
"KGZPWTXWk7fTo9agooN6","Minimal Area Rug","SwipeShop Studio","Amazon","storage","94.99","picsum.photos","no","https://www.amazon.ca/s?k=Minimal%20Area%20Rug%20SwipeShop%20Studio%20rugs","no","yes","displayName; name; title","yes","review","fail","no","No visible affiliate marker in purchaseUrl (tag=); duplicate raw purchaseUrl used by multiple products; imageUrl domain differs from merchant domain: picsum.photos; Not swipe eligible; imageApproved is false; isCurated is false; duplicate title/displayName/name fields: displayName, name, title; brand may need verification: SwipeShop Studio","runtime resolved URL is missing affiliate marker because AMAZON_ASSOC_TAG/VITE_AMAZON_ASSOC_TAG is not set","","","","","","","","",""
"KHUUtQvdJQhxAXcYS5vp","Neutral Wool Rug","SwipeShop Studio","Amazon","storage","100.99","picsum.photos","no","https://www.amazon.ca/s?k=Neutral%20Wool%20Rug%20SwipeShop%20Studio%20rugs","no","yes","displayName; name; title","yes","review","fail","no","No visible affiliate marker in purchaseUrl (tag=); duplicate raw purchaseUrl used by multiple products; imageUrl domain differs from merchant domain: picsum.photos; Not swipe eligible; imageApproved is false; isCurated is false; duplicate title/displayName/name fields: displayName, name, title; brand may need verification: SwipeShop Studio","runtime resolved URL is missing affiliate marker because AMAZON_ASSOC_TAG/VITE_AMAZON_ASSOC_TAG is not set","","","","","","","","",""
"KYOsMCS5viqcBDLglZkI","Classic Canvas Art","SwipeShop Studio","Amazon","wall-decor","60.99","picsum.photos","no","https://www.amazon.ca/s?k=Classic%20Canvas%20Art%20SwipeShop%20Studio%20wall_art","no","yes","displayName; name; title","yes","review","fail","no","No visible affiliate marker in purchaseUrl (tag=); duplicate raw purchaseUrl used by multiple products; imageUrl domain differs from merchant domain: picsum.photos; Not swipe eligible; imageApproved is false; isCurated is false; duplicate title/displayName/name fields: displayName, name, title; brand may need verification: SwipeShop Studio","runtime resolved URL is missing affiliate marker because AMAZON_ASSOC_TAG/VITE_AMAZON_ASSOC_TAG is not set","","","","","","","","",""
"Kgb9zDaaMSdrVFIEbEgU","Cozy Pillow Set","SwipeShop Studio","Amazon","cozy-bedroom","69.99","picsum.photos","no","https://www.amazon.ca/s?k=Cozy%20Pillow%20Set%20SwipeShop%20Studio%20bedding","no","yes","displayName; name; title","yes","review","fail","no","No visible affiliate marker in purchaseUrl (tag=); duplicate raw purchaseUrl used by multiple products; imageUrl domain differs from merchant domain: picsum.photos; Not swipe eligible; imageApproved is false; isCurated is false; duplicate title/displayName/name fields: displayName, name, title; brand may need verification: SwipeShop Studio","runtime resolved URL is missing affiliate marker because AMAZON_ASSOC_TAG/VITE_AMAZON_ASSOC_TAG is not set","","","","","","","","",""
"L6ahdqndO94vzhPw2DxP","Classic Side Table","SwipeShop Studio","Amazon","storage","132.99","picsum.photos","no","https://www.amazon.ca/s?k=Classic%20Side%20Table%20SwipeShop%20Studio%20tables","no","yes","displayName; name; title","yes","review","fail","no","No visible affiliate marker in purchaseUrl (tag=); duplicate raw purchaseUrl used by multiple products; imageUrl domain differs from merchant domain: picsum.photos; Not swipe eligible; imageApproved is false; isCurated is false; duplicate title/displayName/name fields: displayName, name, title; brand may need verification: SwipeShop Studio","runtime resolved URL is missing affiliate marker because AMAZON_ASSOC_TAG/VITE_AMAZON_ASSOC_TAG is not set","","","","","","","","",""
"L76nDqmtfHrtOSVCVBnm","Bold Area Rug","SwipeShop Studio","Amazon","storage","82.99","picsum.photos","no","https://www.amazon.ca/s?k=Bold%20Area%20Rug%20SwipeShop%20Studio%20rugs","no","yes","displayName; name; title","yes","review","fail","no","No visible affiliate marker in purchaseUrl (tag=); duplicate raw purchaseUrl used by multiple products; imageUrl domain differs from merchant domain: picsum.photos; Not swipe eligible; imageApproved is false; isCurated is false; duplicate title/displayName/name fields: displayName, name, title; brand may need verification: SwipeShop Studio","runtime resolved URL is missing affiliate marker because AMAZON_ASSOC_TAG/VITE_AMAZON_ASSOC_TAG is not set","","","","","","","","",""
"LDRTDGuqUeVfCRC55ko7","Cozy Pendant Light","SwipeShop Studio","Amazon","lighting","73.99","picsum.photos","no","https://www.amazon.ca/s?k=Cozy%20Pendant%20Light%20SwipeShop%20Studio%20lighting","no","yes","displayName; name; title","yes","review","fail","no","No visible affiliate marker in purchaseUrl (tag=); duplicate raw purchaseUrl used by multiple products; imageUrl domain differs from merchant domain: picsum.photos; Not swipe eligible; imageApproved is false; isCurated is false; duplicate title/displayName/name fields: displayName, name, title; brand may need verification: SwipeShop Studio","runtime resolved URL is missing affiliate marker because AMAZON_ASSOC_TAG/VITE_AMAZON_ASSOC_TAG is not set","","","","","","","","",""
"LE9HwXcUQqeTSAesuZfV","Minimal Bench","SwipeShop Studio","Amazon","storage","164.99","picsum.photos","no","https://www.amazon.ca/s?k=Minimal%20Bench%20SwipeShop%20Studio%20seating","no","yes","displayName; name; title","yes","review","fail","no","No visible affiliate marker in purchaseUrl (tag=); duplicate raw purchaseUrl used by multiple products; imageUrl domain differs from merchant domain: picsum.photos; Not swipe eligible; imageApproved is false; isCurated is false; duplicate title/displayName/name fields: displayName, name, title; brand may need verification: SwipeShop Studio","runtime resolved URL is missing affiliate marker because AMAZON_ASSOC_TAG/VITE_AMAZON_ASSOC_TAG is not set","","","","","","","","",""
"LF2LvGG71HjoINbYdsiO","Cozy Side Table","SwipeShop Studio","Amazon","storage","138.99","picsum.photos","no","https://www.amazon.ca/s?k=Cozy%20Side%20Table%20SwipeShop%20Studio%20tables","no","yes","displayName; name; title","yes","review","fail","no","No visible affiliate marker in purchaseUrl (tag=); imageUrl domain differs from merchant domain: picsum.photos; Not swipe eligible; imageApproved is false; isCurated is false; duplicate title/displayName/name fields: displayName, name, title; brand may need verification: SwipeShop Studio","runtime resolved URL is missing affiliate marker because AMAZON_ASSOC_TAG/VITE_AMAZON_ASSOC_TAG is not set","","","","","","","","",""
"LI7ZfLBH135WxWtCeNjE","Soft Stool","SwipeShop Studio","Amazon","storage","161.99","picsum.photos","no","https://www.amazon.ca/s?k=Soft%20Stool%20SwipeShop%20Studio%20seating","no","yes","displayName; name; title","yes","review","fail","no","No visible affiliate marker in purchaseUrl (tag=); duplicate raw purchaseUrl used by multiple products; imageUrl domain differs from merchant domain: picsum.photos; Not swipe eligible; imageApproved is false; isCurated is false; duplicate title/displayName/name fields: displayName, name, title; brand may need verification: SwipeShop Studio","runtime resolved URL is missing affiliate marker because AMAZON_ASSOC_TAG/VITE_AMAZON_ASSOC_TAG is not set","","","","","","","","",""
"LMCI0j7Dpa9cVHa7HVVx","Soft Wall Mirror","SwipeShop Studio","Amazon","mirrors","65.99","picsum.photos","no","https://www.amazon.ca/s?k=Soft%20Wall%20Mirror%20SwipeShop%20Studio%20mirrors","no","yes","displayName; name; title","yes","review","fail","no","No visible affiliate marker in purchaseUrl (tag=); duplicate raw purchaseUrl used by multiple products; imageUrl domain differs from merchant domain: picsum.photos; Not swipe eligible; imageApproved is false; isCurated is false; duplicate title/displayName/name fields: displayName, name, title; brand may need verification: SwipeShop Studio","runtime resolved URL is missing affiliate marker because AMAZON_ASSOC_TAG/VITE_AMAZON_ASSOC_TAG is not set","","","","","","","","",""
"LTcHCvYvOvQiXieuYu4U","Classic Wool Rug","SwipeShop Studio","Amazon","storage","79.99","picsum.photos","no","https://www.amazon.ca/s?k=Classic%20Wool%20Rug%20SwipeShop%20Studio%20rugs","no","yes","displayName; name; title","yes","review","fail","no","No visible affiliate marker in purchaseUrl (tag=); duplicate raw purchaseUrl used by multiple products; imageUrl domain differs from merchant domain: picsum.photos; Not swipe eligible; imageApproved is false; isCurated is false; duplicate title/displayName/name fields: displayName, name, title; brand may need verification: SwipeShop Studio","runtime resolved URL is missing affiliate marker because AMAZON_ASSOC_TAG/VITE_AMAZON_ASSOC_TAG is not set","","","","","","","","",""
"LUkkAj8Wd6ZOKGw1nVjB","Soft Planter","SwipeShop Studio","Amazon","plants","51.99","picsum.photos","no","https://www.amazon.ca/s?k=Soft%20Planter%20SwipeShop%20Studio%20plants","no","yes","displayName; name; title","yes","review","fail","no","No visible affiliate marker in purchaseUrl (tag=); duplicate raw purchaseUrl used by multiple products; imageUrl domain differs from merchant domain: picsum.photos; Not swipe eligible; imageApproved is false; isCurated is false; duplicate title/displayName/name fields: displayName, name, title; brand may need verification: SwipeShop Studio","runtime resolved URL is missing affiliate marker because AMAZON_ASSOC_TAG/VITE_AMAZON_ASSOC_TAG is not set","","","","","","","","",""
"Lb9wEg1Rc1MHoOzWOYEX","Abstract Canvas Print","SwipeShop Studio","Amazon","wall-decor","39.99","picsum.photos","no","https://www.amazon.ca/s?k=Abstract%20Canvas%20Print%20SwipeShop%20Studio%20Wall%20Art","no","yes","displayName; name; title","yes","review","fail","no","No visible affiliate marker in purchaseUrl (tag=); duplicate raw purchaseUrl used by multiple products; imageUrl domain differs from merchant domain: picsum.photos; Not swipe eligible; imageApproved is false; isCurated is false; duplicate title/displayName/name fields: displayName, name, title; brand may need verification: SwipeShop Studio","runtime resolved URL is missing affiliate marker because AMAZON_ASSOC_TAG/VITE_AMAZON_ASSOC_TAG is not set","","","","","","","","",""
"Le2LUoUJnS2a777bySjE","Modern Indoor Plant","SwipeShop Studio","Amazon","plants","30.99","picsum.photos","no","https://www.amazon.ca/s?k=Modern%20Indoor%20Plant%20SwipeShop%20Studio%20plants","no","yes","displayName; name; title","yes","review","fail","no","No visible affiliate marker in purchaseUrl (tag=); duplicate raw purchaseUrl used by multiple products; imageUrl domain differs from merchant domain: picsum.photos; Not swipe eligible; imageApproved is false; isCurated is false; duplicate title/displayName/name fields: displayName, name, title; brand may need verification: SwipeShop Studio","runtime resolved URL is missing affiliate marker because AMAZON_ASSOC_TAG/VITE_AMAZON_ASSOC_TAG is not set","","","","","","","","",""
"Luk0tHsg2B0Q82DTejOz","Neutral Console Table","SwipeShop Studio","Amazon","storage","156.99","picsum.photos","no","https://www.amazon.ca/s?k=Neutral%20Console%20Table%20SwipeShop%20Studio%20tables","no","yes","displayName; name; title","yes","review","fail","no","No visible affiliate marker in purchaseUrl (tag=); duplicate raw purchaseUrl used by multiple products; imageUrl domain differs from merchant domain: picsum.photos; Not swipe eligible; imageApproved is false; isCurated is false; duplicate title/displayName/name fields: displayName, name, title; brand may need verification: SwipeShop Studio","runtime resolved URL is missing affiliate marker because AMAZON_ASSOC_TAG/VITE_AMAZON_ASSOC_TAG is not set","","","","","","","","",""
"LzDTGvDmO5hHgjlQn0ap","Round Coffee Table","SwipeShop Studio","Amazon","storage","149.99","picsum.photos","no","https://www.amazon.ca/s?k=Round%20Coffee%20Table%20SwipeShop%20Studio%20Tables","no","yes","displayName; name; title","yes","review","fail","no","No visible affiliate marker in purchaseUrl (tag=); duplicate raw purchaseUrl used by multiple products; imageUrl domain differs from merchant domain: picsum.photos; Not swipe eligible; imageApproved is false; isCurated is false; duplicate title/displayName/name fields: displayName, name, title; brand may need verification: SwipeShop Studio","runtime resolved URL is missing affiliate marker because AMAZON_ASSOC_TAG/VITE_AMAZON_ASSOC_TAG is not set","","","","","","","","",""
"M9A71PUoXh3XZobuhLv5","Bold Runner Rug","SwipeShop Studio","Amazon","storage","88.99","picsum.photos","no","https://www.amazon.ca/s?k=Bold%20Runner%20Rug%20SwipeShop%20Studio%20rugs","no","yes","displayName; name; title","yes","review","fail","no","No visible affiliate marker in purchaseUrl (tag=); duplicate raw purchaseUrl used by multiple products; imageUrl domain differs from merchant domain: picsum.photos; Not swipe eligible; imageApproved is false; isCurated is false; duplicate title/displayName/name fields: displayName, name, title; brand may need verification: SwipeShop Studio","runtime resolved URL is missing affiliate marker because AMAZON_ASSOC_TAG/VITE_AMAZON_ASSOC_TAG is not set","","","","","","","","",""
"MJSrMsHBpYHx0KpQhtmX","Cozy Vanity Mirror","SwipeShop Studio","Amazon","mirrors","62.99","picsum.photos","no","https://www.amazon.ca/s?k=Cozy%20Vanity%20Mirror%20SwipeShop%20Studio%20mirrors","no","yes","displayName; name; title","yes","review","fail","no","No visible affiliate marker in purchaseUrl (tag=); duplicate raw purchaseUrl used by multiple products; imageUrl domain differs from merchant domain: picsum.photos; Not swipe eligible; imageApproved is false; isCurated is false; duplicate title/displayName/name fields: displayName, name, title; brand may need verification: SwipeShop Studio","runtime resolved URL is missing affiliate marker because AMAZON_ASSOC_TAG/VITE_AMAZON_ASSOC_TAG is not set","","","","","","","","",""
"Mepy65gYgwMOaXyCRKNJ","Cozy Framed Print","SwipeShop Studio","Amazon","wall-decor","54.99","picsum.photos","no","https://www.amazon.ca/s?k=Cozy%20Framed%20Print%20SwipeShop%20Studio%20wall_art","no","yes","displayName; name; title","yes","review","fail","no","No visible affiliate marker in purchaseUrl (tag=); duplicate raw purchaseUrl used by multiple products; imageUrl domain differs from merchant domain: picsum.photos; Not swipe eligible; imageApproved is false; isCurated is false; duplicate title/displayName/name fields: displayName, name, title; brand may need verification: SwipeShop Studio","runtime resolved URL is missing affiliate marker because AMAZON_ASSOC_TAG/VITE_AMAZON_ASSOC_TAG is not set","","","","","","","","",""
"Mex7Npc11EWv8BEMdFU1","Classic Ceramic Set","SwipeShop Studio","Amazon","storage","19.99","picsum.photos","no","https://www.amazon.ca/s?k=Classic%20Ceramic%20Set%20SwipeShop%20Studio%20kitchen_decor","no","yes","displayName; name; title","yes","review","fail","no","No visible affiliate marker in purchaseUrl (tag=); duplicate raw purchaseUrl used by multiple products; imageUrl domain differs from merchant domain: picsum.photos; Not swipe eligible; imageApproved is false; isCurated is false; duplicate title/displayName/name fields: displayName, name, title; brand may need verification: SwipeShop Studio","runtime resolved URL is missing affiliate marker because AMAZON_ASSOC_TAG/VITE_AMAZON_ASSOC_TAG is not set","","","","","","","","",""
"Mez6DrfwXhV2ax9r4u2t","Cozy Kitchen Decor","SwipeShop Studio","Amazon","storage","22.99","picsum.photos","no","https://www.amazon.ca/s?k=Cozy%20Kitchen%20Decor%20SwipeShop%20Studio%20kitchen_decor","no","yes","displayName; name; title","yes","review","fail","no","No visible affiliate marker in purchaseUrl (tag=); duplicate raw purchaseUrl used by multiple products; imageUrl domain differs from merchant domain: picsum.photos; Not swipe eligible; imageApproved is false; isCurated is false; duplicate title/displayName/name fields: displayName, name, title; brand may need verification: SwipeShop Studio","runtime resolved URL is missing affiliate marker because AMAZON_ASSOC_TAG/VITE_AMAZON_ASSOC_TAG is not set","","","","","","","","",""
"N3ybuj7bEu4mF1Zj85lM","Minimal Line Art Set (2-pack)","SwipeShop Studio","Amazon","wall-decor","29.99","picsum.photos","no","https://www.amazon.ca/s?k=Minimal%20Line%20Art%20Set%20(2-pack)%20SwipeShop%20Studio%20Wall%20Art","no","yes","displayName; name; title","yes","review","fail","no","No visible affiliate marker in purchaseUrl (tag=); duplicate raw purchaseUrl used by multiple products; imageUrl domain differs from merchant domain: picsum.photos; Not swipe eligible; imageApproved is false; isCurated is false; duplicate title/displayName/name fields: displayName, name, title; brand may need verification: SwipeShop Studio","runtime resolved URL is missing affiliate marker because AMAZON_ASSOC_TAG/VITE_AMAZON_ASSOC_TAG is not set","","","","","","","","",""
"NBopzWeb2rJGGKrAKuz0","Cozy Wall Poster","SwipeShop Studio","Amazon","wall-decor","54.99","picsum.photos","no","https://www.amazon.ca/s?k=Cozy%20Wall%20Poster%20SwipeShop%20Studio%20wall_art","no","yes","displayName; name; title","yes","review","fail","no","No visible affiliate marker in purchaseUrl (tag=); duplicate raw purchaseUrl used by multiple products; imageUrl domain differs from merchant domain: picsum.photos; Not swipe eligible; imageApproved is false; isCurated is false; duplicate title/displayName/name fields: displayName, name, title; brand may need verification: SwipeShop Studio","runtime resolved URL is missing affiliate marker because AMAZON_ASSOC_TAG/VITE_AMAZON_ASSOC_TAG is not set","","","","","","","","",""
"NIu51t1CmhkGT5NXouL8","Cozy Floor Lamp","SwipeShop Studio","Amazon","lighting","67.99","picsum.photos","no","https://www.amazon.ca/s?k=Cozy%20Floor%20Lamp%20SwipeShop%20Studio%20lighting","no","yes","displayName; name; title","yes","review","fail","no","No visible affiliate marker in purchaseUrl (tag=); imageUrl domain differs from merchant domain: picsum.photos; Not swipe eligible; imageApproved is false; isCurated is false; duplicate title/displayName/name fields: displayName, name, title; brand may need verification: SwipeShop Studio","runtime resolved URL is missing affiliate marker because AMAZON_ASSOC_TAG/VITE_AMAZON_ASSOC_TAG is not set","","","","","","","","",""
"NO4fMMQsrhDAW05aA40e","Full Length Mirror","SwipeShop Studio","Amazon","mirrors","89.99","picsum.photos","no","https://www.amazon.ca/s?k=Full%20Length%20Mirror%20SwipeShop%20Studio%20Mirrors","no","yes","displayName; name; title","yes","review","fail","no","No visible affiliate marker in purchaseUrl (tag=); duplicate raw purchaseUrl used by multiple products; imageUrl domain differs from merchant domain: picsum.photos; Not swipe eligible; imageApproved is false; isCurated is false; duplicate title/displayName/name fields: displayName, name, title; brand may need verification: SwipeShop Studio","runtime resolved URL is missing affiliate marker because AMAZON_ASSOC_TAG/VITE_AMAZON_ASSOC_TAG is not set","","","","","","","","",""
"NRGTGdTScA6VdUBh63PG","Minimal Line Art Set (2-pack)","SwipeShop Studio","Amazon","wall-decor","29.99","picsum.photos","no","https://www.amazon.ca/s?k=Minimal%20Line%20Art%20Set%20(2-pack)%20SwipeShop%20Studio%20Wall%20Art","no","yes","displayName; name; title","yes","review","fail","no","No visible affiliate marker in purchaseUrl (tag=); duplicate raw purchaseUrl used by multiple products; imageUrl domain differs from merchant domain: picsum.photos; Not swipe eligible; imageApproved is false; isCurated is false; duplicate title/displayName/name fields: displayName, name, title; brand may need verification: SwipeShop Studio","runtime resolved URL is missing affiliate marker because AMAZON_ASSOC_TAG/VITE_AMAZON_ASSOC_TAG is not set","","","","","","","","",""
"Nay2YSWy8F2gPd1TyGnx","Cozy Canvas Art","SwipeShop Studio","Amazon","wall-decor","48.99","picsum.photos","no","https://www.amazon.ca/s?k=Cozy%20Canvas%20Art%20SwipeShop%20Studio%20wall_art","no","yes","displayName; name; title","yes","review","fail","no","No visible affiliate marker in purchaseUrl (tag=); duplicate raw purchaseUrl used by multiple products; imageUrl domain differs from merchant domain: picsum.photos; Not swipe eligible; imageApproved is false; isCurated is false; duplicate title/displayName/name fields: displayName, name, title; brand may need verification: SwipeShop Studio","runtime resolved URL is missing affiliate marker because AMAZON_ASSOC_TAG/VITE_AMAZON_ASSOC_TAG is not set","","","","","","","","",""
"NoKD2XdFMWO4LETAfixS","Cozy Framed Print","SwipeShop Studio","Amazon","wall-decor","63.99","picsum.photos","no","https://www.amazon.ca/s?k=Cozy%20Framed%20Print%20SwipeShop%20Studio%20wall_art","no","yes","displayName; name; title","yes","review","fail","no","No visible affiliate marker in purchaseUrl (tag=); duplicate raw purchaseUrl used by multiple products; imageUrl domain differs from merchant domain: picsum.photos; Not swipe eligible; imageApproved is false; isCurated is false; duplicate title/displayName/name fields: displayName, name, title; brand may need verification: SwipeShop Studio","runtime resolved URL is missing affiliate marker because AMAZON_ASSOC_TAG/VITE_AMAZON_ASSOC_TAG is not set","","","","","","","","",""
"NvtnCbVpjcAa0X4HOscT","Soft Storage Basket","SwipeShop Studio","Amazon","storage","35.99","picsum.photos","no","https://www.amazon.ca/s?k=Soft%20Storage%20Basket%20SwipeShop%20Studio%20storage","no","yes","displayName; name; title","yes","review","fail","no","No visible affiliate marker in purchaseUrl (tag=); duplicate raw purchaseUrl used by multiple products; imageUrl domain differs from merchant domain: picsum.photos; Not swipe eligible; imageApproved is false; isCurated is false; duplicate title/displayName/name fields: displayName, name, title; brand may need verification: SwipeShop Studio","runtime resolved URL is missing affiliate marker because AMAZON_ASSOC_TAG/VITE_AMAZON_ASSOC_TAG is not set","","","","","","","","",""
"O6jxpN8pF8oi349mpfIS","Cozy Sheet Set","SwipeShop Studio","Amazon","cozy-bedroom","69.99","picsum.photos","no","https://www.amazon.ca/s?k=Cozy%20Sheet%20Set%20SwipeShop%20Studio%20bedding","no","yes","displayName; name; title","yes","review","fail","no","No visible affiliate marker in purchaseUrl (tag=); duplicate raw purchaseUrl used by multiple products; imageUrl domain differs from merchant domain: picsum.photos; Not swipe eligible; imageApproved is false; isCurated is false; duplicate title/displayName/name fields: displayName, name, title; brand may need verification: SwipeShop Studio","runtime resolved URL is missing affiliate marker because AMAZON_ASSOC_TAG/VITE_AMAZON_ASSOC_TAG is not set","","","","","","","","",""
"OGGXsgNNFCJFD4iwcbVu","Soft Bench","SwipeShop Studio","Amazon","storage","158.99","picsum.photos","no","https://www.amazon.ca/s?k=Soft%20Bench%20SwipeShop%20Studio%20seating","no","yes","displayName; name; title","yes","review","fail","no","No visible affiliate marker in purchaseUrl (tag=); duplicate raw purchaseUrl used by multiple products; imageUrl domain differs from merchant domain: picsum.photos; Not swipe eligible; imageApproved is false; isCurated is false; duplicate title/displayName/name fields: displayName, name, title; brand may need verification: SwipeShop Studio","runtime resolved URL is missing affiliate marker because AMAZON_ASSOC_TAG/VITE_AMAZON_ASSOC_TAG is not set","","","","","","","","",""
"OKGfTZSnPdOrfyT9VQiU","Classic Wool Rug","SwipeShop Studio","Amazon","storage","85.99","picsum.photos","no","https://www.amazon.ca/s?k=Classic%20Wool%20Rug%20SwipeShop%20Studio%20rugs","no","yes","displayName; name; title","yes","review","fail","no","No visible affiliate marker in purchaseUrl (tag=); duplicate raw purchaseUrl used by multiple products; imageUrl domain differs from merchant domain: picsum.photos; Not swipe eligible; imageApproved is false; isCurated is false; duplicate title/displayName/name fields: displayName, name, title; brand may need verification: SwipeShop Studio","runtime resolved URL is missing affiliate marker because AMAZON_ASSOC_TAG/VITE_AMAZON_ASSOC_TAG is not set","","","","","","","","",""
"OOeKiBpymqbQpwejOHOx","Modern Table Lamp","SwipeShop Studio","Amazon","lighting","49.99","picsum.photos","no","https://www.amazon.ca/s?k=Modern%20Table%20Lamp%20SwipeShop%20Studio%20Lighting","no","yes","displayName; name; title","yes","review","fail","no","No visible affiliate marker in purchaseUrl (tag=); duplicate raw purchaseUrl used by multiple products; imageUrl domain differs from merchant domain: picsum.photos; Not swipe eligible; imageApproved is false; isCurated is false; duplicate title/displayName/name fields: displayName, name, title; brand may need verification: SwipeShop Studio","runtime resolved URL is missing affiliate marker because AMAZON_ASSOC_TAG/VITE_AMAZON_ASSOC_TAG is not set","","","","","","","","",""
"OlB5PDnxLTsXAkSxJ3sD","Modern Stool","SwipeShop Studio","Amazon","storage","158.99","picsum.photos","no","https://www.amazon.ca/s?k=Modern%20Stool%20SwipeShop%20Studio%20seating","no","yes","displayName; name; title","yes","review","fail","no","No visible affiliate marker in purchaseUrl (tag=); duplicate raw purchaseUrl used by multiple products; imageUrl domain differs from merchant domain: picsum.photos; Not swipe eligible; imageApproved is false; isCurated is false; duplicate title/displayName/name fields: displayName, name, title; brand may need verification: SwipeShop Studio","runtime resolved URL is missing affiliate marker because AMAZON_ASSOC_TAG/VITE_AMAZON_ASSOC_TAG is not set","","","","","","","","",""
"Oq56hkVTLzwF1jUEVWpY","Cozy Shelf Unit","SwipeShop Studio","Amazon","storage","47.99","picsum.photos","no","https://www.amazon.ca/s?k=Cozy%20Shelf%20Unit%20SwipeShop%20Studio%20storage","no","yes","displayName; name; title","yes","review","fail","no","No visible affiliate marker in purchaseUrl (tag=); duplicate raw purchaseUrl used by multiple products; imageUrl domain differs from merchant domain: picsum.photos; Not swipe eligible; imageApproved is false; isCurated is false; duplicate title/displayName/name fields: displayName, name, title; brand may need verification: SwipeShop Studio","runtime resolved URL is missing affiliate marker because AMAZON_ASSOC_TAG/VITE_AMAZON_ASSOC_TAG is not set","","","","","","","","",""
"OrdG44desgXQ2bWcnaOC","Neutral Indoor Plant","SwipeShop Studio","Amazon","plants","24.99","picsum.photos","no","https://www.amazon.ca/s?k=Neutral%20Indoor%20Plant%20SwipeShop%20Studio%20plants","no","yes","displayName; name; title","yes","review","fail","no","No visible affiliate marker in purchaseUrl (tag=); imageUrl domain differs from merchant domain: picsum.photos; Not swipe eligible; imageApproved is false; isCurated is false; duplicate title/displayName/name fields: displayName, name, title; brand may need verification: SwipeShop Studio","runtime resolved URL is missing affiliate marker because AMAZON_ASSOC_TAG/VITE_AMAZON_ASSOC_TAG is not set","","","","","","","","",""
"OuxOf0wevbdPagSL3ypJ","Minimal Canister Set","SwipeShop Studio","Amazon","storage","34.99","picsum.photos","no","https://www.amazon.ca/s?k=Minimal%20Canister%20Set%20SwipeShop%20Studio%20Kitchen%20Decor","no","yes","displayName; name; title","yes","review","fail","no","No visible affiliate marker in purchaseUrl (tag=); duplicate raw purchaseUrl used by multiple products; imageUrl domain differs from merchant domain: picsum.photos; Not swipe eligible; imageApproved is false; isCurated is false; duplicate title/displayName/name fields: displayName, name, title; brand may need verification: SwipeShop Studio","runtime resolved URL is missing affiliate marker because AMAZON_ASSOC_TAG/VITE_AMAZON_ASSOC_TAG is not set","","","","","","","","",""
"OwLi5Rxj29Cw1dyOneok","Modern Table Lamp","SwipeShop Studio","Amazon","lighting","67.99","picsum.photos","no","https://www.amazon.ca/s?k=Modern%20Table%20Lamp%20SwipeShop%20Studio%20lighting","no","yes","displayName; name; title","yes","review","fail","no","No visible affiliate marker in purchaseUrl (tag=); duplicate raw purchaseUrl used by multiple products; imageUrl domain differs from merchant domain: picsum.photos; Not swipe eligible; imageApproved is false; isCurated is false; duplicate title/displayName/name fields: displayName, name, title; brand may need verification: SwipeShop Studio","runtime resolved URL is missing affiliate marker because AMAZON_ASSOC_TAG/VITE_AMAZON_ASSOC_TAG is not set","","","","","","","","",""
"Oypy1o6XAQXLNLDpnAlS","Entryway Shoe Cabinet","SwipeShop Studio","Amazon","storage","159.99","picsum.photos","no","https://www.amazon.ca/s?k=Entryway%20Shoe%20Cabinet%20SwipeShop%20Studio%20Storage","no","yes","displayName; name; title","yes","review","fail","no","No visible affiliate marker in purchaseUrl (tag=); duplicate raw purchaseUrl used by multiple products; imageUrl domain differs from merchant domain: picsum.photos; Not swipe eligible; imageApproved is false; isCurated is false; duplicate title/displayName/name fields: displayName, name, title; brand may need verification: SwipeShop Studio","runtime resolved URL is missing affiliate marker because AMAZON_ASSOC_TAG/VITE_AMAZON_ASSOC_TAG is not set","","","","","","","","",""
"P5YfkRfzNMNzoT3RGxw1","Neutral Framed Print","SwipeShop Studio","Amazon","wall-decor","63.99","picsum.photos","no","https://www.amazon.ca/s?k=Neutral%20Framed%20Print%20SwipeShop%20Studio%20wall_art","no","yes","displayName; name; title","yes","review","fail","no","No visible affiliate marker in purchaseUrl (tag=); duplicate raw purchaseUrl used by multiple products; imageUrl domain differs from merchant domain: picsum.photos; Not swipe eligible; imageApproved is false; isCurated is false; duplicate title/displayName/name fields: displayName, name, title; brand may need verification: SwipeShop Studio","runtime resolved URL is missing affiliate marker because AMAZON_ASSOC_TAG/VITE_AMAZON_ASSOC_TAG is not set","","","","","","","","",""
"PA2B42hxNlju4Tno7P0f","Cozy Vanity Mirror","SwipeShop Studio","Amazon","mirrors","68.99","picsum.photos","no","https://www.amazon.ca/s?k=Cozy%20Vanity%20Mirror%20SwipeShop%20Studio%20mirrors","no","yes","displayName; name; title","yes","review","fail","no","No visible affiliate marker in purchaseUrl (tag=); duplicate raw purchaseUrl used by multiple products; imageUrl domain differs from merchant domain: picsum.photos; Not swipe eligible; imageApproved is false; isCurated is false; duplicate title/displayName/name fields: displayName, name, title; brand may need verification: SwipeShop Studio","runtime resolved URL is missing affiliate marker because AMAZON_ASSOC_TAG/VITE_AMAZON_ASSOC_TAG is not set","","","","","","","","",""
"PE55ozLPYpmVboSJyGFs","Cozy Duvet Set","SwipeShop Studio","Amazon","cozy-bedroom","69.99","picsum.photos","no","https://www.amazon.ca/s?k=Cozy%20Duvet%20Set%20SwipeShop%20Studio%20bedding","no","yes","displayName; name; title","yes","review","fail","no","No visible affiliate marker in purchaseUrl (tag=); duplicate raw purchaseUrl used by multiple products; imageUrl domain differs from merchant domain: picsum.photos; Not swipe eligible; imageApproved is false; isCurated is false; duplicate title/displayName/name fields: displayName, name, title; brand may need verification: SwipeShop Studio","runtime resolved URL is missing affiliate marker because AMAZON_ASSOC_TAG/VITE_AMAZON_ASSOC_TAG is not set","","","","","","","","",""
"PFXVSycITdF7huhZmEye","Minimal Potted Plant","SwipeShop Studio","Amazon","plants","42.99","picsum.photos","no","https://www.amazon.ca/s?k=Minimal%20Potted%20Plant%20SwipeShop%20Studio%20plants","no","yes","displayName; name; title","yes","review","fail","no","No visible affiliate marker in purchaseUrl (tag=); duplicate raw purchaseUrl used by multiple products; imageUrl domain differs from merchant domain: picsum.photos; Not swipe eligible; imageApproved is false; isCurated is false; duplicate title/displayName/name fields: displayName, name, title; brand may need verification: SwipeShop Studio","runtime resolved URL is missing affiliate marker because AMAZON_ASSOC_TAG/VITE_AMAZON_ASSOC_TAG is not set","","","","","","","","",""
"PJ2Ap78oZWlZt9IY5rVm","Minimal Indoor Plant","SwipeShop Studio","Amazon","plants","30.99","picsum.photos","no","https://www.amazon.ca/s?k=Minimal%20Indoor%20Plant%20SwipeShop%20Studio%20plants","no","yes","displayName; name; title","yes","review","fail","no","No visible affiliate marker in purchaseUrl (tag=); duplicate raw purchaseUrl used by multiple products; imageUrl domain differs from merchant domain: picsum.photos; Not swipe eligible; imageApproved is false; isCurated is false; duplicate title/displayName/name fields: displayName, name, title; brand may need verification: SwipeShop Studio","runtime resolved URL is missing affiliate marker because AMAZON_ASSOC_TAG/VITE_AMAZON_ASSOC_TAG is not set","","","","","","","","",""
"PPzqIjnx5hCeGkTGzDMP","Wood Cutting Board Set","SwipeShop Studio","Amazon","storage","29.99","picsum.photos","no","https://www.amazon.ca/s?k=Wood%20Cutting%20Board%20Set%20SwipeShop%20Studio%20Kitchen%20Decor","no","yes","displayName; name; title","yes","review","fail","no","No visible affiliate marker in purchaseUrl (tag=); duplicate raw purchaseUrl used by multiple products; imageUrl domain differs from merchant domain: picsum.photos; Not swipe eligible; imageApproved is false; isCurated is false; duplicate title/displayName/name fields: displayName, name, title; brand may need verification: SwipeShop Studio","runtime resolved URL is missing affiliate marker because AMAZON_ASSOC_TAG/VITE_AMAZON_ASSOC_TAG is not set","","","","","","","","",""
"PWaGYUh8KhJuudoWcVUY","Bold Pillow Set","SwipeShop Studio","Amazon","cozy-bedroom","87.99","picsum.photos","no","https://www.amazon.ca/s?k=Bold%20Pillow%20Set%20SwipeShop%20Studio%20bedding","no","yes","displayName; name; title","yes","review","fail","no","No visible affiliate marker in purchaseUrl (tag=); imageUrl domain differs from merchant domain: picsum.photos; Not swipe eligible; imageApproved is false; isCurated is false; duplicate title/displayName/name fields: displayName, name, title; brand may need verification: SwipeShop Studio","runtime resolved URL is missing affiliate marker because AMAZON_ASSOC_TAG/VITE_AMAZON_ASSOC_TAG is not set","","","","","","","","",""
"PwSaPNIUbIqlAsmXUbVK","Cozy Bench","SwipeShop Studio","Amazon","storage","152.99","picsum.photos","no","https://www.amazon.ca/s?k=Cozy%20Bench%20SwipeShop%20Studio%20seating","no","yes","displayName; name; title","yes","review","fail","no","No visible affiliate marker in purchaseUrl (tag=); duplicate raw purchaseUrl used by multiple products; imageUrl domain differs from merchant domain: picsum.photos; Not swipe eligible; imageApproved is false; isCurated is false; duplicate title/displayName/name fields: displayName, name, title; brand may need verification: SwipeShop Studio","runtime resolved URL is missing affiliate marker because AMAZON_ASSOC_TAG/VITE_AMAZON_ASSOC_TAG is not set","","","","","","","","",""
"Px5moiGARzxBWB1x1PL1","Modern Pendant Light","SwipeShop Studio","Amazon","lighting","58.99","picsum.photos","no","https://www.amazon.ca/s?k=Modern%20Pendant%20Light%20SwipeShop%20Studio%20lighting","no","yes","displayName; name; title","yes","review","fail","no","No visible affiliate marker in purchaseUrl (tag=); duplicate raw purchaseUrl used by multiple products; imageUrl domain differs from merchant domain: picsum.photos; Not swipe eligible; imageApproved is false; isCurated is false; duplicate title/displayName/name fields: displayName, name, title; brand may need verification: SwipeShop Studio","runtime resolved URL is missing affiliate marker because AMAZON_ASSOC_TAG/VITE_AMAZON_ASSOC_TAG is not set","","","","","","","","",""
"QDlwKWdA9DEJgX6PeC4e","Classic Side Table","SwipeShop Studio","Amazon","storage","135.99","picsum.photos","no","https://www.amazon.ca/s?k=Classic%20Side%20Table%20SwipeShop%20Studio%20tables","no","yes","displayName; name; title","yes","review","fail","no","No visible affiliate marker in purchaseUrl (tag=); duplicate raw purchaseUrl used by multiple products; imageUrl domain differs from merchant domain: picsum.photos; Not swipe eligible; imageApproved is false; isCurated is false; duplicate title/displayName/name fields: displayName, name, title; brand may need verification: SwipeShop Studio","runtime resolved URL is missing affiliate marker because AMAZON_ASSOC_TAG/VITE_AMAZON_ASSOC_TAG is not set","","","","","","","","",""
"QGckn4u82CqKcQNJq2qh","Modern Area Rug","SwipeShop Studio","Amazon","storage","82.99","picsum.photos","no","https://www.amazon.ca/s?k=Modern%20Area%20Rug%20SwipeShop%20Studio%20rugs","no","yes","displayName; name; title","yes","review","fail","no","No visible affiliate marker in purchaseUrl (tag=); duplicate raw purchaseUrl used by multiple products; imageUrl domain differs from merchant domain: picsum.photos; Not swipe eligible; imageApproved is false; isCurated is false; duplicate title/displayName/name fields: displayName, name, title; brand may need verification: SwipeShop Studio","runtime resolved URL is missing affiliate marker because AMAZON_ASSOC_TAG/VITE_AMAZON_ASSOC_TAG is not set","","","","","","","","",""
"QOkjTvijsp93TRG8utN4","Round Coffee Table","SwipeShop Studio","Amazon","storage","149.99","picsum.photos","no","https://www.amazon.ca/s?k=Round%20Coffee%20Table%20SwipeShop%20Studio%20Tables","no","yes","displayName; name; title","yes","review","fail","no","No visible affiliate marker in purchaseUrl (tag=); duplicate raw purchaseUrl used by multiple products; imageUrl domain differs from merchant domain: picsum.photos; Not swipe eligible; imageApproved is false; isCurated is false; duplicate title/displayName/name fields: displayName, name, title; brand may need verification: SwipeShop Studio","runtime resolved URL is missing affiliate marker because AMAZON_ASSOC_TAG/VITE_AMAZON_ASSOC_TAG is not set","","","","","","","","",""
"QPEWqiPsXLBNioN5HhTX","Minimal Framed Print","SwipeShop Studio","Amazon","wall-decor","39.99","picsum.photos","no","https://www.amazon.ca/s?k=Minimal%20Framed%20Print%20SwipeShop%20Studio%20wall_art","no","yes","displayName; name; title","yes","review","fail","no","No visible affiliate marker in purchaseUrl (tag=); duplicate raw purchaseUrl used by multiple products; imageUrl domain differs from merchant domain: picsum.photos; Not swipe eligible; imageApproved is false; isCurated is false; duplicate title/displayName/name fields: displayName, name, title; brand may need verification: SwipeShop Studio","runtime resolved URL is missing affiliate marker because AMAZON_ASSOC_TAG/VITE_AMAZON_ASSOC_TAG is not set","","","","","","","","",""
"QrrjTDQSRNuUVajwFG1U","Modern Framed Print","SwipeShop Studio","Amazon","wall-decor","57.99","picsum.photos","no","https://www.amazon.ca/s?k=Modern%20Framed%20Print%20SwipeShop%20Studio%20wall_art","no","yes","displayName; name; title","yes","review","fail","no","No visible affiliate marker in purchaseUrl (tag=); duplicate raw purchaseUrl used by multiple products; imageUrl domain differs from merchant domain: picsum.photos; Not swipe eligible; imageApproved is false; isCurated is false; duplicate title/displayName/name fields: displayName, name, title; brand may need verification: SwipeShop Studio","runtime resolved URL is missing affiliate marker because AMAZON_ASSOC_TAG/VITE_AMAZON_ASSOC_TAG is not set","","","","","","","","",""
"RBmRveafFpCazaMCS3lT","Soft Wall Poster","SwipeShop Studio","Amazon","wall-decor","54.99","picsum.photos","no","https://www.amazon.ca/s?k=Soft%20Wall%20Poster%20SwipeShop%20Studio%20wall_art","no","yes","displayName; name; title","yes","review","fail","no","No visible affiliate marker in purchaseUrl (tag=); duplicate raw purchaseUrl used by multiple products; imageUrl domain differs from merchant domain: picsum.photos; Not swipe eligible; imageApproved is false; isCurated is false; duplicate title/displayName/name fields: displayName, name, title; brand may need verification: SwipeShop Studio","runtime resolved URL is missing affiliate marker because AMAZON_ASSOC_TAG/VITE_AMAZON_ASSOC_TAG is not set","","","","","","","","",""
"RDAqIX0ckCncC4s2v7dA","Soft Serving Tray","SwipeShop Studio","Amazon","storage","34.99","picsum.photos","no","https://www.amazon.ca/s?k=Soft%20Serving%20Tray%20SwipeShop%20Studio%20kitchen_decor","no","yes","displayName; name; title","yes","review","fail","no","No visible affiliate marker in purchaseUrl (tag=); duplicate raw purchaseUrl used by multiple products; imageUrl domain differs from merchant domain: picsum.photos; Not swipe eligible; imageApproved is false; isCurated is false; duplicate title/displayName/name fields: displayName, name, title; brand may need verification: SwipeShop Studio","runtime resolved URL is missing affiliate marker because AMAZON_ASSOC_TAG/VITE_AMAZON_ASSOC_TAG is not set","","","","","","","","",""
"RDqmiKLKcNHsM71BCVN1","Classic Ceramic Set","SwipeShop Studio","Amazon","storage","43.99","picsum.photos","no","https://www.amazon.ca/s?k=Classic%20Ceramic%20Set%20SwipeShop%20Studio%20kitchen_decor","no","yes","displayName; name; title","yes","review","fail","no","No visible affiliate marker in purchaseUrl (tag=); duplicate raw purchaseUrl used by multiple products; imageUrl domain differs from merchant domain: picsum.photos; Not swipe eligible; imageApproved is false; isCurated is false; duplicate title/displayName/name fields: displayName, name, title; brand may need verification: SwipeShop Studio","runtime resolved URL is missing affiliate marker because AMAZON_ASSOC_TAG/VITE_AMAZON_ASSOC_TAG is not set","","","","","","","","",""
"ReKSd59RVrO37RDyg4BB","Soft Table Lamp","SwipeShop Studio","Amazon","lighting","73.99","picsum.photos","no","https://www.amazon.ca/s?k=Soft%20Table%20Lamp%20SwipeShop%20Studio%20lighting","no","yes","displayName; name; title","yes","review","fail","no","No visible affiliate marker in purchaseUrl (tag=); duplicate raw purchaseUrl used by multiple products; imageUrl domain differs from merchant domain: picsum.photos; Not swipe eligible; imageApproved is false; isCurated is false; duplicate title/displayName/name fields: displayName, name, title; brand may need verification: SwipeShop Studio","runtime resolved URL is missing affiliate marker because AMAZON_ASSOC_TAG/VITE_AMAZON_ASSOC_TAG is not set","","","","","","","","",""
"RrZcEePDTMRIefwpoaNG","Neutral Area Rug","SwipeShop Studio","Amazon","storage","79.99","picsum.photos","no","https://www.amazon.ca/s?k=Neutral%20Area%20Rug%20SwipeShop%20Studio%20Rugs","no","yes","displayName; name; title","yes","review","fail","no","No visible affiliate marker in purchaseUrl (tag=); duplicate raw purchaseUrl used by multiple products; imageUrl domain differs from merchant domain: picsum.photos; Not swipe eligible; imageApproved is false; isCurated is false; duplicate title/displayName/name fields: displayName, name, title; brand may need verification: SwipeShop Studio","runtime resolved URL is missing affiliate marker because AMAZON_ASSOC_TAG/VITE_AMAZON_ASSOC_TAG is not set","","","","","","","","",""
"SQOHrDkjXbdGNvuBkEtf","Minimal Framed Print","SwipeShop Studio","Amazon","wall-decor","45.99","picsum.photos","no","https://www.amazon.ca/s?k=Minimal%20Framed%20Print%20SwipeShop%20Studio%20wall_art","no","yes","displayName; name; title","yes","review","fail","no","No visible affiliate marker in purchaseUrl (tag=); duplicate raw purchaseUrl used by multiple products; imageUrl domain differs from merchant domain: picsum.photos; Not swipe eligible; imageApproved is false; isCurated is false; duplicate title/displayName/name fields: displayName, name, title; brand may need verification: SwipeShop Studio","runtime resolved URL is missing affiliate marker because AMAZON_ASSOC_TAG/VITE_AMAZON_ASSOC_TAG is not set","","","","","","","","",""
"SnJ5ymEZtgCnv65nPykL","Cozy Indoor Plant","SwipeShop Studio","Amazon","plants","30.99","picsum.photos","no","https://www.amazon.ca/s?k=Cozy%20Indoor%20Plant%20SwipeShop%20Studio%20plants","no","yes","displayName; name; title","yes","review","fail","no","No visible affiliate marker in purchaseUrl (tag=); duplicate raw purchaseUrl used by multiple products; imageUrl domain differs from merchant domain: picsum.photos; Not swipe eligible; imageApproved is false; isCurated is false; duplicate title/displayName/name fields: displayName, name, title; brand may need verification: SwipeShop Studio","runtime resolved URL is missing affiliate marker because AMAZON_ASSOC_TAG/VITE_AMAZON_ASSOC_TAG is not set","","","","","","","","",""
"Sy4SbeuZKMV8LTHEzlmB","Neutral Stool","SwipeShop Studio","Amazon","storage","149.99","picsum.photos","no","https://www.amazon.ca/s?k=Neutral%20Stool%20SwipeShop%20Studio%20seating","no","yes","displayName; name; title","yes","review","fail","no","No visible affiliate marker in purchaseUrl (tag=); imageUrl domain differs from merchant domain: picsum.photos; Not swipe eligible; imageApproved is false; isCurated is false; duplicate title/displayName/name fields: displayName, name, title; brand may need verification: SwipeShop Studio","runtime resolved URL is missing affiliate marker because AMAZON_ASSOC_TAG/VITE_AMAZON_ASSOC_TAG is not set","","","","","","","","",""
"SzkcaSVq0rUqnzVrEDDX","Modern Storage Basket","SwipeShop Studio","Amazon","storage","53.99","picsum.photos","no","https://www.amazon.ca/s?k=Modern%20Storage%20Basket%20SwipeShop%20Studio%20storage","no","yes","displayName; name; title","yes","review","fail","no","No visible affiliate marker in purchaseUrl (tag=); duplicate raw purchaseUrl used by multiple products; imageUrl domain differs from merchant domain: picsum.photos; Not swipe eligible; imageApproved is false; isCurated is false; duplicate title/displayName/name fields: displayName, name, title; brand may need verification: SwipeShop Studio","runtime resolved URL is missing affiliate marker because AMAZON_ASSOC_TAG/VITE_AMAZON_ASSOC_TAG is not set","","","","","","","","",""
"TrTxeMY6b0Lvg0j7Njou","Neutral Accent Chair","SwipeShop Studio","Amazon","storage","176.99","picsum.photos","no","https://www.amazon.ca/s?k=Neutral%20Accent%20Chair%20SwipeShop%20Studio%20seating","no","yes","displayName; name; title","yes","review","fail","no","No visible affiliate marker in purchaseUrl (tag=); imageUrl domain differs from merchant domain: picsum.photos; Not swipe eligible; imageApproved is false; isCurated is false; duplicate title/displayName/name fields: displayName, name, title; brand may need verification: SwipeShop Studio","runtime resolved URL is missing affiliate marker because AMAZON_ASSOC_TAG/VITE_AMAZON_ASSOC_TAG is not set","","","","","","","","",""
"TrkWmMX3QppV8s27M6Ct","Classic Storage Basket","SwipeShop Studio","Amazon","storage","56.99","picsum.photos","no","https://www.amazon.ca/s?k=Classic%20Storage%20Basket%20SwipeShop%20Studio%20storage","no","yes","displayName; name; title","yes","review","fail","no","No visible affiliate marker in purchaseUrl (tag=); imageUrl domain differs from merchant domain: picsum.photos; Not swipe eligible; imageApproved is false; isCurated is false; duplicate title/displayName/name fields: displayName, name, title; brand may need verification: SwipeShop Studio","runtime resolved URL is missing affiliate marker because AMAZON_ASSOC_TAG/VITE_AMAZON_ASSOC_TAG is not set","","","","","","","","",""
"TxOjvruVXo7NTtsmwlMh","Soft Wall Poster","SwipeShop Studio","Amazon","wall-decor","57.99","picsum.photos","no","https://www.amazon.ca/s?k=Soft%20Wall%20Poster%20SwipeShop%20Studio%20wall_art","no","yes","displayName; name; title","yes","review","fail","no","No visible affiliate marker in purchaseUrl (tag=); duplicate raw purchaseUrl used by multiple products; imageUrl domain differs from merchant domain: picsum.photos; Not swipe eligible; imageApproved is false; isCurated is false; duplicate title/displayName/name fields: displayName, name, title; brand may need verification: SwipeShop Studio","runtime resolved URL is missing affiliate marker because AMAZON_ASSOC_TAG/VITE_AMAZON_ASSOC_TAG is not set","","","","","","","","",""
"U8cavhZoProJ1QaZFbLa","Classic Area Rug","SwipeShop Studio","Amazon","storage","106.99","picsum.photos","no","https://www.amazon.ca/s?k=Classic%20Area%20Rug%20SwipeShop%20Studio%20rugs","no","yes","displayName; name; title","yes","review","fail","no","No visible affiliate marker in purchaseUrl (tag=); duplicate raw purchaseUrl used by multiple products; imageUrl domain differs from merchant domain: picsum.photos; Not swipe eligible; imageApproved is false; isCurated is false; duplicate title/displayName/name fields: displayName, name, title; brand may need verification: SwipeShop Studio","runtime resolved URL is missing affiliate marker because AMAZON_ASSOC_TAG/VITE_AMAZON_ASSOC_TAG is not set","","","","","","","","",""
"UDmKGt5BjOIaWjgT6AB0","Bold Canvas Art","SwipeShop Studio","Amazon","wall-decor","63.99","picsum.photos","no","https://www.amazon.ca/s?k=Bold%20Canvas%20Art%20SwipeShop%20Studio%20wall_art","no","yes","displayName; name; title","yes","review","fail","no","No visible affiliate marker in purchaseUrl (tag=); duplicate raw purchaseUrl used by multiple products; imageUrl domain differs from merchant domain: picsum.photos; Not swipe eligible; imageApproved is false; isCurated is false; duplicate title/displayName/name fields: displayName, name, title; brand may need verification: SwipeShop Studio","runtime resolved URL is missing affiliate marker because AMAZON_ASSOC_TAG/VITE_AMAZON_ASSOC_TAG is not set","","","","","","","","",""
"UHPoTjsWAhkp6SEaDZZP","Modern Wool Rug","SwipeShop Studio","Amazon","storage","97.99","picsum.photos","no","https://www.amazon.ca/s?k=Modern%20Wool%20Rug%20SwipeShop%20Studio%20rugs","no","yes","displayName; name; title","yes","review","fail","no","No visible affiliate marker in purchaseUrl (tag=); duplicate raw purchaseUrl used by multiple products; imageUrl domain differs from merchant domain: picsum.photos; Not swipe eligible; imageApproved is false; isCurated is false; duplicate title/displayName/name fields: displayName, name, title; brand may need verification: SwipeShop Studio","runtime resolved URL is missing affiliate marker because AMAZON_ASSOC_TAG/VITE_AMAZON_ASSOC_TAG is not set","","","","","","","","",""
"UJ6fbmZ3gwQKBgfYLLg8","Minimal Pendant Light","SwipeShop Studio","Amazon","lighting","89.99","picsum.photos","no","https://www.amazon.ca/s?k=Minimal%20Pendant%20Light%20SwipeShop%20Studio%20Lighting","no","yes","displayName; name; title","yes","review","fail","no","No visible affiliate marker in purchaseUrl (tag=); duplicate raw purchaseUrl used by multiple products; imageUrl domain differs from merchant domain: picsum.photos; Not swipe eligible; imageApproved is false; isCurated is false; duplicate title/displayName/name fields: displayName, name, title; brand may need verification: SwipeShop Studio","runtime resolved URL is missing affiliate marker because AMAZON_ASSOC_TAG/VITE_AMAZON_ASSOC_TAG is not set","","","","","","","","",""
"UX2hJPJ7nSG8esrSTgHu","Minimal Console Table","SwipeShop Studio","Amazon","storage","129.99","picsum.photos","no","https://www.amazon.ca/s?k=Minimal%20Console%20Table%20SwipeShop%20Studio%20Tables","no","yes","displayName; name; title","yes","review","fail","no","No visible affiliate marker in purchaseUrl (tag=); duplicate raw purchaseUrl used by multiple products; imageUrl domain differs from merchant domain: picsum.photos; Not swipe eligible; imageApproved is false; isCurated is false; duplicate title/displayName/name fields: displayName, name, title; brand may need verification: SwipeShop Studio","runtime resolved URL is missing affiliate marker because AMAZON_ASSOC_TAG/VITE_AMAZON_ASSOC_TAG is not set","","","","","","","","",""
"Umm1g8vYl7iP5NOnnQO0","Vintage Pattern Rug","SwipeShop Studio","Amazon","storage","109.99","picsum.photos","no","https://www.amazon.ca/s?k=Vintage%20Pattern%20Rug%20SwipeShop%20Studio%20Rugs","no","yes","displayName; name; title","yes","review","fail","no","No visible affiliate marker in purchaseUrl (tag=); duplicate raw purchaseUrl used by multiple products; imageUrl domain differs from merchant domain: picsum.photos; Not swipe eligible; imageApproved is false; isCurated is false; duplicate title/displayName/name fields: displayName, name, title; brand may need verification: SwipeShop Studio","runtime resolved URL is missing affiliate marker because AMAZON_ASSOC_TAG/VITE_AMAZON_ASSOC_TAG is not set","","","","","","","","",""
"UueI1viRMI0Duzxpg3TM","Modern Stool","SwipeShop Studio","Amazon","storage","158.99","picsum.photos","no","https://www.amazon.ca/s?k=Modern%20Stool%20SwipeShop%20Studio%20seating","no","yes","displayName; name; title","yes","review","fail","no","No visible affiliate marker in purchaseUrl (tag=); duplicate raw purchaseUrl used by multiple products; imageUrl domain differs from merchant domain: picsum.photos; Not swipe eligible; imageApproved is false; isCurated is false; duplicate title/displayName/name fields: displayName, name, title; brand may need verification: SwipeShop Studio","runtime resolved URL is missing affiliate marker because AMAZON_ASSOC_TAG/VITE_AMAZON_ASSOC_TAG is not set","","","","","","","","",""
"Uvao2qupXiHlzErPF5V5","Cozy Wool Rug","SwipeShop Studio","Amazon","storage","82.99","picsum.photos","no","https://www.amazon.ca/s?k=Cozy%20Wool%20Rug%20SwipeShop%20Studio%20rugs","no","yes","displayName; name; title","yes","review","fail","no","No visible affiliate marker in purchaseUrl (tag=); duplicate raw purchaseUrl used by multiple products; imageUrl domain differs from merchant domain: picsum.photos; Not swipe eligible; imageApproved is false; isCurated is false; duplicate title/displayName/name fields: displayName, name, title; brand may need verification: SwipeShop Studio","runtime resolved URL is missing affiliate marker because AMAZON_ASSOC_TAG/VITE_AMAZON_ASSOC_TAG is not set","","","","","","","","",""
"VG0lk5f4d19OqMlNXoNL","Bold Table Lamp","SwipeShop Studio","Amazon","lighting","61.99","picsum.photos","no","https://www.amazon.ca/s?k=Bold%20Table%20Lamp%20SwipeShop%20Studio%20lighting","no","yes","displayName; name; title","yes","review","fail","no","No visible affiliate marker in purchaseUrl (tag=); duplicate raw purchaseUrl used by multiple products; imageUrl domain differs from merchant domain: picsum.photos; Not swipe eligible; imageApproved is false; isCurated is false; duplicate title/displayName/name fields: displayName, name, title; brand may need verification: SwipeShop Studio","runtime resolved URL is missing affiliate marker because AMAZON_ASSOC_TAG/VITE_AMAZON_ASSOC_TAG is not set","","","","","","","","",""
"VHnuiH20ZBKw59LYPi1A","Neutral Side Table","SwipeShop Studio","Amazon","storage","144.99","picsum.photos","no","https://www.amazon.ca/s?k=Neutral%20Side%20Table%20SwipeShop%20Studio%20tables","no","yes","displayName; name; title","yes","review","fail","no","No visible affiliate marker in purchaseUrl (tag=); duplicate raw purchaseUrl used by multiple products; imageUrl domain differs from merchant domain: picsum.photos; Not swipe eligible; imageApproved is false; isCurated is false; duplicate title/displayName/name fields: displayName, name, title; brand may need verification: SwipeShop Studio","runtime resolved URL is missing affiliate marker because AMAZON_ASSOC_TAG/VITE_AMAZON_ASSOC_TAG is not set","","","","","","","","",""
"VKvvkAi4r0pAkIsC59uh","Ceramic Vase (Kitchen Shelf)","SwipeShop Studio","Amazon","shelf-styling","24.99","picsum.photos","no","https://www.amazon.ca/s?k=Ceramic%20Vase%20(Kitchen%20Shelf)%20SwipeShop%20Studio%20Kitchen%20Decor","no","yes","displayName; name; title","yes","review","fail","no","No visible affiliate marker in purchaseUrl (tag=); duplicate raw purchaseUrl used by multiple products; imageUrl domain differs from merchant domain: picsum.photos; Not swipe eligible; imageApproved is false; isCurated is false; duplicate title/displayName/name fields: displayName, name, title; brand may need verification: SwipeShop Studio","runtime resolved URL is missing affiliate marker because AMAZON_ASSOC_TAG/VITE_AMAZON_ASSOC_TAG is not set","","","","","","","","",""
"VhFIYKqZ8u1QxJdVadZc","Minimal Wool Rug","SwipeShop Studio","Amazon","storage","100.99","picsum.photos","no","https://www.amazon.ca/s?k=Minimal%20Wool%20Rug%20SwipeShop%20Studio%20rugs","no","yes","displayName; name; title","yes","review","fail","no","No visible affiliate marker in purchaseUrl (tag=); duplicate raw purchaseUrl used by multiple products; imageUrl domain differs from merchant domain: picsum.photos; Not swipe eligible; imageApproved is false; isCurated is false; duplicate title/displayName/name fields: displayName, name, title; brand may need verification: SwipeShop Studio","runtime resolved URL is missing affiliate marker because AMAZON_ASSOC_TAG/VITE_AMAZON_ASSOC_TAG is not set","","","","","","","","",""
"VtFWEfuFumwsNuE4Awnx","Cozy Kitchen Decor","SwipeShop Studio","Amazon","storage","43.99","picsum.photos","no","https://www.amazon.ca/s?k=Cozy%20Kitchen%20Decor%20SwipeShop%20Studio%20kitchen_decor","no","yes","displayName; name; title","yes","review","fail","no","No visible affiliate marker in purchaseUrl (tag=); duplicate raw purchaseUrl used by multiple products; imageUrl domain differs from merchant domain: picsum.photos; Not swipe eligible; imageApproved is false; isCurated is false; duplicate title/displayName/name fields: displayName, name, title; brand may need verification: SwipeShop Studio","runtime resolved URL is missing affiliate marker because AMAZON_ASSOC_TAG/VITE_AMAZON_ASSOC_TAG is not set","","","","","","","","",""
"W9aIYTCb8sKURxg2PKuP","Soft Console Table","SwipeShop Studio","Amazon","storage","141.99","picsum.photos","no","https://www.amazon.ca/s?k=Soft%20Console%20Table%20SwipeShop%20Studio%20tables","no","yes","displayName; name; title","yes","review","fail","no","No visible affiliate marker in purchaseUrl (tag=); imageUrl domain differs from merchant domain: picsum.photos; Not swipe eligible; imageApproved is false; isCurated is false; duplicate title/displayName/name fields: displayName, name, title; brand may need verification: SwipeShop Studio","runtime resolved URL is missing affiliate marker because AMAZON_ASSOC_TAG/VITE_AMAZON_ASSOC_TAG is not set","","","","","","","","",""
"WQSpAGSEMNDaUZamhpwH","Modern Organizer","SwipeShop Studio","Amazon","storage","47.99","picsum.photos","no","https://www.amazon.ca/s?k=Modern%20Organizer%20SwipeShop%20Studio%20storage","no","yes","displayName; name; title","yes","review","fail","no","No visible affiliate marker in purchaseUrl (tag=); duplicate raw purchaseUrl used by multiple products; imageUrl domain differs from merchant domain: picsum.photos; Not swipe eligible; imageApproved is false; isCurated is false; duplicate title/displayName/name fields: displayName, name, title; brand may need verification: SwipeShop Studio","runtime resolved URL is missing affiliate marker because AMAZON_ASSOC_TAG/VITE_AMAZON_ASSOC_TAG is not set","","","","","","","","",""
"WS9odWgps2KW2xmBqI0U","Bold Canvas Art","SwipeShop Studio","Amazon","wall-decor","51.99","picsum.photos","no","https://www.amazon.ca/s?k=Bold%20Canvas%20Art%20SwipeShop%20Studio%20wall_art","no","yes","displayName; name; title","yes","review","fail","no","No visible affiliate marker in purchaseUrl (tag=); duplicate raw purchaseUrl used by multiple products; imageUrl domain differs from merchant domain: picsum.photos; Not swipe eligible; imageApproved is false; isCurated is false; duplicate title/displayName/name fields: displayName, name, title; brand may need verification: SwipeShop Studio","runtime resolved URL is missing affiliate marker because AMAZON_ASSOC_TAG/VITE_AMAZON_ASSOC_TAG is not set","","","","","","","","",""
"Wp5Hh4nwZWWDScLuEzhV","Bold Side Table","SwipeShop Studio","Amazon","storage","156.99","picsum.photos","no","https://www.amazon.ca/s?k=Bold%20Side%20Table%20SwipeShop%20Studio%20tables","no","yes","displayName; name; title","yes","review","fail","no","No visible affiliate marker in purchaseUrl (tag=); duplicate raw purchaseUrl used by multiple products; imageUrl domain differs from merchant domain: picsum.photos; Not swipe eligible; imageApproved is false; isCurated is false; duplicate title/displayName/name fields: displayName, name, title; brand may need verification: SwipeShop Studio","runtime resolved URL is missing affiliate marker because AMAZON_ASSOC_TAG/VITE_AMAZON_ASSOC_TAG is not set","","","","","","","","",""
"XA63AfhZCwtHjx70onpA","Bold Accent Chair","SwipeShop Studio","Amazon","storage","170.99","picsum.photos","no","https://www.amazon.ca/s?k=Bold%20Accent%20Chair%20SwipeShop%20Studio%20seating","no","yes","displayName; name; title","yes","review","fail","no","No visible affiliate marker in purchaseUrl (tag=); duplicate raw purchaseUrl used by multiple products; imageUrl domain differs from merchant domain: picsum.photos; Not swipe eligible; imageApproved is false; isCurated is false; duplicate title/displayName/name fields: displayName, name, title; brand may need verification: SwipeShop Studio","runtime resolved URL is missing affiliate marker because AMAZON_ASSOC_TAG/VITE_AMAZON_ASSOC_TAG is not set","","","","","","","","",""
"XENh1h4zqTwzlWVMUTwK","Bold Floor Lamp","SwipeShop Studio","Amazon","lighting","52.99","picsum.photos","no","https://www.amazon.ca/s?k=Bold%20Floor%20Lamp%20SwipeShop%20Studio%20lighting","no","yes","displayName; name; title","yes","review","fail","no","No visible affiliate marker in purchaseUrl (tag=); duplicate raw purchaseUrl used by multiple products; imageUrl domain differs from merchant domain: picsum.photos; Not swipe eligible; imageApproved is false; isCurated is false; duplicate title/displayName/name fields: displayName, name, title; brand may need verification: SwipeShop Studio","runtime resolved URL is missing affiliate marker because AMAZON_ASSOC_TAG/VITE_AMAZON_ASSOC_TAG is not set","","","","","","","","",""
"XXsLWfKqrOe2XsE5prLK","Minimal Potted Plant","SwipeShop Studio","Amazon","plants","30.99","picsum.photos","no","https://www.amazon.ca/s?k=Minimal%20Potted%20Plant%20SwipeShop%20Studio%20plants","no","yes","displayName; name; title","yes","review","fail","no","No visible affiliate marker in purchaseUrl (tag=); duplicate raw purchaseUrl used by multiple products; imageUrl domain differs from merchant domain: picsum.photos; Not swipe eligible; imageApproved is false; isCurated is false; duplicate title/displayName/name fields: displayName, name, title; brand may need verification: SwipeShop Studio","runtime resolved URL is missing affiliate marker because AMAZON_ASSOC_TAG/VITE_AMAZON_ASSOC_TAG is not set","","","","","","","","",""
"XZtwaNwm08Gj9ePWXNGp","Classic Accent Chair","SwipeShop Studio","Amazon","storage","167.99","picsum.photos","no","https://www.amazon.ca/s?k=Classic%20Accent%20Chair%20SwipeShop%20Studio%20seating","no","yes","displayName; name; title","yes","review","fail","no","No visible affiliate marker in purchaseUrl (tag=); imageUrl domain differs from merchant domain: picsum.photos; Not swipe eligible; imageApproved is false; isCurated is false; duplicate title/displayName/name fields: displayName, name, title; brand may need verification: SwipeShop Studio","runtime resolved URL is missing affiliate marker because AMAZON_ASSOC_TAG/VITE_AMAZON_ASSOC_TAG is not set","","","","","","","","",""
"XbhDnglPmGeoP21oziIu","Round Wall Mirror","SwipeShop Studio","Amazon","mirrors","59.99","picsum.photos","no","https://www.amazon.ca/s?k=Round%20Wall%20Mirror%20SwipeShop%20Studio%20Mirrors","no","yes","displayName; name; title","yes","review","fail","no","No visible affiliate marker in purchaseUrl (tag=); duplicate raw purchaseUrl used by multiple products; imageUrl domain differs from merchant domain: picsum.photos; Not swipe eligible; imageApproved is false; isCurated is false; duplicate title/displayName/name fields: displayName, name, title; brand may need verification: SwipeShop Studio","runtime resolved URL is missing affiliate marker because AMAZON_ASSOC_TAG/VITE_AMAZON_ASSOC_TAG is not set","","","","","","","","",""
"XgpUDXkN57NeAb4WKd0g","Minimal Wall Poster","SwipeShop Studio","Amazon","wall-decor","48.99","picsum.photos","no","https://www.amazon.ca/s?k=Minimal%20Wall%20Poster%20SwipeShop%20Studio%20wall_art","no","yes","displayName; name; title","yes","review","fail","no","No visible affiliate marker in purchaseUrl (tag=); duplicate raw purchaseUrl used by multiple products; imageUrl domain differs from merchant domain: picsum.photos; Not swipe eligible; imageApproved is false; isCurated is false; duplicate title/displayName/name fields: displayName, name, title; brand may need verification: SwipeShop Studio","runtime resolved URL is missing affiliate marker because AMAZON_ASSOC_TAG/VITE_AMAZON_ASSOC_TAG is not set","","","","","","","","",""
"XnMHSot1mGpUfLEABAOD","Neutral Vanity Mirror","SwipeShop Studio","Amazon","mirrors","83.99","picsum.photos","no","https://www.amazon.ca/s?k=Neutral%20Vanity%20Mirror%20SwipeShop%20Studio%20mirrors","no","yes","displayName; name; title","yes","review","fail","no","No visible affiliate marker in purchaseUrl (tag=); duplicate raw purchaseUrl used by multiple products; imageUrl domain differs from merchant domain: picsum.photos; Not swipe eligible; imageApproved is false; isCurated is false; duplicate title/displayName/name fields: displayName, name, title; brand may need verification: SwipeShop Studio","runtime resolved URL is missing affiliate marker because AMAZON_ASSOC_TAG/VITE_AMAZON_ASSOC_TAG is not set","","","","","","","","",""
"Y45emFk8pvBLwQTABzDs","Classic Floor Lamp","SwipeShop Studio","Amazon","lighting","58.99","picsum.photos","no","https://www.amazon.ca/s?k=Classic%20Floor%20Lamp%20SwipeShop%20Studio%20lighting","no","yes","displayName; name; title","yes","review","fail","no","No visible affiliate marker in purchaseUrl (tag=); duplicate raw purchaseUrl used by multiple products; imageUrl domain differs from merchant domain: picsum.photos; Not swipe eligible; imageApproved is false; isCurated is false; duplicate title/displayName/name fields: displayName, name, title; brand may need verification: SwipeShop Studio","runtime resolved URL is missing affiliate marker because AMAZON_ASSOC_TAG/VITE_AMAZON_ASSOC_TAG is not set","","","","","","","","",""
"Y9DkeoFM4dJwiKRY0gqR","Classic Coffee Table","SwipeShop Studio","Amazon","storage","138.99","picsum.photos","no","https://www.amazon.ca/s?k=Classic%20Coffee%20Table%20SwipeShop%20Studio%20tables","no","yes","displayName; name; title","yes","review","fail","no","No visible affiliate marker in purchaseUrl (tag=); duplicate raw purchaseUrl used by multiple products; imageUrl domain differs from merchant domain: picsum.photos; Not swipe eligible; imageApproved is false; isCurated is false; duplicate title/displayName/name fields: displayName, name, title; brand may need verification: SwipeShop Studio","runtime resolved URL is missing affiliate marker because AMAZON_ASSOC_TAG/VITE_AMAZON_ASSOC_TAG is not set","","","","","","","","",""
"YFoskHPJTgdUzqAAPLOs","Bouclé Accent Chair","SwipeShop Studio","Amazon","storage","229.99","picsum.photos","no","https://www.amazon.ca/s?k=Boucl%C3%A9%20Accent%20Chair%20SwipeShop%20Studio%20Seating","no","yes","displayName; name; title","yes","review","fail","no","No visible affiliate marker in purchaseUrl (tag=); duplicate raw purchaseUrl used by multiple products; imageUrl domain differs from merchant domain: picsum.photos; Not swipe eligible; imageApproved is false; isCurated is false; duplicate title/displayName/name fields: displayName, name, title; brand may need verification: SwipeShop Studio","runtime resolved URL is missing affiliate marker because AMAZON_ASSOC_TAG/VITE_AMAZON_ASSOC_TAG is not set","","","","","","","","",""
"YMwZr5XmQ3QjU3tYIWTM","Ceramic Planter Set (2-pack)","SwipeShop Studio","Amazon","plants","29.99","picsum.photos","no","https://www.amazon.ca/s?k=Ceramic%20Planter%20Set%20(2-pack)%20SwipeShop%20Studio%20Plants","no","yes","displayName; name; title","yes","review","fail","no","No visible affiliate marker in purchaseUrl (tag=); duplicate raw purchaseUrl used by multiple products; imageUrl domain differs from merchant domain: picsum.photos; Not swipe eligible; imageApproved is false; isCurated is false; duplicate title/displayName/name fields: displayName, name, title; brand may need verification: SwipeShop Studio","runtime resolved URL is missing affiliate marker because AMAZON_ASSOC_TAG/VITE_AMAZON_ASSOC_TAG is not set","","","","","","","","",""
"YRMa2MrpePewrUwK3QYJ","Cozy Bench","SwipeShop Studio","Amazon","storage","170.99","picsum.photos","no","https://www.amazon.ca/s?k=Cozy%20Bench%20SwipeShop%20Studio%20seating","no","yes","displayName; name; title","yes","review","fail","no","No visible affiliate marker in purchaseUrl (tag=); duplicate raw purchaseUrl used by multiple products; imageUrl domain differs from merchant domain: picsum.photos; Not swipe eligible; imageApproved is false; isCurated is false; duplicate title/displayName/name fields: displayName, name, title; brand may need verification: SwipeShop Studio","runtime resolved URL is missing affiliate marker because AMAZON_ASSOC_TAG/VITE_AMAZON_ASSOC_TAG is not set","","","","","","","","",""
"YaMxxCu3DU7nuwsb5CVB","Minimal Wool Rug","SwipeShop Studio","Amazon","storage","100.99","picsum.photos","no","https://www.amazon.ca/s?k=Minimal%20Wool%20Rug%20SwipeShop%20Studio%20rugs","no","yes","displayName; name; title","yes","review","fail","no","No visible affiliate marker in purchaseUrl (tag=); duplicate raw purchaseUrl used by multiple products; imageUrl domain differs from merchant domain: picsum.photos; Not swipe eligible; imageApproved is false; isCurated is false; duplicate title/displayName/name fields: displayName, name, title; brand may need verification: SwipeShop Studio","runtime resolved URL is missing affiliate marker because AMAZON_ASSOC_TAG/VITE_AMAZON_ASSOC_TAG is not set","","","","","","","","",""
"YecowXL6FuNdGwIwHEDH","Modern Potted Plant","SwipeShop Studio","Amazon","plants","39.99","picsum.photos","no","https://www.amazon.ca/s?k=Modern%20Potted%20Plant%20SwipeShop%20Studio%20plants","no","yes","displayName; name; title","yes","review","fail","no","No visible affiliate marker in purchaseUrl (tag=); duplicate raw purchaseUrl used by multiple products; imageUrl domain differs from merchant domain: picsum.photos; Not swipe eligible; imageApproved is false; isCurated is false; duplicate title/displayName/name fields: displayName, name, title; brand may need verification: SwipeShop Studio","runtime resolved URL is missing affiliate marker because AMAZON_ASSOC_TAG/VITE_AMAZON_ASSOC_TAG is not set","","","","","","","","",""
"YkhHPWxGxKgxvqTUhTry","Cozy Wool Rug","SwipeShop Studio","Amazon","storage","100.99","picsum.photos","no","https://www.amazon.ca/s?k=Cozy%20Wool%20Rug%20SwipeShop%20Studio%20rugs","no","yes","displayName; name; title","yes","review","fail","no","No visible affiliate marker in purchaseUrl (tag=); duplicate raw purchaseUrl used by multiple products; imageUrl domain differs from merchant domain: picsum.photos; Not swipe eligible; imageApproved is false; isCurated is false; duplicate title/displayName/name fields: displayName, name, title; brand may need verification: SwipeShop Studio","runtime resolved URL is missing affiliate marker because AMAZON_ASSOC_TAG/VITE_AMAZON_ASSOC_TAG is not set","","","","","","","","",""
"YmRxIaSGCenthPq7Y0uB","Bold Indoor Plant","SwipeShop Studio","Amazon","plants","24.99","picsum.photos","no","https://www.amazon.ca/s?k=Bold%20Indoor%20Plant%20SwipeShop%20Studio%20plants","no","yes","displayName; name; title","yes","review","fail","no","No visible affiliate marker in purchaseUrl (tag=); duplicate raw purchaseUrl used by multiple products; imageUrl domain differs from merchant domain: picsum.photos; Not swipe eligible; imageApproved is false; isCurated is false; duplicate title/displayName/name fields: displayName, name, title; brand may need verification: SwipeShop Studio","runtime resolved URL is missing affiliate marker because AMAZON_ASSOC_TAG/VITE_AMAZON_ASSOC_TAG is not set","","","","","","","","",""
"Yq6OK3954O2FlRzjRKdC","Minimal Pillow Set (2-pack)","SwipeShop Studio","Amazon","cozy-bedroom","29.99","picsum.photos","no","https://www.amazon.ca/s?k=Minimal%20Pillow%20Set%20(2-pack)%20SwipeShop%20Studio%20Bedding","no","yes","displayName; name; title","yes","review","fail","no","No visible affiliate marker in purchaseUrl (tag=); duplicate raw purchaseUrl used by multiple products; imageUrl domain differs from merchant domain: picsum.photos; Not swipe eligible; imageApproved is false; isCurated is false; duplicate title/displayName/name fields: displayName, name, title; brand may need verification: SwipeShop Studio","runtime resolved URL is missing affiliate marker because AMAZON_ASSOC_TAG/VITE_AMAZON_ASSOC_TAG is not set","","","","","","","","",""
"YtVL29nE6xDf7KoineFM","Cozy Duvet Set","SwipeShop Studio","Amazon","cozy-bedroom","81.99","picsum.photos","no","https://www.amazon.ca/s?k=Cozy%20Duvet%20Set%20SwipeShop%20Studio%20bedding","no","yes","displayName; name; title","yes","review","fail","no","No visible affiliate marker in purchaseUrl (tag=); duplicate raw purchaseUrl used by multiple products; imageUrl domain differs from merchant domain: picsum.photos; Not swipe eligible; imageApproved is false; isCurated is false; duplicate title/displayName/name fields: displayName, name, title; brand may need verification: SwipeShop Studio","runtime resolved URL is missing affiliate marker because AMAZON_ASSOC_TAG/VITE_AMAZON_ASSOC_TAG is not set","","","","","","","","",""
"YvE475fCziRiv9Whxc85","Modern Console Table","SwipeShop Studio","Amazon","storage","153.99","picsum.photos","no","https://www.amazon.ca/s?k=Modern%20Console%20Table%20SwipeShop%20Studio%20tables","no","yes","displayName; name; title","yes","review","fail","no","No visible affiliate marker in purchaseUrl (tag=); duplicate raw purchaseUrl used by multiple products; imageUrl domain differs from merchant domain: picsum.photos; Not swipe eligible; imageApproved is false; isCurated is false; duplicate title/displayName/name fields: displayName, name, title; brand may need verification: SwipeShop Studio","runtime resolved URL is missing affiliate marker because AMAZON_ASSOC_TAG/VITE_AMAZON_ASSOC_TAG is not set","","","","","","","","",""
"YvletTVSb4y2V93At3zs","Linen Duvet Set","SwipeShop Studio","Amazon","cozy-bedroom","119.99","picsum.photos","no","https://www.amazon.ca/s?k=Linen%20Duvet%20Set%20SwipeShop%20Studio%20Bedding","no","yes","displayName; name; title","yes","review","fail","no","No visible affiliate marker in purchaseUrl (tag=); duplicate raw purchaseUrl used by multiple products; imageUrl domain differs from merchant domain: picsum.photos; Not swipe eligible; imageApproved is false; isCurated is false; duplicate title/displayName/name fields: displayName, name, title; brand may need verification: SwipeShop Studio","runtime resolved URL is missing affiliate marker because AMAZON_ASSOC_TAG/VITE_AMAZON_ASSOC_TAG is not set","","","","","","","","",""
"YwqJSZC0iyA1sVKSngLP","Minimal Stool","SwipeShop Studio","Amazon","storage","170.99","picsum.photos","no","https://www.amazon.ca/s?k=Minimal%20Stool%20SwipeShop%20Studio%20seating","no","yes","displayName; name; title","yes","review","fail","no","No visible affiliate marker in purchaseUrl (tag=); duplicate raw purchaseUrl used by multiple products; imageUrl domain differs from merchant domain: picsum.photos; Not swipe eligible; imageApproved is false; isCurated is false; duplicate title/displayName/name fields: displayName, name, title; brand may need verification: SwipeShop Studio","runtime resolved URL is missing affiliate marker because AMAZON_ASSOC_TAG/VITE_AMAZON_ASSOC_TAG is not set","","","","","","","","",""
"YzwTNCZfBNm9d1jH361I","Minimal Sheet Set","SwipeShop Studio","Amazon","cozy-bedroom","81.99","picsum.photos","no","https://www.amazon.ca/s?k=Minimal%20Sheet%20Set%20SwipeShop%20Studio%20bedding","no","yes","displayName; name; title","yes","review","fail","no","No visible affiliate marker in purchaseUrl (tag=); imageUrl domain differs from merchant domain: picsum.photos; Not swipe eligible; imageApproved is false; isCurated is false; duplicate title/displayName/name fields: displayName, name, title; brand may need verification: SwipeShop Studio","runtime resolved URL is missing affiliate marker because AMAZON_ASSOC_TAG/VITE_AMAZON_ASSOC_TAG is not set","","","","","","","","",""
"Z1hQqKQppIb2GvZf0WtZ","Modern Kitchen Decor","SwipeShop Studio","Amazon","storage","40.99","picsum.photos","no","https://www.amazon.ca/s?k=Modern%20Kitchen%20Decor%20SwipeShop%20Studio%20kitchen_decor","no","yes","displayName; name; title","yes","review","fail","no","No visible affiliate marker in purchaseUrl (tag=); duplicate raw purchaseUrl used by multiple products; imageUrl domain differs from merchant domain: picsum.photos; Not swipe eligible; imageApproved is false; isCurated is false; duplicate title/displayName/name fields: displayName, name, title; brand may need verification: SwipeShop Studio","runtime resolved URL is missing affiliate marker because AMAZON_ASSOC_TAG/VITE_AMAZON_ASSOC_TAG is not set","","","","","","","","",""
"Z5IoBoU02qqJ5PB4FKxj","Classic Area Rug","SwipeShop Studio","Amazon","storage","79.99","picsum.photos","no","https://www.amazon.ca/s?k=Classic%20Area%20Rug%20SwipeShop%20Studio%20rugs","no","yes","displayName; name; title","yes","review","fail","no","No visible affiliate marker in purchaseUrl (tag=); duplicate raw purchaseUrl used by multiple products; imageUrl domain differs from merchant domain: picsum.photos; Not swipe eligible; imageApproved is false; isCurated is false; duplicate title/displayName/name fields: displayName, name, title; brand may need verification: SwipeShop Studio","runtime resolved URL is missing affiliate marker because AMAZON_ASSOC_TAG/VITE_AMAZON_ASSOC_TAG is not set","","","","","","","","",""
"Z5bYHi3h9vXtvdLmqJHA","Modern Pendant Light","SwipeShop Studio","Amazon","lighting","49.99","picsum.photos","no","https://www.amazon.ca/s?k=Modern%20Pendant%20Light%20SwipeShop%20Studio%20lighting","no","yes","displayName; name; title","yes","review","fail","no","No visible affiliate marker in purchaseUrl (tag=); duplicate raw purchaseUrl used by multiple products; imageUrl domain differs from merchant domain: picsum.photos; Not swipe eligible; imageApproved is false; isCurated is false; duplicate title/displayName/name fields: displayName, name, title; brand may need verification: SwipeShop Studio","runtime resolved URL is missing affiliate marker because AMAZON_ASSOC_TAG/VITE_AMAZON_ASSOC_TAG is not set","","","","","","","","",""
"ZDHJpHAXW7JRObMDAKxl","Faux Olive Tree","SwipeShop Studio","Amazon","plants","79.99","picsum.photos","no","https://www.amazon.ca/s?k=Faux%20Olive%20Tree%20SwipeShop%20Studio%20Plants","no","yes","displayName; name; title","yes","review","fail","no","No visible affiliate marker in purchaseUrl (tag=); duplicate raw purchaseUrl used by multiple products; imageUrl domain differs from merchant domain: picsum.photos; Not swipe eligible; imageApproved is false; isCurated is false; duplicate title/displayName/name fields: displayName, name, title; brand may need verification: SwipeShop Studio","runtime resolved URL is missing affiliate marker because AMAZON_ASSOC_TAG/VITE_AMAZON_ASSOC_TAG is not set","","","","","","","","",""
"ZDyjaR2ecEf4Hiww79bo","Classic Serving Tray","SwipeShop Studio","Amazon","storage","37.99","picsum.photos","no","https://www.amazon.ca/s?k=Classic%20Serving%20Tray%20SwipeShop%20Studio%20kitchen_decor","no","yes","displayName; name; title","yes","review","fail","no","No visible affiliate marker in purchaseUrl (tag=); imageUrl domain differs from merchant domain: picsum.photos; Not swipe eligible; imageApproved is false; isCurated is false; duplicate title/displayName/name fields: displayName, name, title; brand may need verification: SwipeShop Studio","runtime resolved URL is missing affiliate marker because AMAZON_ASSOC_TAG/VITE_AMAZON_ASSOC_TAG is not set","","","","","","","","",""
"ZHQQu0drsLfdbG1wVvTx","Modern Side Table","SwipeShop Studio","Amazon","storage","150.99","picsum.photos","no","https://www.amazon.ca/s?k=Modern%20Side%20Table%20SwipeShop%20Studio%20tables","no","yes","displayName; name; title","yes","review","fail","no","No visible affiliate marker in purchaseUrl (tag=); duplicate raw purchaseUrl used by multiple products; imageUrl domain differs from merchant domain: picsum.photos; Not swipe eligible; imageApproved is false; isCurated is false; duplicate title/displayName/name fields: displayName, name, title; brand may need verification: SwipeShop Studio","runtime resolved URL is missing affiliate marker because AMAZON_ASSOC_TAG/VITE_AMAZON_ASSOC_TAG is not set","","","","","","","","",""
"ZMTZ9rPmPnW9rjvkcwkS","Bold Side Table","SwipeShop Studio","Amazon","storage","156.99","picsum.photos","no","https://www.amazon.ca/s?k=Bold%20Side%20Table%20SwipeShop%20Studio%20tables","no","yes","displayName; name; title","yes","review","fail","no","No visible affiliate marker in purchaseUrl (tag=); duplicate raw purchaseUrl used by multiple products; imageUrl domain differs from merchant domain: picsum.photos; Not swipe eligible; imageApproved is false; isCurated is false; duplicate title/displayName/name fields: displayName, name, title; brand may need verification: SwipeShop Studio","runtime resolved URL is missing affiliate marker because AMAZON_ASSOC_TAG/VITE_AMAZON_ASSOC_TAG is not set","","","","","","","","",""
"ZOm6BmGTgOKLxR6wlZoo","Soft Area Rug","SwipeShop Studio","Amazon","storage","100.99","picsum.photos","no","https://www.amazon.ca/s?k=Soft%20Area%20Rug%20SwipeShop%20Studio%20rugs","no","yes","displayName; name; title","yes","review","fail","no","No visible affiliate marker in purchaseUrl (tag=); duplicate raw purchaseUrl used by multiple products; imageUrl domain differs from merchant domain: picsum.photos; Not swipe eligible; imageApproved is false; isCurated is false; duplicate title/displayName/name fields: displayName, name, title; brand may need verification: SwipeShop Studio","runtime resolved URL is missing affiliate marker because AMAZON_ASSOC_TAG/VITE_AMAZON_ASSOC_TAG is not set","","","","","","","","",""
"ZTItaQCUe7vea3t8HFu6","Bold Canvas Art","SwipeShop Studio","Amazon","wall-decor","48.99","picsum.photos","no","https://www.amazon.ca/s?k=Bold%20Canvas%20Art%20SwipeShop%20Studio%20wall_art","no","yes","displayName; name; title","yes","review","fail","no","No visible affiliate marker in purchaseUrl (tag=); duplicate raw purchaseUrl used by multiple products; imageUrl domain differs from merchant domain: picsum.photos; Not swipe eligible; imageApproved is false; isCurated is false; duplicate title/displayName/name fields: displayName, name, title; brand may need verification: SwipeShop Studio","runtime resolved URL is missing affiliate marker because AMAZON_ASSOC_TAG/VITE_AMAZON_ASSOC_TAG is not set","","","","","","","","",""
"ZcXP7VzpDRzm16uExeGj","Soft Organizer","SwipeShop Studio","Amazon","storage","53.99","picsum.photos","no","https://www.amazon.ca/s?k=Soft%20Organizer%20SwipeShop%20Studio%20storage","no","yes","displayName; name; title","yes","review","fail","no","No visible affiliate marker in purchaseUrl (tag=); imageUrl domain differs from merchant domain: picsum.photos; Not swipe eligible; imageApproved is false; isCurated is false; duplicate title/displayName/name fields: displayName, name, title; brand may need verification: SwipeShop Studio","runtime resolved URL is missing affiliate marker because AMAZON_ASSOC_TAG/VITE_AMAZON_ASSOC_TAG is not set","","","","","","","","",""
"ZgYmLLJ39JJ8Rv2Suuis","Cozy Round Mirror","SwipeShop Studio","Amazon","mirrors","71.99","picsum.photos","no","https://www.amazon.ca/s?k=Cozy%20Round%20Mirror%20SwipeShop%20Studio%20mirrors","no","yes","displayName; name; title","yes","review","fail","no","No visible affiliate marker in purchaseUrl (tag=); imageUrl domain differs from merchant domain: picsum.photos; Not swipe eligible; imageApproved is false; isCurated is false; duplicate title/displayName/name fields: displayName, name, title; brand may need verification: SwipeShop Studio","runtime resolved URL is missing affiliate marker because AMAZON_ASSOC_TAG/VITE_AMAZON_ASSOC_TAG is not set","","","","","","","","",""
"ZxIeNU5te8aBHeMNmbfY","Neutral Area Rug","SwipeShop Studio","Amazon","storage","79.99","picsum.photos","no","https://www.amazon.ca/s?k=Neutral%20Area%20Rug%20SwipeShop%20Studio%20Rugs","no","yes","displayName; name; title","yes","review","fail","no","No visible affiliate marker in purchaseUrl (tag=); duplicate raw purchaseUrl used by multiple products; imageUrl domain differs from merchant domain: picsum.photos; Not swipe eligible; imageApproved is false; isCurated is false; duplicate title/displayName/name fields: displayName, name, title; brand may need verification: SwipeShop Studio","runtime resolved URL is missing affiliate marker because AMAZON_ASSOC_TAG/VITE_AMAZON_ASSOC_TAG is not set","","","","","","","","",""
"amZQpAM0J3fwFKjVvT8J","Minimal Bar Stool","SwipeShop Studio","Amazon","storage","89.99","picsum.photos","no","https://www.amazon.ca/s?k=Minimal%20Bar%20Stool%20SwipeShop%20Studio%20Seating","no","yes","displayName; name; title","yes","review","fail","no","No visible affiliate marker in purchaseUrl (tag=); duplicate raw purchaseUrl used by multiple products; imageUrl domain differs from merchant domain: picsum.photos; Not swipe eligible; imageApproved is false; isCurated is false; duplicate title/displayName/name fields: displayName, name, title; brand may need verification: SwipeShop Studio","runtime resolved URL is missing affiliate marker because AMAZON_ASSOC_TAG/VITE_AMAZON_ASSOC_TAG is not set","","","","","","","","",""
"amazon_B06ZYH411W","Command Display Floating Wall Shelves Set","Command","Amazon.ca","wall-decor","25.02","m.media-amazon.com","yes","https://www.amazon.ca/dp/B06ZYH411W","yes","yes","displayName; name; title","no","review","fail","no","No visible affiliate marker in purchaseUrl (tag=); duplicate title/displayName/name fields: displayName, name, title","runtime resolved URL is missing affiliate marker because AMAZON_ASSOC_TAG/VITE_AMAZON_ASSOC_TAG is not set","","","","","","","","",""
"amazon_B07X9JQQZ1","MADIZZ Velvet Throw Pillow Covers Set of 2","MADIZZ","Amazon.ca","cozy-bedroom","24.99","m.media-amazon.com","yes","https://www.amazon.ca/dp/B07X9JQQZ1","yes","yes","displayName; name; title","no","review","fail","no","No visible affiliate marker in purchaseUrl (tag=); duplicate title/displayName/name fields: displayName, name, title","runtime resolved URL is missing affiliate marker because AMAZON_ASSOC_TAG/VITE_AMAZON_ASSOC_TAG is not set","","","","","","","","",""
"amazon_B07Y5HTRVD","Dahey Gold Hanging Round Wall Mirror","Dahey","Amazon.ca","mirrors","22.99","m.media-amazon.com","yes","https://www.amazon.ca/dp/B07Y5HTRVD","yes","yes","displayName; name; title","no","review","fail","no","No visible affiliate marker in purchaseUrl (tag=); duplicate title/displayName/name fields: displayName, name, title","runtime resolved URL is missing affiliate marker because AMAZON_ASSOC_TAG/VITE_AMAZON_ASSOC_TAG is not set","","","","","","","","",""
"amazon_B0848JGM78","COCODOR Flower Reed Diffuser Set White Jasmine","Cocod'or","Amazon.ca","shelf-styling","27.99","m.media-amazon.com","yes","https://www.amazon.ca/dp/B0848JGM78","yes","yes","displayName; name; title","no","review","fail","no","No visible affiliate marker in purchaseUrl (tag=); duplicate title/displayName/name fields: displayName, name, title","runtime resolved URL is missing affiliate marker because AMAZON_ASSOC_TAG/VITE_AMAZON_ASSOC_TAG is not set","","","","","","","","",""
"amazon_B08CMJNDRY","LONGWIN Hanging Gold Circle Mirror","LONGWIN","Amazon.ca","mirrors","32.99","m.media-amazon.com","yes","https://www.amazon.ca/dp/B08CMJNDRY","yes","yes","displayName; name; title","no","review","fail","no","No visible affiliate marker in purchaseUrl (tag=); duplicate title/displayName/name fields: displayName, name, title","runtime resolved URL is missing affiliate marker because AMAZON_ASSOC_TAG/VITE_AMAZON_ASSOC_TAG is not set","","","","","","","","",""
"amazon_B09183JKQ5","Neutral Farmhouse Pillow Covers Set of 4","homefeelzydys","Amazon.ca","cozy-bedroom","16.99","m.media-amazon.com","yes","https://www.amazon.ca/dp/B09183JKQ5","yes","yes","displayName; name; title","no","review","fail","no","No visible affiliate marker in purchaseUrl (tag=); duplicate title/displayName/name fields: displayName, name, title","runtime resolved URL is missing affiliate marker because AMAZON_ASSOC_TAG/VITE_AMAZON_ASSOC_TAG is not set","","","","","","","","",""
"amazon_B09J1FKQL4","Tyawon Glass Flameless LED Candles Pack of 3","Tyawon","Amazon.ca","cozy-bedroom","29.69","m.media-amazon.com","yes","https://www.amazon.ca/dp/B09J1FKQL4","yes","yes","displayName; name; title","no","review","fail","no","No visible affiliate marker in purchaseUrl (tag=); duplicate title/displayName/name fields: displayName, name, title","runtime resolved URL is missing affiliate marker because AMAZON_ASSOC_TAG/VITE_AMAZON_ASSOC_TAG is not set","","","","","","","","",""
"amazon_B09S8W8HK8","Hbnlai 3-Bulb Propagation Station","Hbnlai","Amazon.ca","shelf-styling","19.99","m.media-amazon.com","yes","https://www.amazon.ca/dp/B09S8W8HK8","yes","yes","displayName; name; title","no","review","fail","no","No visible affiliate marker in purchaseUrl (tag=); duplicate title/displayName/name fields: displayName, name, title","runtime resolved URL is missing affiliate marker because AMAZON_ASSOC_TAG/VITE_AMAZON_ASSOC_TAG is not set","","","","","","","","",""
"amazon_B09TZKJ5BG","CEMABT Donut Ceramic Vase","CEMABT","Amazon.ca","shelf-styling","16.99","m.media-amazon.com","yes","https://www.amazon.ca/dp/B09TZKJ5BG","yes","yes","displayName; name; title","no","review","fail","no","No visible affiliate marker in purchaseUrl (tag=); duplicate title/displayName/name fields: displayName, name, title","runtime resolved URL is missing affiliate marker because AMAZON_ASSOC_TAG/VITE_AMAZON_ASSOC_TAG is not set","","","","","","","","",""
"amazon_B0BQ3N3HS1","CEMABT Ceramic Body Face Vase","CEMABT","Amazon.ca","shelf-styling","18.99","m.media-amazon.com","yes","https://www.amazon.ca/dp/B0BQ3N3HS1","yes","yes","displayName; name; title","no","review","fail","no","No visible affiliate marker in purchaseUrl (tag=); duplicate title/displayName/name fields: displayName, name, title","runtime resolved URL is missing affiliate marker because AMAZON_ASSOC_TAG/VITE_AMAZON_ASSOC_TAG is not set","","","","","","","","",""
"amazon_B0BW14CKJ3","OrganiHaus Fabric Storage Bins 3-Pack","OrganiHaus","Amazon.ca","storage","34.99","m.media-amazon.com","yes","https://www.amazon.ca/dp/B0BW14CKJ3","yes","yes","displayName; name; title","no","review","fail","no","No visible affiliate marker in purchaseUrl (tag=); duplicate title/displayName/name fields: displayName, name, title","runtime resolved URL is missing affiliate marker because AMAZON_ASSOC_TAG/VITE_AMAZON_ASSOC_TAG is not set","","","","","","","","",""
"amazon_B0BWXXJZ32","PowerKing 2-Tier Desk Shelf Organizer","PowerKing","Amazon.ca","desk-setup","29.99","m.media-amazon.com","yes","https://www.amazon.ca/dp/B0BWXXJZ32","yes","yes","displayName; name; title","no","review","fail","no","No visible affiliate marker in purchaseUrl (tag=); duplicate title/displayName/name fields: displayName, name, title","runtime resolved URL is missing affiliate marker because AMAZON_ASSOC_TAG/VITE_AMAZON_ASSOC_TAG is not set","","","","","","","","",""
"amazon_B0BXCSW7YV","Quzenu Black and White Boho Wall Art Set","Quzenu","Amazon.ca","wall-decor","24.73","m.media-amazon.com","yes","https://www.amazon.ca/dp/B0BXCSW7YV","yes","yes","displayName; name; title","no","review","fail","no","No visible affiliate marker in purchaseUrl (tag=); duplicate title/displayName/name fields: displayName, name, title","runtime resolved URL is missing affiliate marker because AMAZON_ASSOC_TAG/VITE_AMAZON_ASSOC_TAG is not set","","","","","","","","",""
"amazon_B0BZ8DZV6D","Der Rose 3-Piece Mini Faux Succulent Set","Der Rose","Amazon.ca","plants","19.99","m.media-amazon.com","yes","https://www.amazon.ca/dp/B0BZ8DZV6D","yes","yes","displayName; name; title","no","review","fail","no","No visible affiliate marker in purchaseUrl (tag=); duplicate title/displayName/name fields: displayName, name, title","runtime resolved URL is missing affiliate marker because AMAZON_ASSOC_TAG/VITE_AMAZON_ASSOC_TAG is not set","","","","","","","","",""
"amazon_B0BZTT3MKR","EDISHINE Tripod Table Lamp","EDISHINE","Amazon.ca","lighting","36.99","m.media-amazon.com","yes","https://www.amazon.ca/dp/B0BZTT3MKR","yes","yes","displayName; name; title","no","review","fail","no","No visible affiliate marker in purchaseUrl (tag=); duplicate title/displayName/name fields: displayName, name, title","runtime resolved URL is missing affiliate marker because AMAZON_ASSOC_TAG/VITE_AMAZON_ASSOC_TAG is not set","","","","","","","","",""
"amazon_B0C27CF35D","StorageWorks Fabric Storage Bins 2-Pack","StorageWorks","Amazon.ca","storage","27.35","m.media-amazon.com","yes","https://www.amazon.ca/dp/B0C27CF35D","yes","yes","displayName; name; title","no","review","fail","no","No visible affiliate marker in purchaseUrl (tag=); duplicate title/displayName/name fields: displayName, name, title","runtime resolved URL is missing affiliate marker because AMAZON_ASSOC_TAG/VITE_AMAZON_ASSOC_TAG is not set","","","","","","","","",""
"amazon_B0C5M5HHQT","Lewondr Corduroy Throw Pillow Covers Set of 4","Lewondr","Amazon.ca","cozy-bedroom","24.99","m.media-amazon.com","yes","https://www.amazon.ca/dp/B0C5M5HHQT","yes","yes","displayName; name; title","no","review","fail","no","No visible affiliate marker in purchaseUrl (tag=); duplicate title/displayName/name fields: displayName, name, title","runtime resolved URL is missing affiliate marker because AMAZON_ASSOC_TAG/VITE_AMAZON_ASSOC_TAG is not set","","","","","","","","",""
"amazon_B0C9MJ749Q","LUSHARBOR Battery Powered Table Lamp with Timer","LUSHARBOR","Amazon.ca","lighting","29.99","m.media-amazon.com","yes","https://www.amazon.ca/dp/B0C9MJ749Q","yes","yes","displayName; name; title","no","review","fail","no","No visible affiliate marker in purchaseUrl (tag=); duplicate title/displayName/name fields: displayName, name, title","runtime resolved URL is missing affiliate marker because AMAZON_ASSOC_TAG/VITE_AMAZON_ASSOC_TAG is not set","","","","","","","","",""
"amazon_B0CB7F7G6L","PowerKing White Wood Desk Shelf Organizer","PowerKing","Amazon.ca","desk-setup","25.99","m.media-amazon.com","yes","https://www.amazon.ca/dp/B0CB7F7G6L","yes","yes","displayName; name; title","no","review","fail","no","No visible affiliate marker in purchaseUrl (tag=); duplicate title/displayName/name fields: displayName, name, title","runtime resolved URL is missing affiliate marker because AMAZON_ASSOC_TAG/VITE_AMAZON_ASSOC_TAG is not set","","","","","","","","",""
"amazon_B0CDLP9SQ3","CEREMONY Wooden Incense Holder with Glass Ash Catcher","CEREMONY","Amazon.ca","shelf-styling","23.99","m.media-amazon.com","yes","https://www.amazon.ca/dp/B0CDLP9SQ3","yes","yes","displayName; name; title","no","review","fail","no","No visible affiliate marker in purchaseUrl (tag=); duplicate title/displayName/name fields: displayName, name, title","runtime resolved URL is missing affiliate marker because AMAZON_ASSOC_TAG/VITE_AMAZON_ASSOC_TAG is not set","","","","","","","","",""
"amazon_B0CSXLCL45","Home & Honor Mountain Canvas Wall Art Set","Home & Honor","Amazon.ca","wall-decor","29.84","m.media-amazon.com","yes","https://www.amazon.ca/dp/B0CSXLCL45","yes","yes","displayName; name; title","no","review","fail","no","No visible affiliate marker in purchaseUrl (tag=); duplicate title/displayName/name fields: displayName, name, title","runtime resolved URL is missing affiliate marker because AMAZON_ASSOC_TAG/VITE_AMAZON_ASSOC_TAG is not set","","","","","","","","",""
"amazon_B0CXXD2TFZ","Der Rose 2-Piece Faux Hanging Plant Set","Der Rose","Amazon.ca","plants","26.99","m.media-amazon.com","yes","https://www.amazon.ca/dp/B0CXXD2TFZ","yes","yes","displayName; name; title","no","review","fail","no","No visible affiliate marker in purchaseUrl (tag=); duplicate title/displayName/name fields: displayName, name, title","runtime resolved URL is missing affiliate marker because AMAZON_ASSOC_TAG/VITE_AMAZON_ASSOC_TAG is not set","","","","","","","","",""
"amazon_B0D47BFZ2G","Bwodke Framed Neutral Abstract Wall Art Set","Bwodke","Amazon.ca","wall-decor","19.99","m.media-amazon.com","yes","https://www.amazon.ca/dp/B0D47BFZ2G","yes","yes","displayName; name; title","no","review","fail","no","No visible affiliate marker in purchaseUrl (tag=); duplicate title/displayName/name fields: displayName, name, title","runtime resolved URL is missing affiliate marker because AMAZON_ASSOC_TAG/VITE_AMAZON_ASSOC_TAG is not set","","","","","","","","",""
"amazon_B0D5HWK1XD","HERCHR Bedside Table Lamp","HERCHR","Amazon.ca","lighting","22.39","m.media-amazon.com","yes","https://www.amazon.ca/dp/B0D5HWK1XD","yes","yes","displayName; name; title","no","review","fail","no","No visible affiliate marker in purchaseUrl (tag=); duplicate title/displayName/name fields: displayName, name, title","runtime resolved URL is missing affiliate marker because AMAZON_ASSOC_TAG/VITE_AMAZON_ASSOC_TAG is not set","","","","","","","","",""
"amazon_B0D93DQZQD","Hbluefat 2-Tier Desktop Organizer Shelf","Hbluefat","Amazon.ca","desk-setup","36.8","m.media-amazon.com","yes","https://www.amazon.ca/dp/B0D93DQZQD","yes","yes","displayName; name; title","no","review","fail","no","No visible affiliate marker in purchaseUrl (tag=); duplicate title/displayName/name fields: displayName, name, title","runtime resolved URL is missing affiliate marker because AMAZON_ASSOC_TAG/VITE_AMAZON_ASSOC_TAG is not set","","","","","","","","",""
"amazon_B0DDC6WXLN","Jukercici Collapsible Storage Baskets 2-Pack","Jukercici","Amazon.ca","storage","36.99","m.media-amazon.com","yes","https://www.amazon.ca/dp/B0DDC6WXLN","yes","yes","displayName; name; title","no","review","fail","no","No visible affiliate marker in purchaseUrl (tag=); duplicate title/displayName/name fields: displayName, name, title","runtime resolved URL is missing affiliate marker because AMAZON_ASSOC_TAG/VITE_AMAZON_ASSOC_TAG is not set","","","","","","","","",""
"amazon_B0DFD4XCPB","HOMKOKO Small Storage Box with Handles","HOMKOKO","Amazon.ca","storage","21.49","m.media-amazon.com","yes","https://www.amazon.ca/dp/B0DFD4XCPB","yes","yes","displayName; name; title","no","review","fail","no","No visible affiliate marker in purchaseUrl (tag=); duplicate title/displayName/name fields: displayName, name, title","runtime resolved URL is missing affiliate marker because AMAZON_ASSOC_TAG/VITE_AMAZON_ASSOC_TAG is not set","","","","","","","","",""
"amazon_B0DNLXG9NB","YCHMIR Small Round Wall Mirror","YCHMIR","Amazon.ca","mirrors","21.99","m.media-amazon.com","yes","https://www.amazon.ca/dp/B0DNLXG9NB","yes","yes","displayName; name; title","no","review","fail","no","No visible affiliate marker in purchaseUrl (tag=); duplicate title/displayName/name fields: displayName, name, title","runtime resolved URL is missing affiliate marker because AMAZON_ASSOC_TAG/VITE_AMAZON_ASSOC_TAG is not set","","","","","","","","",""
"amazon_B0F3J3R5J2","MODOJOART Framed Neutral Abstract Canvas Wall Art Set","MODOJOART","Amazon.ca","wall-decor","39.91","m.media-amazon.com","yes","https://www.amazon.ca/dp/B0F3J3R5J2","yes","yes","displayName; name; title","no","review","fail","no","No visible affiliate marker in purchaseUrl (tag=); duplicate title/displayName/name fields: displayName, name, title","runtime resolved URL is missing affiliate marker because AMAZON_ASSOC_TAG/VITE_AMAZON_ASSOC_TAG is not set","","","","","","","","",""
"amazon_B0F5HNF9DN","SEENSINY Rechargeable Cordless Touch Bedside Lamp","SEENSINY","Amazon.ca","lighting","25.99","m.media-amazon.com","yes","https://www.amazon.ca/dp/B0F5HNF9DN","yes","yes","displayName; name; title","no","review","fail","no","No visible affiliate marker in purchaseUrl (tag=); duplicate title/displayName/name fields: displayName, name, title","runtime resolved URL is missing affiliate marker because AMAZON_ASSOC_TAG/VITE_AMAZON_ASSOC_TAG is not set","","","","","","","","",""
"amazon_B0F93NDNTM","EDISHINE 13.4 Inch Wood Table Lamp","EDISHINE","Amazon.ca","lighting","33.99","m.media-amazon.com","yes","https://www.amazon.ca/dp/B0F93NDNTM","yes","yes","displayName; name; title","no","review","fail","no","No visible affiliate marker in purchaseUrl (tag=); duplicate title/displayName/name fields: displayName, name, title","runtime resolved URL is missing affiliate marker because AMAZON_ASSOC_TAG/VITE_AMAZON_ASSOC_TAG is not set","","","","","","","","",""
"amazon_B0FDG5C999","MEKOTRIN Cordless Glass Bedside Table Lamp","MEKOTRIN","Amazon.ca","lighting","35.99","m.media-amazon.com","yes","https://www.amazon.ca/dp/B0FDG5C999","yes","yes","displayName; name; title","no","review","fail","no","No visible affiliate marker in purchaseUrl (tag=); duplicate title/displayName/name fields: displayName, name, title","runtime resolved URL is missing affiliate marker because AMAZON_ASSOC_TAG/VITE_AMAZON_ASSOC_TAG is not set","","","","","","","","",""
"amazon_B0FNN2B414","ESUNYD Candle Warmer Lamp with Timer","ESUNYD","Amazon.ca","lighting","26.99","m.media-amazon.com","yes","https://www.amazon.ca/dp/B0FNN2B414","yes","yes","displayName; name; title","no","review","fail","no","No visible affiliate marker in purchaseUrl (tag=); duplicate title/displayName/name fields: displayName, name, title","runtime resolved URL is missing affiliate marker because AMAZON_ASSOC_TAG/VITE_AMAZON_ASSOC_TAG is not set","","","","","","","","",""
"amazon_B0G8TGGTWG","Erosebridal Abstract Modern Black Beige Canvas Wall Art Set of 3","Erosebridal","Amazon.ca","wall-decor","40.79","m.media-amazon.com","yes","https://www.amazon.ca/dp/B0G8TGGTWG","yes","yes","displayName; name; title","no","review","fail","no","No visible affiliate marker in purchaseUrl (tag=); duplicate title/displayName/name fields: displayName, name, title","runtime resolved URL is missing affiliate marker because AMAZON_ASSOC_TAG/VITE_AMAZON_ASSOC_TAG is not set","","","","","","","","",""
"bBJcJFGmgEoE1ChtyAOn","Classic Planter","SwipeShop Studio","Amazon","plants","39.99","picsum.photos","no","https://www.amazon.ca/s?k=Classic%20Planter%20SwipeShop%20Studio%20plants","no","yes","displayName; name; title","yes","review","fail","no","No visible affiliate marker in purchaseUrl (tag=); duplicate raw purchaseUrl used by multiple products; imageUrl domain differs from merchant domain: picsum.photos; Not swipe eligible; imageApproved is false; isCurated is false; duplicate title/displayName/name fields: displayName, name, title; brand may need verification: SwipeShop Studio","runtime resolved URL is missing affiliate marker because AMAZON_ASSOC_TAG/VITE_AMAZON_ASSOC_TAG is not set","","","","","","","","",""
"bEHvLMnTh6jJz5nHgSmx","Modern Bench","SwipeShop Studio","Amazon","storage","152.99","picsum.photos","no","https://www.amazon.ca/s?k=Modern%20Bench%20SwipeShop%20Studio%20seating","no","yes","displayName; name; title","yes","review","fail","no","No visible affiliate marker in purchaseUrl (tag=); imageUrl domain differs from merchant domain: picsum.photos; Not swipe eligible; imageApproved is false; isCurated is false; duplicate title/displayName/name fields: displayName, name, title; brand may need verification: SwipeShop Studio","runtime resolved URL is missing affiliate marker because AMAZON_ASSOC_TAG/VITE_AMAZON_ASSOC_TAG is not set","","","","","","","","",""
"baEYmrocQmXI8mfbLPN9","Cozy Organizer","SwipeShop Studio","Amazon","storage","29.99","picsum.photos","no","https://www.amazon.ca/s?k=Cozy%20Organizer%20SwipeShop%20Studio%20storage","no","yes","displayName; name; title","yes","review","fail","no","No visible affiliate marker in purchaseUrl (tag=); duplicate raw purchaseUrl used by multiple products; imageUrl domain differs from merchant domain: picsum.photos; Not swipe eligible; imageApproved is false; isCurated is false; duplicate title/displayName/name fields: displayName, name, title; brand may need verification: SwipeShop Studio","runtime resolved URL is missing affiliate marker because AMAZON_ASSOC_TAG/VITE_AMAZON_ASSOC_TAG is not set","","","","","","","","",""
"bcTlOJGTwTXk9TN5CC45","Classic Wall Poster","SwipeShop Studio","Amazon","wall-decor","48.99","picsum.photos","no","https://www.amazon.ca/s?k=Classic%20Wall%20Poster%20SwipeShop%20Studio%20wall_art","no","yes","displayName; name; title","yes","review","fail","no","No visible affiliate marker in purchaseUrl (tag=); duplicate raw purchaseUrl used by multiple products; imageUrl domain differs from merchant domain: picsum.photos; Not swipe eligible; imageApproved is false; isCurated is false; duplicate title/displayName/name fields: displayName, name, title; brand may need verification: SwipeShop Studio","runtime resolved URL is missing affiliate marker because AMAZON_ASSOC_TAG/VITE_AMAZON_ASSOC_TAG is not set","","","","","","","","",""
"c2C0u6TEnrNktMtkOb9r","Minimal Kitchen Decor","SwipeShop Studio","Amazon","storage","34.99","picsum.photos","no","https://www.amazon.ca/s?k=Minimal%20Kitchen%20Decor%20SwipeShop%20Studio%20kitchen_decor","no","yes","displayName; name; title","yes","review","fail","no","No visible affiliate marker in purchaseUrl (tag=); duplicate raw purchaseUrl used by multiple products; imageUrl domain differs from merchant domain: picsum.photos; Not swipe eligible; imageApproved is false; isCurated is false; duplicate title/displayName/name fields: displayName, name, title; brand may need verification: SwipeShop Studio","runtime resolved URL is missing affiliate marker because AMAZON_ASSOC_TAG/VITE_AMAZON_ASSOC_TAG is not set","","","","","","","","",""
"cIeVJ9mW3iuC1cYdJySU","Neutral Wall Poster","SwipeShop Studio","Amazon","wall-decor","54.99","picsum.photos","no","https://www.amazon.ca/s?k=Neutral%20Wall%20Poster%20SwipeShop%20Studio%20wall_art","no","yes","displayName; name; title","yes","review","fail","no","No visible affiliate marker in purchaseUrl (tag=); imageUrl domain differs from merchant domain: picsum.photos; Not swipe eligible; imageApproved is false; isCurated is false; duplicate title/displayName/name fields: displayName, name, title; brand may need verification: SwipeShop Studio","runtime resolved URL is missing affiliate marker because AMAZON_ASSOC_TAG/VITE_AMAZON_ASSOC_TAG is not set","","","","","","","","",""
"cSW416UVLkW9wB19XOUt","Bold Kitchen Decor","SwipeShop Studio","Amazon","storage","28.99","picsum.photos","no","https://www.amazon.ca/s?k=Bold%20Kitchen%20Decor%20SwipeShop%20Studio%20kitchen_decor","no","yes","displayName; name; title","yes","review","fail","no","No visible affiliate marker in purchaseUrl (tag=); duplicate raw purchaseUrl used by multiple products; imageUrl domain differs from merchant domain: picsum.photos; Not swipe eligible; imageApproved is false; isCurated is false; duplicate title/displayName/name fields: displayName, name, title; brand may need verification: SwipeShop Studio","runtime resolved URL is missing affiliate marker because AMAZON_ASSOC_TAG/VITE_AMAZON_ASSOC_TAG is not set","","","","","","","","",""
"cTqVOpeH2ayJtf2x2NIb","Classic Coffee Table","SwipeShop Studio","Amazon","storage","144.99","picsum.photos","no","https://www.amazon.ca/s?k=Classic%20Coffee%20Table%20SwipeShop%20Studio%20tables","no","yes","displayName; name; title","yes","review","fail","no","No visible affiliate marker in purchaseUrl (tag=); duplicate raw purchaseUrl used by multiple products; imageUrl domain differs from merchant domain: picsum.photos; Not swipe eligible; imageApproved is false; isCurated is false; duplicate title/displayName/name fields: displayName, name, title; brand may need verification: SwipeShop Studio","runtime resolved URL is missing affiliate marker because AMAZON_ASSOC_TAG/VITE_AMAZON_ASSOC_TAG is not set","","","","","","","","",""
"d6RzYbC7Z8zDipGVHd0I","Minimal Potted Plant","SwipeShop Studio","Amazon","plants","48.99","picsum.photos","no","https://www.amazon.ca/s?k=Minimal%20Potted%20Plant%20SwipeShop%20Studio%20plants","no","yes","displayName; name; title","yes","review","fail","no","No visible affiliate marker in purchaseUrl (tag=); duplicate raw purchaseUrl used by multiple products; imageUrl domain differs from merchant domain: picsum.photos; Not swipe eligible; imageApproved is false; isCurated is false; duplicate title/displayName/name fields: displayName, name, title; brand may need verification: SwipeShop Studio","runtime resolved URL is missing affiliate marker because AMAZON_ASSOC_TAG/VITE_AMAZON_ASSOC_TAG is not set","","","","","","","","",""
"dE2oETI1TWhenrj8nSqF","Minimal Table Lamp","SwipeShop Studio","Amazon","lighting","52.99","picsum.photos","no","https://www.amazon.ca/s?k=Minimal%20Table%20Lamp%20SwipeShop%20Studio%20lighting","no","yes","displayName; name; title","yes","review","fail","no","No visible affiliate marker in purchaseUrl (tag=); imageUrl domain differs from merchant domain: picsum.photos; Not swipe eligible; imageApproved is false; isCurated is false; duplicate title/displayName/name fields: displayName, name, title; brand may need verification: SwipeShop Studio","runtime resolved URL is missing affiliate marker because AMAZON_ASSOC_TAG/VITE_AMAZON_ASSOC_TAG is not set","","","","","","","","",""
"dJJLDx6BcOxxyI5ShA6R","Cozy Throw Blanket","SwipeShop Studio","Amazon","cozy-bedroom","39.99","picsum.photos","no","https://www.amazon.ca/s?k=Cozy%20Throw%20Blanket%20SwipeShop%20Studio%20Bedding","no","yes","displayName; name; title","yes","review","fail","no","No visible affiliate marker in purchaseUrl (tag=); duplicate raw purchaseUrl used by multiple products; imageUrl domain differs from merchant domain: picsum.photos; Not swipe eligible; imageApproved is false; isCurated is false; duplicate title/displayName/name fields: displayName, name, title; brand may need verification: SwipeShop Studio","runtime resolved URL is missing affiliate marker because AMAZON_ASSOC_TAG/VITE_AMAZON_ASSOC_TAG is not set","","","","","","","","",""
"dLvA7L7anaF7FT6o98aX","Cozy Indoor Plant","SwipeShop Studio","Amazon","plants","45.99","picsum.photos","no","https://www.amazon.ca/s?k=Cozy%20Indoor%20Plant%20SwipeShop%20Studio%20plants","no","yes","displayName; name; title","yes","review","fail","no","No visible affiliate marker in purchaseUrl (tag=); duplicate raw purchaseUrl used by multiple products; imageUrl domain differs from merchant domain: picsum.photos; Not swipe eligible; imageApproved is false; isCurated is false; duplicate title/displayName/name fields: displayName, name, title; brand may need verification: SwipeShop Studio","runtime resolved URL is missing affiliate marker because AMAZON_ASSOC_TAG/VITE_AMAZON_ASSOC_TAG is not set","","","","","","","","",""
"dSpIxVadZkNOfoU6ZOny","Soft Area Rug","SwipeShop Studio","Amazon","storage","100.99","picsum.photos","no","https://www.amazon.ca/s?k=Soft%20Area%20Rug%20SwipeShop%20Studio%20rugs","no","yes","displayName; name; title","yes","review","fail","no","No visible affiliate marker in purchaseUrl (tag=); duplicate raw purchaseUrl used by multiple products; imageUrl domain differs from merchant domain: picsum.photos; Not swipe eligible; imageApproved is false; isCurated is false; duplicate title/displayName/name fields: displayName, name, title; brand may need verification: SwipeShop Studio","runtime resolved URL is missing affiliate marker because AMAZON_ASSOC_TAG/VITE_AMAZON_ASSOC_TAG is not set","","","","","","","","",""
"dVsxPh8k9RHP71k2kLAv","Neutral Ceramic Set","SwipeShop Studio","Amazon","storage","43.99","picsum.photos","no","https://www.amazon.ca/s?k=Neutral%20Ceramic%20Set%20SwipeShop%20Studio%20kitchen_decor","no","yes","displayName; name; title","yes","review","fail","no","No visible affiliate marker in purchaseUrl (tag=); imageUrl domain differs from merchant domain: picsum.photos; Not swipe eligible; imageApproved is false; isCurated is false; duplicate title/displayName/name fields: displayName, name, title; brand may need verification: SwipeShop Studio","runtime resolved URL is missing affiliate marker because AMAZON_ASSOC_TAG/VITE_AMAZON_ASSOC_TAG is not set","","","","","","","","",""
"djCJPyOs5GB8tpqx4XNo","Cozy Indoor Plant","SwipeShop Studio","Amazon","plants","45.99","picsum.photos","no","https://www.amazon.ca/s?k=Cozy%20Indoor%20Plant%20SwipeShop%20Studio%20plants","no","yes","displayName; name; title","yes","review","fail","no","No visible affiliate marker in purchaseUrl (tag=); duplicate raw purchaseUrl used by multiple products; imageUrl domain differs from merchant domain: picsum.photos; Not swipe eligible; imageApproved is false; isCurated is false; duplicate title/displayName/name fields: displayName, name, title; brand may need verification: SwipeShop Studio","runtime resolved URL is missing affiliate marker because AMAZON_ASSOC_TAG/VITE_AMAZON_ASSOC_TAG is not set","","","","","","","","",""
"e92apQTJxx6KcFPBAHoR","Modern Accent Chair","SwipeShop Studio","Amazon","storage","164.99","picsum.photos","no","https://www.amazon.ca/s?k=Modern%20Accent%20Chair%20SwipeShop%20Studio%20seating","no","yes","displayName; name; title","yes","review","fail","no","No visible affiliate marker in purchaseUrl (tag=); duplicate raw purchaseUrl used by multiple products; imageUrl domain differs from merchant domain: picsum.photos; Not swipe eligible; imageApproved is false; isCurated is false; duplicate title/displayName/name fields: displayName, name, title; brand may need verification: SwipeShop Studio","runtime resolved URL is missing affiliate marker because AMAZON_ASSOC_TAG/VITE_AMAZON_ASSOC_TAG is not set","","","","","","","","",""
"eYinwcQCMN8hJ3KtmVj6","Modern Organizer","SwipeShop Studio","Amazon","storage","47.99","picsum.photos","no","https://www.amazon.ca/s?k=Modern%20Organizer%20SwipeShop%20Studio%20storage","no","yes","displayName; name; title","yes","review","fail","no","No visible affiliate marker in purchaseUrl (tag=); duplicate raw purchaseUrl used by multiple products; imageUrl domain differs from merchant domain: picsum.photos; Not swipe eligible; imageApproved is false; isCurated is false; duplicate title/displayName/name fields: displayName, name, title; brand may need verification: SwipeShop Studio","runtime resolved URL is missing affiliate marker because AMAZON_ASSOC_TAG/VITE_AMAZON_ASSOC_TAG is not set","","","","","","","","",""
"ehiiXoBlePcrdKXD8UDe","Bold Framed Print","SwipeShop Studio","Amazon","wall-decor","63.99","picsum.photos","no","https://www.amazon.ca/s?k=Bold%20Framed%20Print%20SwipeShop%20Studio%20wall_art","no","yes","displayName; name; title","yes","review","fail","no","No visible affiliate marker in purchaseUrl (tag=); imageUrl domain differs from merchant domain: picsum.photos; Not swipe eligible; imageApproved is false; isCurated is false; duplicate title/displayName/name fields: displayName, name, title; brand may need verification: SwipeShop Studio","runtime resolved URL is missing affiliate marker because AMAZON_ASSOC_TAG/VITE_AMAZON_ASSOC_TAG is not set","","","","","","","","",""
"eiD5VtLMP1w0FsuRPvKl","Cozy Serving Tray","SwipeShop Studio","Amazon","storage","43.99","picsum.photos","no","https://www.amazon.ca/s?k=Cozy%20Serving%20Tray%20SwipeShop%20Studio%20kitchen_decor","no","yes","displayName; name; title","yes","review","fail","no","No visible affiliate marker in purchaseUrl (tag=); duplicate raw purchaseUrl used by multiple products; imageUrl domain differs from merchant domain: picsum.photos; Not swipe eligible; imageApproved is false; isCurated is false; duplicate title/displayName/name fields: displayName, name, title; brand may need verification: SwipeShop Studio","runtime resolved URL is missing affiliate marker because AMAZON_ASSOC_TAG/VITE_AMAZON_ASSOC_TAG is not set","","","","","","","","",""
"evUTMN0Gr1tHHnx9KVEb","Neutral Pendant Light","SwipeShop Studio","Amazon","lighting","64.99","picsum.photos","no","https://www.amazon.ca/s?k=Neutral%20Pendant%20Light%20SwipeShop%20Studio%20lighting","no","yes","displayName; name; title","yes","review","fail","no","No visible affiliate marker in purchaseUrl (tag=); duplicate raw purchaseUrl used by multiple products; imageUrl domain differs from merchant domain: picsum.photos; Not swipe eligible; imageApproved is false; isCurated is false; duplicate title/displayName/name fields: displayName, name, title; brand may need verification: SwipeShop Studio","runtime resolved URL is missing affiliate marker because AMAZON_ASSOC_TAG/VITE_AMAZON_ASSOC_TAG is not set","","","","","","","","",""
"exYAmdurg6SHcD8lW5rZ","Classic Wall Poster","SwipeShop Studio","Amazon","wall-decor","45.99","picsum.photos","no","https://www.amazon.ca/s?k=Classic%20Wall%20Poster%20SwipeShop%20Studio%20wall_art","no","yes","displayName; name; title","yes","review","fail","no","No visible affiliate marker in purchaseUrl (tag=); duplicate raw purchaseUrl used by multiple products; imageUrl domain differs from merchant domain: picsum.photos; Not swipe eligible; imageApproved is false; isCurated is false; duplicate title/displayName/name fields: displayName, name, title; brand may need verification: SwipeShop Studio","runtime resolved URL is missing affiliate marker because AMAZON_ASSOC_TAG/VITE_AMAZON_ASSOC_TAG is not set","","","","","","","","",""
"ezHm8QS7zTYU0j7RaAEn","Cozy Coffee Table","SwipeShop Studio","Amazon","storage","144.99","picsum.photos","no","https://www.amazon.ca/s?k=Cozy%20Coffee%20Table%20SwipeShop%20Studio%20tables","no","yes","displayName; name; title","yes","review","fail","no","No visible affiliate marker in purchaseUrl (tag=); duplicate raw purchaseUrl used by multiple products; imageUrl domain differs from merchant domain: picsum.photos; Not swipe eligible; imageApproved is false; isCurated is false; duplicate title/displayName/name fields: displayName, name, title; brand may need verification: SwipeShop Studio","runtime resolved URL is missing affiliate marker because AMAZON_ASSOC_TAG/VITE_AMAZON_ASSOC_TAG is not set","","","","","","","","",""
"f8TK3P82TTGRLJ2Njbfi","Soft Framed Print","SwipeShop Studio","Amazon","wall-decor","66.99","picsum.photos","no","https://www.amazon.ca/s?k=Soft%20Framed%20Print%20SwipeShop%20Studio%20wall_art","no","yes","displayName; name; title","yes","review","fail","no","No visible affiliate marker in purchaseUrl (tag=); duplicate raw purchaseUrl used by multiple products; imageUrl domain differs from merchant domain: picsum.photos; Not swipe eligible; imageApproved is false; isCurated is false; duplicate title/displayName/name fields: displayName, name, title; brand may need verification: SwipeShop Studio","runtime resolved URL is missing affiliate marker because AMAZON_ASSOC_TAG/VITE_AMAZON_ASSOC_TAG is not set","","","","","","","","",""
"fAg3kZD0krl9DWXkbOJ1","Modern Ceramic Set","SwipeShop Studio","Amazon","storage","25.99","picsum.photos","no","https://www.amazon.ca/s?k=Modern%20Ceramic%20Set%20SwipeShop%20Studio%20kitchen_decor","no","yes","displayName; name; title","yes","review","fail","no","No visible affiliate marker in purchaseUrl (tag=); duplicate raw purchaseUrl used by multiple products; imageUrl domain differs from merchant domain: picsum.photos; Not swipe eligible; imageApproved is false; isCurated is false; duplicate title/displayName/name fields: displayName, name, title; brand may need verification: SwipeShop Studio","runtime resolved URL is missing affiliate marker because AMAZON_ASSOC_TAG/VITE_AMAZON_ASSOC_TAG is not set","","","","","","","","",""
"fCKgia0uU8LnURx0JZn7","Modern Potted Plant","SwipeShop Studio","Amazon","plants","39.99","picsum.photos","no","https://www.amazon.ca/s?k=Modern%20Potted%20Plant%20SwipeShop%20Studio%20plants","no","yes","displayName; name; title","yes","review","fail","no","No visible affiliate marker in purchaseUrl (tag=); duplicate raw purchaseUrl used by multiple products; imageUrl domain differs from merchant domain: picsum.photos; Not swipe eligible; imageApproved is false; isCurated is false; duplicate title/displayName/name fields: displayName, name, title; brand may need verification: SwipeShop Studio","runtime resolved URL is missing affiliate marker because AMAZON_ASSOC_TAG/VITE_AMAZON_ASSOC_TAG is not set","","","","","","","","",""
"fCng9Vx9Z3UbbHYNi6Iw","Classic Stool","SwipeShop Studio","Amazon","storage","152.99","picsum.photos","no","https://www.amazon.ca/s?k=Classic%20Stool%20SwipeShop%20Studio%20seating","no","yes","displayName; name; title","yes","review","fail","no","No visible affiliate marker in purchaseUrl (tag=); imageUrl domain differs from merchant domain: picsum.photos; Not swipe eligible; imageApproved is false; isCurated is false; duplicate title/displayName/name fields: displayName, name, title; brand may need verification: SwipeShop Studio","runtime resolved URL is missing affiliate marker because AMAZON_ASSOC_TAG/VITE_AMAZON_ASSOC_TAG is not set","","","","","","","","",""
"fDIge9NJQe5hbLkOOkk0","Bold Kitchen Decor","SwipeShop Studio","Amazon","storage","40.99","picsum.photos","no","https://www.amazon.ca/s?k=Bold%20Kitchen%20Decor%20SwipeShop%20Studio%20kitchen_decor","no","yes","displayName; name; title","yes","review","fail","no","No visible affiliate marker in purchaseUrl (tag=); duplicate raw purchaseUrl used by multiple products; imageUrl domain differs from merchant domain: picsum.photos; Not swipe eligible; imageApproved is false; isCurated is false; duplicate title/displayName/name fields: displayName, name, title; brand may need verification: SwipeShop Studio","runtime resolved URL is missing affiliate marker because AMAZON_ASSOC_TAG/VITE_AMAZON_ASSOC_TAG is not set","","","","","","","","",""
"fNN2SOFYrI2xTCnC0C3K","Minimal Area Rug","SwipeShop Studio","Amazon","storage","91.99","picsum.photos","no","https://www.amazon.ca/s?k=Minimal%20Area%20Rug%20SwipeShop%20Studio%20rugs","no","yes","displayName; name; title","yes","review","fail","no","No visible affiliate marker in purchaseUrl (tag=); duplicate raw purchaseUrl used by multiple products; imageUrl domain differs from merchant domain: picsum.photos; Not swipe eligible; imageApproved is false; isCurated is false; duplicate title/displayName/name fields: displayName, name, title; brand may need verification: SwipeShop Studio","runtime resolved URL is missing affiliate marker because AMAZON_ASSOC_TAG/VITE_AMAZON_ASSOC_TAG is not set","","","","","","","","",""
"fWCu6PC8N2Pl7RkGJ8IU","Neutral Framed Print","SwipeShop Studio","Amazon","wall-decor","39.99","picsum.photos","no","https://www.amazon.ca/s?k=Neutral%20Framed%20Print%20SwipeShop%20Studio%20wall_art","no","yes","displayName; name; title","yes","review","fail","no","No visible affiliate marker in purchaseUrl (tag=); duplicate raw purchaseUrl used by multiple products; imageUrl domain differs from merchant domain: picsum.photos; Not swipe eligible; imageApproved is false; isCurated is false; duplicate title/displayName/name fields: displayName, name, title; brand may need verification: SwipeShop Studio","runtime resolved URL is missing affiliate marker because AMAZON_ASSOC_TAG/VITE_AMAZON_ASSOC_TAG is not set","","","","","","","","",""
"fadPUZmlsokUDSNv2lER","Modern Wool Rug","SwipeShop Studio","Amazon","storage","91.99","picsum.photos","no","https://www.amazon.ca/s?k=Modern%20Wool%20Rug%20SwipeShop%20Studio%20rugs","no","yes","displayName; name; title","yes","review","fail","no","No visible affiliate marker in purchaseUrl (tag=); duplicate raw purchaseUrl used by multiple products; imageUrl domain differs from merchant domain: picsum.photos; Not swipe eligible; imageApproved is false; isCurated is false; duplicate title/displayName/name fields: displayName, name, title; brand may need verification: SwipeShop Studio","runtime resolved URL is missing affiliate marker because AMAZON_ASSOC_TAG/VITE_AMAZON_ASSOC_TAG is not set","","","","","","","","",""
"fkBiKSOe3b8ZmdODYORl","Classic Round Mirror","SwipeShop Studio","Amazon","mirrors","65.99","picsum.photos","no","https://www.amazon.ca/s?k=Classic%20Round%20Mirror%20SwipeShop%20Studio%20mirrors","no","yes","displayName; name; title","yes","review","fail","no","No visible affiliate marker in purchaseUrl (tag=); duplicate raw purchaseUrl used by multiple products; imageUrl domain differs from merchant domain: picsum.photos; Not swipe eligible; imageApproved is false; isCurated is false; duplicate title/displayName/name fields: displayName, name, title; brand may need verification: SwipeShop Studio","runtime resolved URL is missing affiliate marker because AMAZON_ASSOC_TAG/VITE_AMAZON_ASSOC_TAG is not set","","","","","","","","",""
"fm0wO52Yq9SfBf7s6C6G","Bold Duvet Set","SwipeShop Studio","Amazon","cozy-bedroom","84.99","picsum.photos","no","https://www.amazon.ca/s?k=Bold%20Duvet%20Set%20SwipeShop%20Studio%20bedding","no","yes","displayName; name; title","yes","review","fail","no","No visible affiliate marker in purchaseUrl (tag=); duplicate raw purchaseUrl used by multiple products; imageUrl domain differs from merchant domain: picsum.photos; Not swipe eligible; imageApproved is false; isCurated is false; duplicate title/displayName/name fields: displayName, name, title; brand may need verification: SwipeShop Studio","runtime resolved URL is missing affiliate marker because AMAZON_ASSOC_TAG/VITE_AMAZON_ASSOC_TAG is not set","","","","","","","","",""
"fsIp7mcV3guTdDuZRsC6","Cozy Wall Poster","SwipeShop Studio","Amazon","wall-decor","63.99","picsum.photos","no","https://www.amazon.ca/s?k=Cozy%20Wall%20Poster%20SwipeShop%20Studio%20wall_art","no","yes","displayName; name; title","yes","review","fail","no","No visible affiliate marker in purchaseUrl (tag=); duplicate raw purchaseUrl used by multiple products; imageUrl domain differs from merchant domain: picsum.photos; Not swipe eligible; imageApproved is false; isCurated is false; duplicate title/displayName/name fields: displayName, name, title; brand may need verification: SwipeShop Studio","runtime resolved URL is missing affiliate marker because AMAZON_ASSOC_TAG/VITE_AMAZON_ASSOC_TAG is not set","","","","","","","","",""
"fvSvoYHs4RW3kJOpi3uD","Classic Planter","SwipeShop Studio","Amazon","plants","45.99","picsum.photos","no","https://www.amazon.ca/s?k=Classic%20Planter%20SwipeShop%20Studio%20plants","no","yes","displayName; name; title","yes","review","fail","no","No visible affiliate marker in purchaseUrl (tag=); duplicate raw purchaseUrl used by multiple products; imageUrl domain differs from merchant domain: picsum.photos; Not swipe eligible; imageApproved is false; isCurated is false; duplicate title/displayName/name fields: displayName, name, title; brand may need verification: SwipeShop Studio","runtime resolved URL is missing affiliate marker because AMAZON_ASSOC_TAG/VITE_AMAZON_ASSOC_TAG is not set","","","","","","","","",""
"fypdZDGOB9Tf2R429oTb","Soft Table Lamp","SwipeShop Studio","Amazon","lighting","73.99","picsum.photos","no","https://www.amazon.ca/s?k=Soft%20Table%20Lamp%20SwipeShop%20Studio%20lighting","no","yes","displayName; name; title","yes","review","fail","no","No visible affiliate marker in purchaseUrl (tag=); duplicate raw purchaseUrl used by multiple products; imageUrl domain differs from merchant domain: picsum.photos; Not swipe eligible; imageApproved is false; isCurated is false; duplicate title/displayName/name fields: displayName, name, title; brand may need verification: SwipeShop Studio","runtime resolved URL is missing affiliate marker because AMAZON_ASSOC_TAG/VITE_AMAZON_ASSOC_TAG is not set","","","","","","","","",""
"gMOhJXi13l71tuAqNWfa","Minimal Bar Stool","SwipeShop Studio","Amazon","storage","89.99","picsum.photos","no","https://www.amazon.ca/s?k=Minimal%20Bar%20Stool%20SwipeShop%20Studio%20Seating","no","yes","displayName; name; title","yes","review","fail","no","No visible affiliate marker in purchaseUrl (tag=); duplicate raw purchaseUrl used by multiple products; imageUrl domain differs from merchant domain: picsum.photos; Not swipe eligible; imageApproved is false; isCurated is false; duplicate title/displayName/name fields: displayName, name, title; brand may need verification: SwipeShop Studio","runtime resolved URL is missing affiliate marker because AMAZON_ASSOC_TAG/VITE_AMAZON_ASSOC_TAG is not set","","","","","","","","",""
"gmgVpmsOPqtsGXiHMhMH","Cozy Pillow Set","SwipeShop Studio","Amazon","cozy-bedroom","69.99","picsum.photos","no","https://www.amazon.ca/s?k=Cozy%20Pillow%20Set%20SwipeShop%20Studio%20bedding","no","yes","displayName; name; title","yes","review","fail","no","No visible affiliate marker in purchaseUrl (tag=); duplicate raw purchaseUrl used by multiple products; imageUrl domain differs from merchant domain: picsum.photos; Not swipe eligible; imageApproved is false; isCurated is false; duplicate title/displayName/name fields: displayName, name, title; brand may need verification: SwipeShop Studio","runtime resolved URL is missing affiliate marker because AMAZON_ASSOC_TAG/VITE_AMAZON_ASSOC_TAG is not set","","","","","","","","",""
"goK3cJM1yFsHpeRVuPH7","Classic Planter","SwipeShop Studio","Amazon","plants","45.99","picsum.photos","no","https://www.amazon.ca/s?k=Classic%20Planter%20SwipeShop%20Studio%20plants","no","yes","displayName; name; title","yes","review","fail","no","No visible affiliate marker in purchaseUrl (tag=); duplicate raw purchaseUrl used by multiple products; imageUrl domain differs from merchant domain: picsum.photos; Not swipe eligible; imageApproved is false; isCurated is false; duplicate title/displayName/name fields: displayName, name, title; brand may need verification: SwipeShop Studio","runtime resolved URL is missing affiliate marker because AMAZON_ASSOC_TAG/VITE_AMAZON_ASSOC_TAG is not set","","","","","","","","",""
"gqdVaZuwzQBv2APnUjHZ","Minimal Round Mirror","SwipeShop Studio","Amazon","mirrors","68.99","picsum.photos","no","https://www.amazon.ca/s?k=Minimal%20Round%20Mirror%20SwipeShop%20Studio%20mirrors","no","yes","displayName; name; title","yes","review","fail","no","No visible affiliate marker in purchaseUrl (tag=); duplicate raw purchaseUrl used by multiple products; imageUrl domain differs from merchant domain: picsum.photos; Not swipe eligible; imageApproved is false; isCurated is false; duplicate title/displayName/name fields: displayName, name, title; brand may need verification: SwipeShop Studio","runtime resolved URL is missing affiliate marker because AMAZON_ASSOC_TAG/VITE_AMAZON_ASSOC_TAG is not set","","","","","","","","",""
"h4HaZTwUImEqrxZvFnsY","Arched Mirror","SwipeShop Studio","Amazon","mirrors","109.99","picsum.photos","no","https://www.amazon.ca/s?k=Arched%20Mirror%20SwipeShop%20Studio%20Mirrors","no","yes","displayName; name; title","yes","review","fail","no","No visible affiliate marker in purchaseUrl (tag=); duplicate raw purchaseUrl used by multiple products; imageUrl domain differs from merchant domain: picsum.photos; Not swipe eligible; imageApproved is false; isCurated is false; duplicate title/displayName/name fields: displayName, name, title; brand may need verification: SwipeShop Studio","runtime resolved URL is missing affiliate marker because AMAZON_ASSOC_TAG/VITE_AMAZON_ASSOC_TAG is not set","","","","","","","","",""
"h4MgW7vY86kEVlsq86NC","Ceramic Planter Set (2-pack)","SwipeShop Studio","Amazon","plants","29.99","picsum.photos","no","https://www.amazon.ca/s?k=Ceramic%20Planter%20Set%20(2-pack)%20SwipeShop%20Studio%20Plants","no","yes","displayName; name; title","yes","review","fail","no","No visible affiliate marker in purchaseUrl (tag=); duplicate raw purchaseUrl used by multiple products; imageUrl domain differs from merchant domain: picsum.photos; Not swipe eligible; imageApproved is false; isCurated is false; duplicate title/displayName/name fields: displayName, name, title; brand may need verification: SwipeShop Studio","runtime resolved URL is missing affiliate marker because AMAZON_ASSOC_TAG/VITE_AMAZON_ASSOC_TAG is not set","","","","","","","","",""
"hClbsMUN6VzxFFqMl7OM","Soft Serving Tray","SwipeShop Studio","Amazon","storage","46.99","picsum.photos","no","https://www.amazon.ca/s?k=Soft%20Serving%20Tray%20SwipeShop%20Studio%20kitchen_decor","no","yes","displayName; name; title","yes","review","fail","no","No visible affiliate marker in purchaseUrl (tag=); duplicate raw purchaseUrl used by multiple products; imageUrl domain differs from merchant domain: picsum.photos; Not swipe eligible; imageApproved is false; isCurated is false; duplicate title/displayName/name fields: displayName, name, title; brand may need verification: SwipeShop Studio","runtime resolved URL is missing affiliate marker because AMAZON_ASSOC_TAG/VITE_AMAZON_ASSOC_TAG is not set","","","","","","","","",""
"hPSW87SjLMTvm4rK6uES","Cozy Pillow Set","SwipeShop Studio","Amazon","cozy-bedroom","69.99","picsum.photos","no","https://www.amazon.ca/s?k=Cozy%20Pillow%20Set%20SwipeShop%20Studio%20bedding","no","yes","displayName; name; title","yes","review","fail","no","No visible affiliate marker in purchaseUrl (tag=); duplicate raw purchaseUrl used by multiple products; imageUrl domain differs from merchant domain: picsum.photos; Not swipe eligible; imageApproved is false; isCurated is false; duplicate title/displayName/name fields: displayName, name, title; brand may need verification: SwipeShop Studio","runtime resolved URL is missing affiliate marker because AMAZON_ASSOC_TAG/VITE_AMAZON_ASSOC_TAG is not set","","","","","","","","",""
"hgYPCqdL2GNdNrpducoh","Bold Console Table","SwipeShop Studio","Amazon","storage","153.99","picsum.photos","no","https://www.amazon.ca/s?k=Bold%20Console%20Table%20SwipeShop%20Studio%20tables","no","yes","displayName; name; title","yes","review","fail","no","No visible affiliate marker in purchaseUrl (tag=); duplicate raw purchaseUrl used by multiple products; imageUrl domain differs from merchant domain: picsum.photos; Not swipe eligible; imageApproved is false; isCurated is false; duplicate title/displayName/name fields: displayName, name, title; brand may need verification: SwipeShop Studio","runtime resolved URL is missing affiliate marker because AMAZON_ASSOC_TAG/VITE_AMAZON_ASSOC_TAG is not set","","","","","","","","",""
"hvZH5FPxw5aVhaRbDXf6","Ceramic Vase (Kitchen Shelf)","SwipeShop Studio","Amazon","shelf-styling","24.99","picsum.photos","no","https://www.amazon.ca/s?k=Ceramic%20Vase%20(Kitchen%20Shelf)%20SwipeShop%20Studio%20Kitchen%20Decor","no","yes","displayName; name; title","yes","review","fail","no","No visible affiliate marker in purchaseUrl (tag=); duplicate raw purchaseUrl used by multiple products; imageUrl domain differs from merchant domain: picsum.photos; Not swipe eligible; imageApproved is false; isCurated is false; duplicate title/displayName/name fields: displayName, name, title; brand may need verification: SwipeShop Studio","runtime resolved URL is missing affiliate marker because AMAZON_ASSOC_TAG/VITE_AMAZON_ASSOC_TAG is not set","","","","","","","","",""
"i8u5l11SH07cIjZM9fPv","Soft Planter","SwipeShop Studio","Amazon","plants","42.99","picsum.photos","no","https://www.amazon.ca/s?k=Soft%20Planter%20SwipeShop%20Studio%20plants","no","yes","displayName; name; title","yes","review","fail","no","No visible affiliate marker in purchaseUrl (tag=); duplicate raw purchaseUrl used by multiple products; imageUrl domain differs from merchant domain: picsum.photos; Not swipe eligible; imageApproved is false; isCurated is false; duplicate title/displayName/name fields: displayName, name, title; brand may need verification: SwipeShop Studio","runtime resolved URL is missing affiliate marker because AMAZON_ASSOC_TAG/VITE_AMAZON_ASSOC_TAG is not set","","","","","","","","",""
"iAQnKjN1USV0ZZRG7Fyo","Modern Stool","SwipeShop Studio","Amazon","storage","161.99","picsum.photos","no","https://www.amazon.ca/s?k=Modern%20Stool%20SwipeShop%20Studio%20seating","no","yes","displayName; name; title","yes","review","fail","no","No visible affiliate marker in purchaseUrl (tag=); duplicate raw purchaseUrl used by multiple products; imageUrl domain differs from merchant domain: picsum.photos; Not swipe eligible; imageApproved is false; isCurated is false; duplicate title/displayName/name fields: displayName, name, title; brand may need verification: SwipeShop Studio","runtime resolved URL is missing affiliate marker because AMAZON_ASSOC_TAG/VITE_AMAZON_ASSOC_TAG is not set","","","","","","","","",""
"iDJYYD0yYoGqEVnk2x5i","Bold Sheet Set","SwipeShop Studio","Amazon","cozy-bedroom","93.99","picsum.photos","no","https://www.amazon.ca/s?k=Bold%20Sheet%20Set%20SwipeShop%20Studio%20bedding","no","yes","displayName; name; title","yes","review","fail","no","No visible affiliate marker in purchaseUrl (tag=); duplicate raw purchaseUrl used by multiple products; imageUrl domain differs from merchant domain: picsum.photos; Not swipe eligible; imageApproved is false; isCurated is false; duplicate title/displayName/name fields: displayName, name, title; brand may need verification: SwipeShop Studio","runtime resolved URL is missing affiliate marker because AMAZON_ASSOC_TAG/VITE_AMAZON_ASSOC_TAG is not set","","","","","","","","",""
"iPdmTP3FQATwWPwNlXd4","Minimal Kitchen Decor","SwipeShop Studio","Amazon","storage","31.99","picsum.photos","no","https://www.amazon.ca/s?k=Minimal%20Kitchen%20Decor%20SwipeShop%20Studio%20kitchen_decor","no","yes","displayName; name; title","yes","review","fail","no","No visible affiliate marker in purchaseUrl (tag=); duplicate raw purchaseUrl used by multiple products; imageUrl domain differs from merchant domain: picsum.photos; Not swipe eligible; imageApproved is false; isCurated is false; duplicate title/displayName/name fields: displayName, name, title; brand may need verification: SwipeShop Studio","runtime resolved URL is missing affiliate marker because AMAZON_ASSOC_TAG/VITE_AMAZON_ASSOC_TAG is not set","","","","","","","","",""
"iSLbK0APbL2ClB8p7Lpn","Soft Coffee Table","SwipeShop Studio","Amazon","storage","147.99","picsum.photos","no","https://www.amazon.ca/s?k=Soft%20Coffee%20Table%20SwipeShop%20Studio%20tables","no","yes","displayName; name; title","yes","review","fail","no","No visible affiliate marker in purchaseUrl (tag=); duplicate raw purchaseUrl used by multiple products; imageUrl domain differs from merchant domain: picsum.photos; Not swipe eligible; imageApproved is false; isCurated is false; duplicate title/displayName/name fields: displayName, name, title; brand may need verification: SwipeShop Studio","runtime resolved URL is missing affiliate marker because AMAZON_ASSOC_TAG/VITE_AMAZON_ASSOC_TAG is not set","","","","","","","","",""
"iY3yCH7AFRM56AqBZ641","Full Length Mirror","SwipeShop Studio","Amazon","mirrors","89.99","picsum.photos","no","https://www.amazon.ca/s?k=Full%20Length%20Mirror%20SwipeShop%20Studio%20Mirrors","no","yes","displayName; name; title","yes","review","fail","no","No visible affiliate marker in purchaseUrl (tag=); duplicate raw purchaseUrl used by multiple products; imageUrl domain differs from merchant domain: picsum.photos; Not swipe eligible; imageApproved is false; isCurated is false; duplicate title/displayName/name fields: displayName, name, title; brand may need verification: SwipeShop Studio","runtime resolved URL is missing affiliate marker because AMAZON_ASSOC_TAG/VITE_AMAZON_ASSOC_TAG is not set","","","","","","","","",""
"iezzTOe7FzWDQ6P1AtZu","Classic Floor Lamp","SwipeShop Studio","Amazon","lighting","58.99","picsum.photos","no","https://www.amazon.ca/s?k=Classic%20Floor%20Lamp%20SwipeShop%20Studio%20lighting","no","yes","displayName; name; title","yes","review","fail","no","No visible affiliate marker in purchaseUrl (tag=); duplicate raw purchaseUrl used by multiple products; imageUrl domain differs from merchant domain: picsum.photos; Not swipe eligible; imageApproved is false; isCurated is false; duplicate title/displayName/name fields: displayName, name, title; brand may need verification: SwipeShop Studio","runtime resolved URL is missing affiliate marker because AMAZON_ASSOC_TAG/VITE_AMAZON_ASSOC_TAG is not set","","","","","","","","",""
"iiqupkXqIvwntpy6QTjM","Soft Storage Basket","SwipeShop Studio","Amazon","storage","41.99","picsum.photos","no","https://www.amazon.ca/s?k=Soft%20Storage%20Basket%20SwipeShop%20Studio%20storage","no","yes","displayName; name; title","yes","review","fail","no","No visible affiliate marker in purchaseUrl (tag=); duplicate raw purchaseUrl used by multiple products; imageUrl domain differs from merchant domain: picsum.photos; Not swipe eligible; imageApproved is false; isCurated is false; duplicate title/displayName/name fields: displayName, name, title; brand may need verification: SwipeShop Studio","runtime resolved URL is missing affiliate marker because AMAZON_ASSOC_TAG/VITE_AMAZON_ASSOC_TAG is not set","","","","","","","","",""
"itT0wBkCb2u0Ee3g7Gkp","Neutral Shelf Unit","SwipeShop Studio","Amazon","storage","56.99","picsum.photos","no","https://www.amazon.ca/s?k=Neutral%20Shelf%20Unit%20SwipeShop%20Studio%20storage","no","yes","displayName; name; title","yes","review","fail","no","No visible affiliate marker in purchaseUrl (tag=); imageUrl domain differs from merchant domain: picsum.photos; Not swipe eligible; imageApproved is false; isCurated is false; duplicate title/displayName/name fields: displayName, name, title; brand may need verification: SwipeShop Studio","runtime resolved URL is missing affiliate marker because AMAZON_ASSOC_TAG/VITE_AMAZON_ASSOC_TAG is not set","","","","","","","","",""
"j5xKjplgJMXR46MMZwM9","Soft Wool Rug","SwipeShop Studio","Amazon","storage","97.99","picsum.photos","no","https://www.amazon.ca/s?k=Soft%20Wool%20Rug%20SwipeShop%20Studio%20rugs","no","yes","displayName; name; title","yes","review","fail","no","No visible affiliate marker in purchaseUrl (tag=); duplicate raw purchaseUrl used by multiple products; imageUrl domain differs from merchant domain: picsum.photos; Not swipe eligible; imageApproved is false; isCurated is false; duplicate title/displayName/name fields: displayName, name, title; brand may need verification: SwipeShop Studio","runtime resolved URL is missing affiliate marker because AMAZON_ASSOC_TAG/VITE_AMAZON_ASSOC_TAG is not set","","","","","","","","",""
"j660fIjW9s5KXc6Oq82W","Bold Console Table","SwipeShop Studio","Amazon","storage","138.99","picsum.photos","no","https://www.amazon.ca/s?k=Bold%20Console%20Table%20SwipeShop%20Studio%20tables","no","yes","displayName; name; title","yes","review","fail","no","No visible affiliate marker in purchaseUrl (tag=); duplicate raw purchaseUrl used by multiple products; imageUrl domain differs from merchant domain: picsum.photos; Not swipe eligible; imageApproved is false; isCurated is false; duplicate title/displayName/name fields: displayName, name, title; brand may need verification: SwipeShop Studio","runtime resolved URL is missing affiliate marker because AMAZON_ASSOC_TAG/VITE_AMAZON_ASSOC_TAG is not set","","","","","","","","",""
"jLedbnsbpiTFlpfcthUi","Classic Console Table","SwipeShop Studio","Amazon","storage","138.99","picsum.photos","no","https://www.amazon.ca/s?k=Classic%20Console%20Table%20SwipeShop%20Studio%20tables","no","yes","displayName; name; title","yes","review","fail","no","No visible affiliate marker in purchaseUrl (tag=); duplicate raw purchaseUrl used by multiple products; imageUrl domain differs from merchant domain: picsum.photos; Not swipe eligible; imageApproved is false; isCurated is false; duplicate title/displayName/name fields: displayName, name, title; brand may need verification: SwipeShop Studio","runtime resolved URL is missing affiliate marker because AMAZON_ASSOC_TAG/VITE_AMAZON_ASSOC_TAG is not set","","","","","","","","",""
"jMLLs94urvkN3RH7Ycgr","Arc Floor Lamp","SwipeShop Studio","Amazon","lighting","129.99","picsum.photos","no","https://www.amazon.ca/s?k=Arc%20Floor%20Lamp%20SwipeShop%20Studio%20Lighting","no","yes","displayName; name; title","yes","review","fail","no","No visible affiliate marker in purchaseUrl (tag=); duplicate raw purchaseUrl used by multiple products; imageUrl domain differs from merchant domain: picsum.photos; Not swipe eligible; imageApproved is false; isCurated is false; duplicate title/displayName/name fields: displayName, name, title; brand may need verification: SwipeShop Studio","runtime resolved URL is missing affiliate marker because AMAZON_ASSOC_TAG/VITE_AMAZON_ASSOC_TAG is not set","","","","","","","","",""
"jNGlFh5uBpPh86Q3etwe","Modern Framed Print","SwipeShop Studio","Amazon","wall-decor","60.99","picsum.photos","no","https://www.amazon.ca/s?k=Modern%20Framed%20Print%20SwipeShop%20Studio%20wall_art","no","yes","displayName; name; title","yes","review","fail","no","No visible affiliate marker in purchaseUrl (tag=); duplicate raw purchaseUrl used by multiple products; imageUrl domain differs from merchant domain: picsum.photos; Not swipe eligible; imageApproved is false; isCurated is false; duplicate title/displayName/name fields: displayName, name, title; brand may need verification: SwipeShop Studio","runtime resolved URL is missing affiliate marker because AMAZON_ASSOC_TAG/VITE_AMAZON_ASSOC_TAG is not set","","","","","","","","",""
"jUv8CgnOD9CDqMFaokS5","Soft Floor Lamp","SwipeShop Studio","Amazon","lighting","73.99","picsum.photos","no","https://www.amazon.ca/s?k=Soft%20Floor%20Lamp%20SwipeShop%20Studio%20lighting","no","yes","displayName; name; title","yes","review","fail","no","No visible affiliate marker in purchaseUrl (tag=); duplicate raw purchaseUrl used by multiple products; imageUrl domain differs from merchant domain: picsum.photos; Not swipe eligible; imageApproved is false; isCurated is false; duplicate title/displayName/name fields: displayName, name, title; brand may need verification: SwipeShop Studio","runtime resolved URL is missing affiliate marker because AMAZON_ASSOC_TAG/VITE_AMAZON_ASSOC_TAG is not set","","","","","","","","",""
"jWrPWKtOd9Qnmp3sU8L9","Modern Wool Rug","SwipeShop Studio","Amazon","storage","103.99","picsum.photos","no","https://www.amazon.ca/s?k=Modern%20Wool%20Rug%20SwipeShop%20Studio%20rugs","no","yes","displayName; name; title","yes","review","fail","no","No visible affiliate marker in purchaseUrl (tag=); duplicate raw purchaseUrl used by multiple products; imageUrl domain differs from merchant domain: picsum.photos; Not swipe eligible; imageApproved is false; isCurated is false; duplicate title/displayName/name fields: displayName, name, title; brand may need verification: SwipeShop Studio","runtime resolved URL is missing affiliate marker because AMAZON_ASSOC_TAG/VITE_AMAZON_ASSOC_TAG is not set","","","","","","","","",""
"jbClP7bczM4DOCn8E4aN","Classic Duvet Set","SwipeShop Studio","Amazon","cozy-bedroom","84.99","picsum.photos","no","https://www.amazon.ca/s?k=Classic%20Duvet%20Set%20SwipeShop%20Studio%20bedding","no","yes","displayName; name; title","yes","review","fail","no","No visible affiliate marker in purchaseUrl (tag=); imageUrl domain differs from merchant domain: picsum.photos; Not swipe eligible; imageApproved is false; isCurated is false; duplicate title/displayName/name fields: displayName, name, title; brand may need verification: SwipeShop Studio","runtime resolved URL is missing affiliate marker because AMAZON_ASSOC_TAG/VITE_AMAZON_ASSOC_TAG is not set","","","","","","","","",""
"k3Ioxuhn51vAJsBYguXt","Minimal Organizer","SwipeShop Studio","Amazon","storage","41.99","picsum.photos","no","https://www.amazon.ca/s?k=Minimal%20Organizer%20SwipeShop%20Studio%20storage","no","yes","displayName; name; title","yes","review","fail","no","No visible affiliate marker in purchaseUrl (tag=); duplicate raw purchaseUrl used by multiple products; imageUrl domain differs from merchant domain: picsum.photos; Not swipe eligible; imageApproved is false; isCurated is false; duplicate title/displayName/name fields: displayName, name, title; brand may need verification: SwipeShop Studio","runtime resolved URL is missing affiliate marker because AMAZON_ASSOC_TAG/VITE_AMAZON_ASSOC_TAG is not set","","","","","","","","",""
"k47aOiIE7dctCAU01BY8","Classic Bench","SwipeShop Studio","Amazon","storage","149.99","picsum.photos","no","https://www.amazon.ca/s?k=Classic%20Bench%20SwipeShop%20Studio%20seating","no","yes","displayName; name; title","yes","review","fail","no","No visible affiliate marker in purchaseUrl (tag=); duplicate raw purchaseUrl used by multiple products; imageUrl domain differs from merchant domain: picsum.photos; Not swipe eligible; imageApproved is false; isCurated is false; duplicate title/displayName/name fields: displayName, name, title; brand may need verification: SwipeShop Studio","runtime resolved URL is missing affiliate marker because AMAZON_ASSOC_TAG/VITE_AMAZON_ASSOC_TAG is not set","","","","","","","","",""
"kCQ4Q2GVoduhk29LsDP2","Classic Sheet Set","SwipeShop Studio","Amazon","cozy-bedroom","90.99","picsum.photos","no","https://www.amazon.ca/s?k=Classic%20Sheet%20Set%20SwipeShop%20Studio%20bedding","no","yes","displayName; name; title","yes","review","fail","no","No visible affiliate marker in purchaseUrl (tag=); duplicate raw purchaseUrl used by multiple products; imageUrl domain differs from merchant domain: picsum.photos; Not swipe eligible; imageApproved is false; isCurated is false; duplicate title/displayName/name fields: displayName, name, title; brand may need verification: SwipeShop Studio","runtime resolved URL is missing affiliate marker because AMAZON_ASSOC_TAG/VITE_AMAZON_ASSOC_TAG is not set","","","","","","","","",""
"kG3PZmNUSqsx9ciUoNW9","Neutral Round Mirror","SwipeShop Studio","Amazon","mirrors","62.99","picsum.photos","no","https://www.amazon.ca/s?k=Neutral%20Round%20Mirror%20SwipeShop%20Studio%20mirrors","no","yes","displayName; name; title","yes","review","fail","no","No visible affiliate marker in purchaseUrl (tag=); duplicate raw purchaseUrl used by multiple products; imageUrl domain differs from merchant domain: picsum.photos; Not swipe eligible; imageApproved is false; isCurated is false; duplicate title/displayName/name fields: displayName, name, title; brand may need verification: SwipeShop Studio","runtime resolved URL is missing affiliate marker because AMAZON_ASSOC_TAG/VITE_AMAZON_ASSOC_TAG is not set","","","","","","","","",""
"kNFWNHAjH8daLLEsXICN","Bold Accent Chair","SwipeShop Studio","Amazon","storage","158.99","picsum.photos","no","https://www.amazon.ca/s?k=Bold%20Accent%20Chair%20SwipeShop%20Studio%20seating","no","yes","displayName; name; title","yes","review","fail","no","No visible affiliate marker in purchaseUrl (tag=); duplicate raw purchaseUrl used by multiple products; imageUrl domain differs from merchant domain: picsum.photos; Not swipe eligible; imageApproved is false; isCurated is false; duplicate title/displayName/name fields: displayName, name, title; brand may need verification: SwipeShop Studio","runtime resolved URL is missing affiliate marker because AMAZON_ASSOC_TAG/VITE_AMAZON_ASSOC_TAG is not set","","","","","","","","",""
"kNmzszpZV4SokIsUH9hM","Modern Vanity Mirror","SwipeShop Studio","Amazon","mirrors","59.99","picsum.photos","no","https://www.amazon.ca/s?k=Modern%20Vanity%20Mirror%20SwipeShop%20Studio%20mirrors","no","yes","displayName; name; title","yes","review","fail","no","No visible affiliate marker in purchaseUrl (tag=); duplicate raw purchaseUrl used by multiple products; imageUrl domain differs from merchant domain: picsum.photos; Not swipe eligible; imageApproved is false; isCurated is false; duplicate title/displayName/name fields: displayName, name, title; brand may need verification: SwipeShop Studio","runtime resolved URL is missing affiliate marker because AMAZON_ASSOC_TAG/VITE_AMAZON_ASSOC_TAG is not set","","","","","","","","",""
"kTaKM8yAKop6kZnx2dV3","Modern Table Lamp","SwipeShop Studio","Amazon","lighting","49.99","picsum.photos","no","https://www.amazon.ca/s?k=Modern%20Table%20Lamp%20SwipeShop%20Studio%20Lighting","no","yes","displayName; name; title","yes","review","fail","no","No visible affiliate marker in purchaseUrl (tag=); duplicate raw purchaseUrl used by multiple products; imageUrl domain differs from merchant domain: picsum.photos; Not swipe eligible; imageApproved is false; isCurated is false; duplicate title/displayName/name fields: displayName, name, title; brand may need verification: SwipeShop Studio","runtime resolved URL is missing affiliate marker because AMAZON_ASSOC_TAG/VITE_AMAZON_ASSOC_TAG is not set","","","","","","","","",""
"kgEoasLlGQxjOyb2CYhw","Cozy Stool","SwipeShop Studio","Amazon","storage","164.99","picsum.photos","no","https://www.amazon.ca/s?k=Cozy%20Stool%20SwipeShop%20Studio%20seating","no","yes","displayName; name; title","yes","review","fail","no","No visible affiliate marker in purchaseUrl (tag=); imageUrl domain differs from merchant domain: picsum.photos; Not swipe eligible; imageApproved is false; isCurated is false; duplicate title/displayName/name fields: displayName, name, title; brand may need verification: SwipeShop Studio","runtime resolved URL is missing affiliate marker because AMAZON_ASSOC_TAG/VITE_AMAZON_ASSOC_TAG is not set","","","","","","","","",""
"kmL0H2D3D7Z5yk4fJPpq","Arched Mirror","SwipeShop Studio","Amazon","mirrors","109.99","picsum.photos","no","https://www.amazon.ca/s?k=Arched%20Mirror%20SwipeShop%20Studio%20Mirrors","no","yes","displayName; name; title","yes","review","fail","no","No visible affiliate marker in purchaseUrl (tag=); duplicate raw purchaseUrl used by multiple products; imageUrl domain differs from merchant domain: picsum.photos; Not swipe eligible; imageApproved is false; isCurated is false; duplicate title/displayName/name fields: displayName, name, title; brand may need verification: SwipeShop Studio","runtime resolved URL is missing affiliate marker because AMAZON_ASSOC_TAG/VITE_AMAZON_ASSOC_TAG is not set","","","","","","","","",""
"kqxsKI3sdZTbMxF85lFB","Minimal Vanity Mirror","SwipeShop Studio","Amazon","mirrors","86.99","picsum.photos","no","https://www.amazon.ca/s?k=Minimal%20Vanity%20Mirror%20SwipeShop%20Studio%20mirrors","no","yes","displayName; name; title","yes","review","fail","no","No visible affiliate marker in purchaseUrl (tag=); duplicate raw purchaseUrl used by multiple products; imageUrl domain differs from merchant domain: picsum.photos; Not swipe eligible; imageApproved is false; isCurated is false; duplicate title/displayName/name fields: displayName, name, title; brand may need verification: SwipeShop Studio","runtime resolved URL is missing affiliate marker because AMAZON_ASSOC_TAG/VITE_AMAZON_ASSOC_TAG is not set","","","","","","","","",""
"lOWsSSqKZlMjJUuIC695","Bold Planter","SwipeShop Studio","Amazon","plants","36.99","picsum.photos","no","https://www.amazon.ca/s?k=Bold%20Planter%20SwipeShop%20Studio%20plants","no","yes","displayName; name; title","yes","review","fail","no","No visible affiliate marker in purchaseUrl (tag=); imageUrl domain differs from merchant domain: picsum.photos; Not swipe eligible; imageApproved is false; isCurated is false; duplicate title/displayName/name fields: displayName, name, title; brand may need verification: SwipeShop Studio","runtime resolved URL is missing affiliate marker because AMAZON_ASSOC_TAG/VITE_AMAZON_ASSOC_TAG is not set","","","","","","","","",""
"lcffrHXY5bxLlWlUrMbp","Modern Pendant Light","SwipeShop Studio","Amazon","lighting","55.99","picsum.photos","no","https://www.amazon.ca/s?k=Modern%20Pendant%20Light%20SwipeShop%20Studio%20lighting","no","yes","displayName; name; title","yes","review","fail","no","No visible affiliate marker in purchaseUrl (tag=); duplicate raw purchaseUrl used by multiple products; imageUrl domain differs from merchant domain: picsum.photos; Not swipe eligible; imageApproved is false; isCurated is false; duplicate title/displayName/name fields: displayName, name, title; brand may need verification: SwipeShop Studio","runtime resolved URL is missing affiliate marker because AMAZON_ASSOC_TAG/VITE_AMAZON_ASSOC_TAG is not set","","","","","","","","",""
"lptByxWriF8nlfD96WOl","Classic Bench","SwipeShop Studio","Amazon","storage","161.99","picsum.photos","no","https://www.amazon.ca/s?k=Classic%20Bench%20SwipeShop%20Studio%20seating","no","yes","displayName; name; title","yes","review","fail","no","No visible affiliate marker in purchaseUrl (tag=); duplicate raw purchaseUrl used by multiple products; imageUrl domain differs from merchant domain: picsum.photos; Not swipe eligible; imageApproved is false; isCurated is false; duplicate title/displayName/name fields: displayName, name, title; brand may need verification: SwipeShop Studio","runtime resolved URL is missing affiliate marker because AMAZON_ASSOC_TAG/VITE_AMAZON_ASSOC_TAG is not set","","","","","","","","",""
"lq03ExezvsstV7xEncDi","Minimal Floor Lamp","SwipeShop Studio","Amazon","lighting","61.99","picsum.photos","no","https://www.amazon.ca/s?k=Minimal%20Floor%20Lamp%20SwipeShop%20Studio%20lighting","no","yes","displayName; name; title","yes","review","fail","no","No visible affiliate marker in purchaseUrl (tag=); imageUrl domain differs from merchant domain: picsum.photos; Not swipe eligible; imageApproved is false; isCurated is false; duplicate title/displayName/name fields: displayName, name, title; brand may need verification: SwipeShop Studio","runtime resolved URL is missing affiliate marker because AMAZON_ASSOC_TAG/VITE_AMAZON_ASSOC_TAG is not set","","","","","","","","",""
"m6QAYBAoRJQvautJGjkY","Minimal Canister Set","SwipeShop Studio","Amazon","storage","34.99","picsum.photos","no","https://www.amazon.ca/s?k=Minimal%20Canister%20Set%20SwipeShop%20Studio%20Kitchen%20Decor","no","yes","displayName; name; title","yes","review","fail","no","No visible affiliate marker in purchaseUrl (tag=); duplicate raw purchaseUrl used by multiple products; imageUrl domain differs from merchant domain: picsum.photos; Not swipe eligible; imageApproved is false; isCurated is false; duplicate title/displayName/name fields: displayName, name, title; brand may need verification: SwipeShop Studio","runtime resolved URL is missing affiliate marker because AMAZON_ASSOC_TAG/VITE_AMAZON_ASSOC_TAG is not set","","","","","","","","",""
"mECvboGyuc354xPDC4gz","Neutral Side Table","SwipeShop Studio","Amazon","storage","156.99","picsum.photos","no","https://www.amazon.ca/s?k=Neutral%20Side%20Table%20SwipeShop%20Studio%20tables","no","yes","displayName; name; title","yes","review","fail","no","No visible affiliate marker in purchaseUrl (tag=); duplicate raw purchaseUrl used by multiple products; imageUrl domain differs from merchant domain: picsum.photos; Not swipe eligible; imageApproved is false; isCurated is false; duplicate title/displayName/name fields: displayName, name, title; brand may need verification: SwipeShop Studio","runtime resolved URL is missing affiliate marker because AMAZON_ASSOC_TAG/VITE_AMAZON_ASSOC_TAG is not set","","","","","","","","",""
"mFN9Nw5rpq0IQBd4YEwI","Minimal Pendant Light","SwipeShop Studio","Amazon","lighting","58.99","picsum.photos","no","https://www.amazon.ca/s?k=Minimal%20Pendant%20Light%20SwipeShop%20Studio%20lighting","no","yes","displayName; name; title","yes","review","fail","no","No visible affiliate marker in purchaseUrl (tag=); duplicate raw purchaseUrl used by multiple products; imageUrl domain differs from merchant domain: picsum.photos; Not swipe eligible; imageApproved is false; isCurated is false; duplicate title/displayName/name fields: displayName, name, title; brand may need verification: SwipeShop Studio","runtime resolved URL is missing affiliate marker because AMAZON_ASSOC_TAG/VITE_AMAZON_ASSOC_TAG is not set","","","","","","","","",""
"mIDeP8qDIk6XYJGXsJJn","Neutral Planter","SwipeShop Studio","Amazon","plants","33.99","picsum.photos","no","https://www.amazon.ca/s?k=Neutral%20Planter%20SwipeShop%20Studio%20plants","no","yes","displayName; name; title","yes","review","fail","no","No visible affiliate marker in purchaseUrl (tag=); duplicate raw purchaseUrl used by multiple products; imageUrl domain differs from merchant domain: picsum.photos; Not swipe eligible; imageApproved is false; isCurated is false; duplicate title/displayName/name fields: displayName, name, title; brand may need verification: SwipeShop Studio","runtime resolved URL is missing affiliate marker because AMAZON_ASSOC_TAG/VITE_AMAZON_ASSOC_TAG is not set","","","","","","","","",""
"mIvsTTucnzIYIF6YuaW0","Minimal Round Mirror","SwipeShop Studio","Amazon","mirrors","59.99","picsum.photos","no","https://www.amazon.ca/s?k=Minimal%20Round%20Mirror%20SwipeShop%20Studio%20mirrors","no","yes","displayName; name; title","yes","review","fail","no","No visible affiliate marker in purchaseUrl (tag=); duplicate raw purchaseUrl used by multiple products; imageUrl domain differs from merchant domain: picsum.photos; Not swipe eligible; imageApproved is false; isCurated is false; duplicate title/displayName/name fields: displayName, name, title; brand may need verification: SwipeShop Studio","runtime resolved URL is missing affiliate marker because AMAZON_ASSOC_TAG/VITE_AMAZON_ASSOC_TAG is not set","","","","","","","","",""
"mK2XYsW8heUc0R00ZeMB","Minimal Stool","SwipeShop Studio","Amazon","storage","161.99","picsum.photos","no","https://www.amazon.ca/s?k=Minimal%20Stool%20SwipeShop%20Studio%20seating","no","yes","displayName; name; title","yes","review","fail","no","No visible affiliate marker in purchaseUrl (tag=); duplicate raw purchaseUrl used by multiple products; imageUrl domain differs from merchant domain: picsum.photos; Not swipe eligible; imageApproved is false; isCurated is false; duplicate title/displayName/name fields: displayName, name, title; brand may need verification: SwipeShop Studio","runtime resolved URL is missing affiliate marker because AMAZON_ASSOC_TAG/VITE_AMAZON_ASSOC_TAG is not set","","","","","","","","",""
"mVQR5GjTJi3AJ4EoxIoh","Soft Sheet Set","SwipeShop Studio","Amazon","cozy-bedroom","75.99","picsum.photos","no","https://www.amazon.ca/s?k=Soft%20Sheet%20Set%20SwipeShop%20Studio%20bedding","no","yes","displayName; name; title","yes","review","fail","no","No visible affiliate marker in purchaseUrl (tag=); imageUrl domain differs from merchant domain: picsum.photos; Not swipe eligible; imageApproved is false; isCurated is false; duplicate title/displayName/name fields: displayName, name, title; brand may need verification: SwipeShop Studio","runtime resolved URL is missing affiliate marker because AMAZON_ASSOC_TAG/VITE_AMAZON_ASSOC_TAG is not set","","","","","","","","",""
"mYvYBKV813h3gkWQAfyA","Modern Wall Mirror","SwipeShop Studio","Amazon","mirrors","80.99","picsum.photos","no","https://www.amazon.ca/s?k=Modern%20Wall%20Mirror%20SwipeShop%20Studio%20mirrors","no","yes","displayName; name; title","yes","review","fail","no","No visible affiliate marker in purchaseUrl (tag=); duplicate raw purchaseUrl used by multiple products; imageUrl domain differs from merchant domain: picsum.photos; Not swipe eligible; imageApproved is false; isCurated is false; duplicate title/displayName/name fields: displayName, name, title; brand may need verification: SwipeShop Studio","runtime resolved URL is missing affiliate marker because AMAZON_ASSOC_TAG/VITE_AMAZON_ASSOC_TAG is not set","","","","","","","","",""
"mjeNC3o1wliIYiOmMjqh","Modern Table Lamp","SwipeShop Studio","Amazon","lighting","58.99","picsum.photos","no","https://www.amazon.ca/s?k=Modern%20Table%20Lamp%20SwipeShop%20Studio%20lighting","no","yes","displayName; name; title","yes","review","fail","no","No visible affiliate marker in purchaseUrl (tag=); duplicate raw purchaseUrl used by multiple products; imageUrl domain differs from merchant domain: picsum.photos; Not swipe eligible; imageApproved is false; isCurated is false; duplicate title/displayName/name fields: displayName, name, title; brand may need verification: SwipeShop Studio","runtime resolved URL is missing affiliate marker because AMAZON_ASSOC_TAG/VITE_AMAZON_ASSOC_TAG is not set","","","","","","","","",""
"mvPRDTn6IsO4iXZEjiQY","Classic Sheet Set","SwipeShop Studio","Amazon","cozy-bedroom","75.99","picsum.photos","no","https://www.amazon.ca/s?k=Classic%20Sheet%20Set%20SwipeShop%20Studio%20bedding","no","yes","displayName; name; title","yes","review","fail","no","No visible affiliate marker in purchaseUrl (tag=); duplicate raw purchaseUrl used by multiple products; imageUrl domain differs from merchant domain: picsum.photos; Not swipe eligible; imageApproved is false; isCurated is false; duplicate title/displayName/name fields: displayName, name, title; brand may need verification: SwipeShop Studio","runtime resolved URL is missing affiliate marker because AMAZON_ASSOC_TAG/VITE_AMAZON_ASSOC_TAG is not set","","","","","","","","",""
"n7CixAyzX7ApsDEarXMx","Cozy Framed Print","SwipeShop Studio","Amazon","wall-decor","48.99","picsum.photos","no","https://www.amazon.ca/s?k=Cozy%20Framed%20Print%20SwipeShop%20Studio%20wall_art","no","yes","displayName; name; title","yes","review","fail","no","No visible affiliate marker in purchaseUrl (tag=); duplicate raw purchaseUrl used by multiple products; imageUrl domain differs from merchant domain: picsum.photos; Not swipe eligible; imageApproved is false; isCurated is false; duplicate title/displayName/name fields: displayName, name, title; brand may need verification: SwipeShop Studio","runtime resolved URL is missing affiliate marker because AMAZON_ASSOC_TAG/VITE_AMAZON_ASSOC_TAG is not set","","","","","","","","",""
"nLo9o6x6y2jkZU7ujQnf","Bold Area Rug","SwipeShop Studio","Amazon","storage","106.99","picsum.photos","no","https://www.amazon.ca/s?k=Bold%20Area%20Rug%20SwipeShop%20Studio%20rugs","no","yes","displayName; name; title","yes","review","fail","no","No visible affiliate marker in purchaseUrl (tag=); duplicate raw purchaseUrl used by multiple products; imageUrl domain differs from merchant domain: picsum.photos; Not swipe eligible; imageApproved is false; isCurated is false; duplicate title/displayName/name fields: displayName, name, title; brand may need verification: SwipeShop Studio","runtime resolved URL is missing affiliate marker because AMAZON_ASSOC_TAG/VITE_AMAZON_ASSOC_TAG is not set","","","","","","","","",""
"nu9kOptvs4WUH4NquOBh","Cozy Sheet Set","SwipeShop Studio","Amazon","cozy-bedroom","84.99","picsum.photos","no","https://www.amazon.ca/s?k=Cozy%20Sheet%20Set%20SwipeShop%20Studio%20bedding","no","yes","displayName; name; title","yes","review","fail","no","No visible affiliate marker in purchaseUrl (tag=); duplicate raw purchaseUrl used by multiple products; imageUrl domain differs from merchant domain: picsum.photos; Not swipe eligible; imageApproved is false; isCurated is false; duplicate title/displayName/name fields: displayName, name, title; brand may need verification: SwipeShop Studio","runtime resolved URL is missing affiliate marker because AMAZON_ASSOC_TAG/VITE_AMAZON_ASSOC_TAG is not set","","","","","","","","",""
"nxz00imXbyok2gm230LZ","Cozy Vanity Mirror","SwipeShop Studio","Amazon","mirrors","62.99","picsum.photos","no","https://www.amazon.ca/s?k=Cozy%20Vanity%20Mirror%20SwipeShop%20Studio%20mirrors","no","yes","displayName; name; title","yes","review","fail","no","No visible affiliate marker in purchaseUrl (tag=); duplicate raw purchaseUrl used by multiple products; imageUrl domain differs from merchant domain: picsum.photos; Not swipe eligible; imageApproved is false; isCurated is false; duplicate title/displayName/name fields: displayName, name, title; brand may need verification: SwipeShop Studio","runtime resolved URL is missing affiliate marker because AMAZON_ASSOC_TAG/VITE_AMAZON_ASSOC_TAG is not set","","","","","","","","",""
"nyLBIxbTpxtUzI9TQNpQ","Minimal Indoor Plant","SwipeShop Studio","Amazon","plants","45.99","picsum.photos","no","https://www.amazon.ca/s?k=Minimal%20Indoor%20Plant%20SwipeShop%20Studio%20plants","no","yes","displayName; name; title","yes","review","fail","no","No visible affiliate marker in purchaseUrl (tag=); duplicate raw purchaseUrl used by multiple products; imageUrl domain differs from merchant domain: picsum.photos; Not swipe eligible; imageApproved is false; isCurated is false; duplicate title/displayName/name fields: displayName, name, title; brand may need verification: SwipeShop Studio","runtime resolved URL is missing affiliate marker because AMAZON_ASSOC_TAG/VITE_AMAZON_ASSOC_TAG is not set","","","","","","","","",""
"o2hAe9TlzqEvU2gDVIdo","Classic Bench","SwipeShop Studio","Amazon","storage","176.99","picsum.photos","no","https://www.amazon.ca/s?k=Classic%20Bench%20SwipeShop%20Studio%20seating","no","yes","displayName; name; title","yes","review","fail","no","No visible affiliate marker in purchaseUrl (tag=); duplicate raw purchaseUrl used by multiple products; imageUrl domain differs from merchant domain: picsum.photos; Not swipe eligible; imageApproved is false; isCurated is false; duplicate title/displayName/name fields: displayName, name, title; brand may need verification: SwipeShop Studio","runtime resolved URL is missing affiliate marker because AMAZON_ASSOC_TAG/VITE_AMAZON_ASSOC_TAG is not set","","","","","","","","",""
"oCIOqIGeOwgWDBHjgFIT","Bold Duvet Set","SwipeShop Studio","Amazon","cozy-bedroom","90.99","picsum.photos","no","https://www.amazon.ca/s?k=Bold%20Duvet%20Set%20SwipeShop%20Studio%20bedding","no","yes","displayName; name; title","yes","review","fail","no","No visible affiliate marker in purchaseUrl (tag=); duplicate raw purchaseUrl used by multiple products; imageUrl domain differs from merchant domain: picsum.photos; Not swipe eligible; imageApproved is false; isCurated is false; duplicate title/displayName/name fields: displayName, name, title; brand may need verification: SwipeShop Studio","runtime resolved URL is missing affiliate marker because AMAZON_ASSOC_TAG/VITE_AMAZON_ASSOC_TAG is not set","","","","","","","","",""
"oCf3DkyrDJOHY4B4yDFp","Soft Storage Basket","SwipeShop Studio","Amazon","storage","32.99","picsum.photos","no","https://www.amazon.ca/s?k=Soft%20Storage%20Basket%20SwipeShop%20Studio%20storage","no","yes","displayName; name; title","yes","review","fail","no","No visible affiliate marker in purchaseUrl (tag=); duplicate raw purchaseUrl used by multiple products; imageUrl domain differs from merchant domain: picsum.photos; Not swipe eligible; imageApproved is false; isCurated is false; duplicate title/displayName/name fields: displayName, name, title; brand may need verification: SwipeShop Studio","runtime resolved URL is missing affiliate marker because AMAZON_ASSOC_TAG/VITE_AMAZON_ASSOC_TAG is not set","","","","","","","","",""
"oT5E2kxygOQJkiS0tMbt","Neutral Planter","SwipeShop Studio","Amazon","plants","27.99","picsum.photos","no","https://www.amazon.ca/s?k=Neutral%20Planter%20SwipeShop%20Studio%20plants","no","yes","displayName; name; title","yes","review","fail","no","No visible affiliate marker in purchaseUrl (tag=); duplicate raw purchaseUrl used by multiple products; imageUrl domain differs from merchant domain: picsum.photos; Not swipe eligible; imageApproved is false; isCurated is false; duplicate title/displayName/name fields: displayName, name, title; brand may need verification: SwipeShop Studio","runtime resolved URL is missing affiliate marker because AMAZON_ASSOC_TAG/VITE_AMAZON_ASSOC_TAG is not set","","","","","","","","",""
"oVugwD7FWV0cRgzscTk9","Bold Floor Lamp","SwipeShop Studio","Amazon","lighting","58.99","picsum.photos","no","https://www.amazon.ca/s?k=Bold%20Floor%20Lamp%20SwipeShop%20Studio%20lighting","no","yes","displayName; name; title","yes","review","fail","no","No visible affiliate marker in purchaseUrl (tag=); duplicate raw purchaseUrl used by multiple products; imageUrl domain differs from merchant domain: picsum.photos; Not swipe eligible; imageApproved is false; isCurated is false; duplicate title/displayName/name fields: displayName, name, title; brand may need verification: SwipeShop Studio","runtime resolved URL is missing affiliate marker because AMAZON_ASSOC_TAG/VITE_AMAZON_ASSOC_TAG is not set","","","","","","","","",""
"oXy0jFymiEQRSPlSwZy6","Neutral Area Rug","SwipeShop Studio","Amazon","storage","82.99","picsum.photos","no","https://www.amazon.ca/s?k=Neutral%20Area%20Rug%20SwipeShop%20Studio%20rugs","no","yes","displayName; name; title","yes","review","fail","no","No visible affiliate marker in purchaseUrl (tag=); duplicate raw purchaseUrl used by multiple products; imageUrl domain differs from merchant domain: picsum.photos; Not swipe eligible; imageApproved is false; isCurated is false; duplicate title/displayName/name fields: displayName, name, title; brand may need verification: SwipeShop Studio","runtime resolved URL is missing affiliate marker because AMAZON_ASSOC_TAG/VITE_AMAZON_ASSOC_TAG is not set","","","","","","","","",""
"oZAbog7OScIwskEvwGfu","Modern Stool","SwipeShop Studio","Amazon","storage","167.99","picsum.photos","no","https://www.amazon.ca/s?k=Modern%20Stool%20SwipeShop%20Studio%20seating","no","yes","displayName; name; title","yes","review","fail","no","No visible affiliate marker in purchaseUrl (tag=); duplicate raw purchaseUrl used by multiple products; imageUrl domain differs from merchant domain: picsum.photos; Not swipe eligible; imageApproved is false; isCurated is false; duplicate title/displayName/name fields: displayName, name, title; brand may need verification: SwipeShop Studio","runtime resolved URL is missing affiliate marker because AMAZON_ASSOC_TAG/VITE_AMAZON_ASSOC_TAG is not set","","","","","","","","",""
"oc5cA7dxEVFJRFFKRgS4","Modern Side Table","SwipeShop Studio","Amazon","storage","156.99","picsum.photos","no","https://www.amazon.ca/s?k=Modern%20Side%20Table%20SwipeShop%20Studio%20tables","no","yes","displayName; name; title","yes","review","fail","no","No visible affiliate marker in purchaseUrl (tag=); duplicate raw purchaseUrl used by multiple products; imageUrl domain differs from merchant domain: picsum.photos; Not swipe eligible; imageApproved is false; isCurated is false; duplicate title/displayName/name fields: displayName, name, title; brand may need verification: SwipeShop Studio","runtime resolved URL is missing affiliate marker because AMAZON_ASSOC_TAG/VITE_AMAZON_ASSOC_TAG is not set","","","","","","","","",""
"oonOKl2FYHBjlZO9rjP5","Minimal Wall Mirror","SwipeShop Studio","Amazon","mirrors","86.99","picsum.photos","no","https://www.amazon.ca/s?k=Minimal%20Wall%20Mirror%20SwipeShop%20Studio%20mirrors","no","yes","displayName; name; title","yes","review","fail","no","No visible affiliate marker in purchaseUrl (tag=); imageUrl domain differs from merchant domain: picsum.photos; Not swipe eligible; imageApproved is false; isCurated is false; duplicate title/displayName/name fields: displayName, name, title; brand may need verification: SwipeShop Studio","runtime resolved URL is missing affiliate marker because AMAZON_ASSOC_TAG/VITE_AMAZON_ASSOC_TAG is not set","","","","","","","","",""
"p0mgBVXaPwmrRSIBdWBb","Bold Bench","SwipeShop Studio","Amazon","storage","161.99","picsum.photos","no","https://www.amazon.ca/s?k=Bold%20Bench%20SwipeShop%20Studio%20seating","no","yes","displayName; name; title","yes","review","fail","no","No visible affiliate marker in purchaseUrl (tag=); duplicate raw purchaseUrl used by multiple products; imageUrl domain differs from merchant domain: picsum.photos; Not swipe eligible; imageApproved is false; isCurated is false; duplicate title/displayName/name fields: displayName, name, title; brand may need verification: SwipeShop Studio","runtime resolved URL is missing affiliate marker because AMAZON_ASSOC_TAG/VITE_AMAZON_ASSOC_TAG is not set","","","","","","","","",""
"p7QaKRQuSUas16wLF9qi","Minimal Pendant Light","SwipeShop Studio","Amazon","lighting","89.99","picsum.photos","no","https://www.amazon.ca/s?k=Minimal%20Pendant%20Light%20SwipeShop%20Studio%20Lighting","no","yes","displayName; name; title","yes","review","fail","no","No visible affiliate marker in purchaseUrl (tag=); duplicate raw purchaseUrl used by multiple products; imageUrl domain differs from merchant domain: picsum.photos; Not swipe eligible; imageApproved is false; isCurated is false; duplicate title/displayName/name fields: displayName, name, title; brand may need verification: SwipeShop Studio","runtime resolved URL is missing affiliate marker because AMAZON_ASSOC_TAG/VITE_AMAZON_ASSOC_TAG is not set","","","","","","","","",""
"pHu8wW1kQ7rcbbmhkxOh","Modern Pillow Set","SwipeShop Studio","Amazon","cozy-bedroom","69.99","picsum.photos","no","https://www.amazon.ca/s?k=Modern%20Pillow%20Set%20SwipeShop%20Studio%20bedding","no","yes","displayName; name; title","yes","review","fail","no","No visible affiliate marker in purchaseUrl (tag=); duplicate raw purchaseUrl used by multiple products; imageUrl domain differs from merchant domain: picsum.photos; Not swipe eligible; imageApproved is false; isCurated is false; duplicate title/displayName/name fields: displayName, name, title; brand may need verification: SwipeShop Studio","runtime resolved URL is missing affiliate marker because AMAZON_ASSOC_TAG/VITE_AMAZON_ASSOC_TAG is not set","","","","","","","","",""
"pPyYSqJByrNTJPDth9qo","Neutral Console Table","SwipeShop Studio","Amazon","storage","135.99","picsum.photos","no","https://www.amazon.ca/s?k=Neutral%20Console%20Table%20SwipeShop%20Studio%20tables","no","yes","displayName; name; title","yes","review","fail","no","No visible affiliate marker in purchaseUrl (tag=); duplicate raw purchaseUrl used by multiple products; imageUrl domain differs from merchant domain: picsum.photos; Not swipe eligible; imageApproved is false; isCurated is false; duplicate title/displayName/name fields: displayName, name, title; brand may need verification: SwipeShop Studio","runtime resolved URL is missing affiliate marker because AMAZON_ASSOC_TAG/VITE_AMAZON_ASSOC_TAG is not set","","","","","","","","",""
"pSEPGqygx8W1Xzr0KciF","Minimal Planter","SwipeShop Studio","Amazon","plants","36.99","picsum.photos","no","https://www.amazon.ca/s?k=Minimal%20Planter%20SwipeShop%20Studio%20plants","no","yes","displayName; name; title","yes","review","fail","no","No visible affiliate marker in purchaseUrl (tag=); duplicate raw purchaseUrl used by multiple products; imageUrl domain differs from merchant domain: picsum.photos; Not swipe eligible; imageApproved is false; isCurated is false; duplicate title/displayName/name fields: displayName, name, title; brand may need verification: SwipeShop Studio","runtime resolved URL is missing affiliate marker because AMAZON_ASSOC_TAG/VITE_AMAZON_ASSOC_TAG is not set","","","","","","","","",""
"pUM1CSL93ew4mDxqiwQF","Modern Table Lamp","SwipeShop Studio","Amazon","lighting","67.99","picsum.photos","no","https://www.amazon.ca/s?k=Modern%20Table%20Lamp%20SwipeShop%20Studio%20lighting","no","yes","displayName; name; title","yes","review","fail","no","No visible affiliate marker in purchaseUrl (tag=); duplicate raw purchaseUrl used by multiple products; imageUrl domain differs from merchant domain: picsum.photos; Not swipe eligible; imageApproved is false; isCurated is false; duplicate title/displayName/name fields: displayName, name, title; brand may need verification: SwipeShop Studio","runtime resolved URL is missing affiliate marker because AMAZON_ASSOC_TAG/VITE_AMAZON_ASSOC_TAG is not set","","","","","","","","",""
"pWmcfHd54WF1iPy6H6j5","Cozy Console Table","SwipeShop Studio","Amazon","storage","132.99","picsum.photos","no","https://www.amazon.ca/s?k=Cozy%20Console%20Table%20SwipeShop%20Studio%20tables","no","yes","displayName; name; title","yes","review","fail","no","No visible affiliate marker in purchaseUrl (tag=); duplicate raw purchaseUrl used by multiple products; imageUrl domain differs from merchant domain: picsum.photos; Not swipe eligible; imageApproved is false; isCurated is false; duplicate title/displayName/name fields: displayName, name, title; brand may need verification: SwipeShop Studio","runtime resolved URL is missing affiliate marker because AMAZON_ASSOC_TAG/VITE_AMAZON_ASSOC_TAG is not set","","","","","","","","",""
"pZgsXhD1xtHc9OzeuXx1","Neutral Area Rug","SwipeShop Studio","Amazon","storage","79.99","picsum.photos","no","https://www.amazon.ca/s?k=Neutral%20Area%20Rug%20SwipeShop%20Studio%20Rugs","no","yes","displayName; name; title","yes","review","fail","no","No visible affiliate marker in purchaseUrl (tag=); duplicate raw purchaseUrl used by multiple products; imageUrl domain differs from merchant domain: picsum.photos; Not swipe eligible; imageApproved is false; isCurated is false; duplicate title/displayName/name fields: displayName, name, title; brand may need verification: SwipeShop Studio","runtime resolved URL is missing affiliate marker because AMAZON_ASSOC_TAG/VITE_AMAZON_ASSOC_TAG is not set","","","","","","","","",""
"pawLTvHRUNWaDT3y9nZR","Soft Pendant Light","SwipeShop Studio","Amazon","lighting","64.99","picsum.photos","no","https://www.amazon.ca/s?k=Soft%20Pendant%20Light%20SwipeShop%20Studio%20lighting","no","yes","displayName; name; title","yes","review","fail","no","No visible affiliate marker in purchaseUrl (tag=); duplicate raw purchaseUrl used by multiple products; imageUrl domain differs from merchant domain: picsum.photos; Not swipe eligible; imageApproved is false; isCurated is false; duplicate title/displayName/name fields: displayName, name, title; brand may need verification: SwipeShop Studio","runtime resolved URL is missing affiliate marker because AMAZON_ASSOC_TAG/VITE_AMAZON_ASSOC_TAG is not set","","","","","","","","",""
"pfUZW5aBH96RitbGB8qa","Cozy Bench","SwipeShop Studio","Amazon","storage","152.99","picsum.photos","no","https://www.amazon.ca/s?k=Cozy%20Bench%20SwipeShop%20Studio%20seating","no","yes","displayName; name; title","yes","review","fail","no","No visible affiliate marker in purchaseUrl (tag=); duplicate raw purchaseUrl used by multiple products; imageUrl domain differs from merchant domain: picsum.photos; Not swipe eligible; imageApproved is false; isCurated is false; duplicate title/displayName/name fields: displayName, name, title; brand may need verification: SwipeShop Studio","runtime resolved URL is missing affiliate marker because AMAZON_ASSOC_TAG/VITE_AMAZON_ASSOC_TAG is not set","","","","","","","","",""
"pgHv0X2IkFFJck1sZuna","Cozy Canvas Art","SwipeShop Studio","Amazon","wall-decor","66.99","picsum.photos","no","https://www.amazon.ca/s?k=Cozy%20Canvas%20Art%20SwipeShop%20Studio%20wall_art","no","yes","displayName; name; title","yes","review","fail","no","No visible affiliate marker in purchaseUrl (tag=); duplicate raw purchaseUrl used by multiple products; imageUrl domain differs from merchant domain: picsum.photos; Not swipe eligible; imageApproved is false; isCurated is false; duplicate title/displayName/name fields: displayName, name, title; brand may need verification: SwipeShop Studio","runtime resolved URL is missing affiliate marker because AMAZON_ASSOC_TAG/VITE_AMAZON_ASSOC_TAG is not set","","","","","","","","",""
"preakj797TXCmq0dhGRO","Abstract Canvas Print","SwipeShop Studio","Amazon","wall-decor","39.99","picsum.photos","no","https://www.amazon.ca/s?k=Abstract%20Canvas%20Print%20SwipeShop%20Studio%20Wall%20Art","no","yes","displayName; name; title","yes","review","fail","no","No visible affiliate marker in purchaseUrl (tag=); duplicate raw purchaseUrl used by multiple products; imageUrl domain differs from merchant domain: picsum.photos; Not swipe eligible; imageApproved is false; isCurated is false; duplicate title/displayName/name fields: displayName, name, title; brand may need verification: SwipeShop Studio","runtime resolved URL is missing affiliate marker because AMAZON_ASSOC_TAG/VITE_AMAZON_ASSOC_TAG is not set","","","","","","","","",""
"pwl74qVhsbb3TF0B2KB4","Bold Indoor Plant","SwipeShop Studio","Amazon","plants","33.99","picsum.photos","no","https://www.amazon.ca/s?k=Bold%20Indoor%20Plant%20SwipeShop%20Studio%20plants","no","yes","displayName; name; title","yes","review","fail","no","No visible affiliate marker in purchaseUrl (tag=); duplicate raw purchaseUrl used by multiple products; imageUrl domain differs from merchant domain: picsum.photos; Not swipe eligible; imageApproved is false; isCurated is false; duplicate title/displayName/name fields: displayName, name, title; brand may need verification: SwipeShop Studio","runtime resolved URL is missing affiliate marker because AMAZON_ASSOC_TAG/VITE_AMAZON_ASSOC_TAG is not set","","","","","","","","",""
"pyawCnDtBZfYEPXb8tKQ","Neutral Duvet Set","SwipeShop Studio","Amazon","cozy-bedroom","87.99","picsum.photos","no","https://www.amazon.ca/s?k=Neutral%20Duvet%20Set%20SwipeShop%20Studio%20bedding","no","yes","displayName; name; title","yes","review","fail","no","No visible affiliate marker in purchaseUrl (tag=); duplicate raw purchaseUrl used by multiple products; imageUrl domain differs from merchant domain: picsum.photos; Not swipe eligible; imageApproved is false; isCurated is false; duplicate title/displayName/name fields: displayName, name, title; brand may need verification: SwipeShop Studio","runtime resolved URL is missing affiliate marker because AMAZON_ASSOC_TAG/VITE_AMAZON_ASSOC_TAG is not set","","","","","","","","",""
"q1vKaqkFam60f0CNhgn4","Cozy Throw Blanket","SwipeShop Studio","Amazon","cozy-bedroom","39.99","picsum.photos","no","https://www.amazon.ca/s?k=Cozy%20Throw%20Blanket%20SwipeShop%20Studio%20Bedding","no","yes","displayName; name; title","yes","review","fail","no","No visible affiliate marker in purchaseUrl (tag=); duplicate raw purchaseUrl used by multiple products; imageUrl domain differs from merchant domain: picsum.photos; Not swipe eligible; imageApproved is false; isCurated is false; duplicate title/displayName/name fields: displayName, name, title; brand may need verification: SwipeShop Studio","runtime resolved URL is missing affiliate marker because AMAZON_ASSOC_TAG/VITE_AMAZON_ASSOC_TAG is not set","","","","","","","","",""
"q56kUUA6smXy7lOyuCHI","Soft Canvas Art","SwipeShop Studio","Amazon","wall-decor","57.99","picsum.photos","no","https://www.amazon.ca/s?k=Soft%20Canvas%20Art%20SwipeShop%20Studio%20wall_art","no","yes","displayName; name; title","yes","review","fail","no","No visible affiliate marker in purchaseUrl (tag=); imageUrl domain differs from merchant domain: picsum.photos; Not swipe eligible; imageApproved is false; isCurated is false; duplicate title/displayName/name fields: displayName, name, title; brand may need verification: SwipeShop Studio","runtime resolved URL is missing affiliate marker because AMAZON_ASSOC_TAG/VITE_AMAZON_ASSOC_TAG is not set","","","","","","","","",""
"qb5Zv4DHwWkhWtxOhnU9","Minimal Ceramic Set","SwipeShop Studio","Amazon","storage","22.99","picsum.photos","no","https://www.amazon.ca/s?k=Minimal%20Ceramic%20Set%20SwipeShop%20Studio%20kitchen_decor","no","yes","displayName; name; title","yes","review","fail","no","No visible affiliate marker in purchaseUrl (tag=); duplicate raw purchaseUrl used by multiple products; imageUrl domain differs from merchant domain: picsum.photos; Not swipe eligible; imageApproved is false; isCurated is false; duplicate title/displayName/name fields: displayName, name, title; brand may need verification: SwipeShop Studio","runtime resolved URL is missing affiliate marker because AMAZON_ASSOC_TAG/VITE_AMAZON_ASSOC_TAG is not set","","","","","","","","",""
"qhrS6WY8NksMJsPK3833","Cozy Potted Plant","SwipeShop Studio","Amazon","plants","24.99","picsum.photos","no","https://www.amazon.ca/s?k=Cozy%20Potted%20Plant%20SwipeShop%20Studio%20plants","no","yes","displayName; name; title","yes","review","fail","no","No visible affiliate marker in purchaseUrl (tag=); duplicate raw purchaseUrl used by multiple products; imageUrl domain differs from merchant domain: picsum.photos; Not swipe eligible; imageApproved is false; isCurated is false; duplicate title/displayName/name fields: displayName, name, title; brand may need verification: SwipeShop Studio","runtime resolved URL is missing affiliate marker because AMAZON_ASSOC_TAG/VITE_AMAZON_ASSOC_TAG is not set","","","","","","","","",""
"qyCE78k5t65imFonqNgd","Bold Wall Mirror","SwipeShop Studio","Amazon","mirrors","65.99","picsum.photos","no","https://www.amazon.ca/s?k=Bold%20Wall%20Mirror%20SwipeShop%20Studio%20mirrors","no","yes","displayName; name; title","yes","review","fail","no","No visible affiliate marker in purchaseUrl (tag=); duplicate raw purchaseUrl used by multiple products; imageUrl domain differs from merchant domain: picsum.photos; Not swipe eligible; imageApproved is false; isCurated is false; duplicate title/displayName/name fields: displayName, name, title; brand may need verification: SwipeShop Studio","runtime resolved URL is missing affiliate marker because AMAZON_ASSOC_TAG/VITE_AMAZON_ASSOC_TAG is not set","","","","","","","","",""
"r4ey0vdEGwckjUEBM6QL","Arc Floor Lamp","SwipeShop Studio","Amazon","lighting","129.99","picsum.photos","no","https://www.amazon.ca/s?k=Arc%20Floor%20Lamp%20SwipeShop%20Studio%20Lighting","no","yes","displayName; name; title","yes","review","fail","no","No visible affiliate marker in purchaseUrl (tag=); duplicate raw purchaseUrl used by multiple products; imageUrl domain differs from merchant domain: picsum.photos; Not swipe eligible; imageApproved is false; isCurated is false; duplicate title/displayName/name fields: displayName, name, title; brand may need verification: SwipeShop Studio","runtime resolved URL is missing affiliate marker because AMAZON_ASSOC_TAG/VITE_AMAZON_ASSOC_TAG is not set","","","","","","","","",""
"rFBatjZVN98Q24F4LLeL","Bold Wall Mirror","SwipeShop Studio","Amazon","mirrors","83.99","picsum.photos","no","https://www.amazon.ca/s?k=Bold%20Wall%20Mirror%20SwipeShop%20Studio%20mirrors","no","yes","displayName; name; title","yes","review","fail","no","No visible affiliate marker in purchaseUrl (tag=); duplicate raw purchaseUrl used by multiple products; imageUrl domain differs from merchant domain: picsum.photos; Not swipe eligible; imageApproved is false; isCurated is false; duplicate title/displayName/name fields: displayName, name, title; brand may need verification: SwipeShop Studio","runtime resolved URL is missing affiliate marker because AMAZON_ASSOC_TAG/VITE_AMAZON_ASSOC_TAG is not set","","","","","","","","",""
"rFOJ2ltaC5V4V3u6GuBY","Neutral Organizer","SwipeShop Studio","Amazon","storage","53.99","picsum.photos","no","https://www.amazon.ca/s?k=Neutral%20Organizer%20SwipeShop%20Studio%20storage","no","yes","displayName; name; title","yes","review","fail","no","No visible affiliate marker in purchaseUrl (tag=); duplicate raw purchaseUrl used by multiple products; imageUrl domain differs from merchant domain: picsum.photos; Not swipe eligible; imageApproved is false; isCurated is false; duplicate title/displayName/name fields: displayName, name, title; brand may need verification: SwipeShop Studio","runtime resolved URL is missing affiliate marker because AMAZON_ASSOC_TAG/VITE_AMAZON_ASSOC_TAG is not set","","","","","","","","",""
"rLioOfyazsay4L1Vq2hx","Modern Storage Basket","SwipeShop Studio","Amazon","storage","32.99","picsum.photos","no","https://www.amazon.ca/s?k=Modern%20Storage%20Basket%20SwipeShop%20Studio%20storage","no","yes","displayName; name; title","yes","review","fail","no","No visible affiliate marker in purchaseUrl (tag=); duplicate raw purchaseUrl used by multiple products; imageUrl domain differs from merchant domain: picsum.photos; Not swipe eligible; imageApproved is false; isCurated is false; duplicate title/displayName/name fields: displayName, name, title; brand may need verification: SwipeShop Studio","runtime resolved URL is missing affiliate marker because AMAZON_ASSOC_TAG/VITE_AMAZON_ASSOC_TAG is not set","","","","","","","","",""
"rVsYdR2MgFKJ7JeT8jrM","Minimal Indoor Plant","SwipeShop Studio","Amazon","plants","36.99","picsum.photos","no","https://www.amazon.ca/s?k=Minimal%20Indoor%20Plant%20SwipeShop%20Studio%20plants","no","yes","displayName; name; title","yes","review","fail","no","No visible affiliate marker in purchaseUrl (tag=); duplicate raw purchaseUrl used by multiple products; imageUrl domain differs from merchant domain: picsum.photos; Not swipe eligible; imageApproved is false; isCurated is false; duplicate title/displayName/name fields: displayName, name, title; brand may need verification: SwipeShop Studio","runtime resolved URL is missing affiliate marker because AMAZON_ASSOC_TAG/VITE_AMAZON_ASSOC_TAG is not set","","","","","","","","",""
"rat1FuLonn1lbEHHuUw0","Soft Storage Basket","SwipeShop Studio","Amazon","storage","38.99","picsum.photos","no","https://www.amazon.ca/s?k=Soft%20Storage%20Basket%20SwipeShop%20Studio%20storage","no","yes","displayName; name; title","yes","review","fail","no","No visible affiliate marker in purchaseUrl (tag=); duplicate raw purchaseUrl used by multiple products; imageUrl domain differs from merchant domain: picsum.photos; Not swipe eligible; imageApproved is false; isCurated is false; duplicate title/displayName/name fields: displayName, name, title; brand may need verification: SwipeShop Studio","runtime resolved URL is missing affiliate marker because AMAZON_ASSOC_TAG/VITE_AMAZON_ASSOC_TAG is not set","","","","","","","","",""
"rcRRaBSPgP77hVHGbwNT","Bold Stool","SwipeShop Studio","Amazon","storage","161.99","picsum.photos","no","https://www.amazon.ca/s?k=Bold%20Stool%20SwipeShop%20Studio%20seating","no","yes","displayName; name; title","yes","review","fail","no","No visible affiliate marker in purchaseUrl (tag=); duplicate raw purchaseUrl used by multiple products; imageUrl domain differs from merchant domain: picsum.photos; Not swipe eligible; imageApproved is false; isCurated is false; duplicate title/displayName/name fields: displayName, name, title; brand may need verification: SwipeShop Studio","runtime resolved URL is missing affiliate marker because AMAZON_ASSOC_TAG/VITE_AMAZON_ASSOC_TAG is not set","","","","","","","","",""
"rzv3rhrJBNhvBDH72X9U","Soft Coffee Table","SwipeShop Studio","Amazon","storage","129.99","picsum.photos","no","https://www.amazon.ca/s?k=Soft%20Coffee%20Table%20SwipeShop%20Studio%20tables","no","yes","displayName; name; title","yes","review","fail","no","No visible affiliate marker in purchaseUrl (tag=); duplicate raw purchaseUrl used by multiple products; imageUrl domain differs from merchant domain: picsum.photos; Not swipe eligible; imageApproved is false; isCurated is false; duplicate title/displayName/name fields: displayName, name, title; brand may need verification: SwipeShop Studio","runtime resolved URL is missing affiliate marker because AMAZON_ASSOC_TAG/VITE_AMAZON_ASSOC_TAG is not set","","","","","","","","",""
"s8HtgAJI3uU4YqrQqbha","Minimal Pendant Light","SwipeShop Studio","Amazon","lighting","58.99","picsum.photos","no","https://www.amazon.ca/s?k=Minimal%20Pendant%20Light%20SwipeShop%20Studio%20lighting","no","yes","displayName; name; title","yes","review","fail","no","No visible affiliate marker in purchaseUrl (tag=); duplicate raw purchaseUrl used by multiple products; imageUrl domain differs from merchant domain: picsum.photos; Not swipe eligible; imageApproved is false; isCurated is false; duplicate title/displayName/name fields: displayName, name, title; brand may need verification: SwipeShop Studio","runtime resolved URL is missing affiliate marker because AMAZON_ASSOC_TAG/VITE_AMAZON_ASSOC_TAG is not set","","","","","","","","",""
"s9BJGctrmU3MyJDFxRV1","Cozy Pendant Light","SwipeShop Studio","Amazon","lighting","55.99","picsum.photos","no","https://www.amazon.ca/s?k=Cozy%20Pendant%20Light%20SwipeShop%20Studio%20lighting","no","yes","displayName; name; title","yes","review","fail","no","No visible affiliate marker in purchaseUrl (tag=); duplicate raw purchaseUrl used by multiple products; imageUrl domain differs from merchant domain: picsum.photos; Not swipe eligible; imageApproved is false; isCurated is false; duplicate title/displayName/name fields: displayName, name, title; brand may need verification: SwipeShop Studio","runtime resolved URL is missing affiliate marker because AMAZON_ASSOC_TAG/VITE_AMAZON_ASSOC_TAG is not set","","","","","","","","",""
"sANdiIo70GH6BVcC8qAe","Cozy Ceramic Set","SwipeShop Studio","Amazon","storage","19.99","picsum.photos","no","https://www.amazon.ca/s?k=Cozy%20Ceramic%20Set%20SwipeShop%20Studio%20kitchen_decor","no","yes","displayName; name; title","yes","review","fail","no","No visible affiliate marker in purchaseUrl (tag=); duplicate raw purchaseUrl used by multiple products; imageUrl domain differs from merchant domain: picsum.photos; Not swipe eligible; imageApproved is false; isCurated is false; duplicate title/displayName/name fields: displayName, name, title; brand may need verification: SwipeShop Studio","runtime resolved URL is missing affiliate marker because AMAZON_ASSOC_TAG/VITE_AMAZON_ASSOC_TAG is not set","","","","","","","","",""
"sERKbObzmbs2WN1Ix4t7","Classic Potted Plant","SwipeShop Studio","Amazon","plants","42.99","picsum.photos","no","https://www.amazon.ca/s?k=Classic%20Potted%20Plant%20SwipeShop%20Studio%20plants","no","yes","displayName; name; title","yes","review","fail","no","No visible affiliate marker in purchaseUrl (tag=); imageUrl domain differs from merchant domain: picsum.photos; Not swipe eligible; imageApproved is false; isCurated is false; duplicate title/displayName/name fields: displayName, name, title; brand may need verification: SwipeShop Studio","runtime resolved URL is missing affiliate marker because AMAZON_ASSOC_TAG/VITE_AMAZON_ASSOC_TAG is not set","","","","","","","","",""
"sLpsQM4uiaCCg5hAs7Gl","Cozy Area Rug","SwipeShop Studio","Amazon","storage","79.99","picsum.photos","no","https://www.amazon.ca/s?k=Cozy%20Area%20Rug%20SwipeShop%20Studio%20rugs","no","yes","displayName; name; title","yes","review","fail","no","No visible affiliate marker in purchaseUrl (tag=); duplicate raw purchaseUrl used by multiple products; imageUrl domain differs from merchant domain: picsum.photos; Not swipe eligible; imageApproved is false; isCurated is false; duplicate title/displayName/name fields: displayName, name, title; brand may need verification: SwipeShop Studio","runtime resolved URL is missing affiliate marker because AMAZON_ASSOC_TAG/VITE_AMAZON_ASSOC_TAG is not set","","","","","","","","",""
"sMgGuRdP9c73ZDmyE1yH","Bold Storage Basket","SwipeShop Studio","Amazon","storage","38.99","picsum.photos","no","https://www.amazon.ca/s?k=Bold%20Storage%20Basket%20SwipeShop%20Studio%20storage","no","yes","displayName; name; title","yes","review","fail","no","No visible affiliate marker in purchaseUrl (tag=); imageUrl domain differs from merchant domain: picsum.photos; Not swipe eligible; imageApproved is false; isCurated is false; duplicate title/displayName/name fields: displayName, name, title; brand may need verification: SwipeShop Studio","runtime resolved URL is missing affiliate marker because AMAZON_ASSOC_TAG/VITE_AMAZON_ASSOC_TAG is not set","","","","","","","","",""
"sOHUweYkXxmWSYXgbm2K","Bold Sheet Set","SwipeShop Studio","Amazon","cozy-bedroom","72.99","picsum.photos","no","https://www.amazon.ca/s?k=Bold%20Sheet%20Set%20SwipeShop%20Studio%20bedding","no","yes","displayName; name; title","yes","review","fail","no","No visible affiliate marker in purchaseUrl (tag=); duplicate raw purchaseUrl used by multiple products; imageUrl domain differs from merchant domain: picsum.photos; Not swipe eligible; imageApproved is false; isCurated is false; duplicate title/displayName/name fields: displayName, name, title; brand may need verification: SwipeShop Studio","runtime resolved URL is missing affiliate marker because AMAZON_ASSOC_TAG/VITE_AMAZON_ASSOC_TAG is not set","","","","","","","","",""
"sP3kiqrG2HmbbCtAaRZl","Modern Area Rug","SwipeShop Studio","Amazon","storage","79.99","picsum.photos","no","https://www.amazon.ca/s?k=Modern%20Area%20Rug%20SwipeShop%20Studio%20rugs","no","yes","displayName; name; title","yes","review","fail","no","No visible affiliate marker in purchaseUrl (tag=); duplicate raw purchaseUrl used by multiple products; imageUrl domain differs from merchant domain: picsum.photos; Not swipe eligible; imageApproved is false; isCurated is false; duplicate title/displayName/name fields: displayName, name, title; brand may need verification: SwipeShop Studio","runtime resolved URL is missing affiliate marker because AMAZON_ASSOC_TAG/VITE_AMAZON_ASSOC_TAG is not set","","","","","","","","",""
"sVkArHgJvrnV6rCM9hj0","Modern Sheet Set","SwipeShop Studio","Amazon","cozy-bedroom","81.99","picsum.photos","no","https://www.amazon.ca/s?k=Modern%20Sheet%20Set%20SwipeShop%20Studio%20bedding","no","yes","displayName; name; title","yes","review","fail","no","No visible affiliate marker in purchaseUrl (tag=); imageUrl domain differs from merchant domain: picsum.photos; Not swipe eligible; imageApproved is false; isCurated is false; duplicate title/displayName/name fields: displayName, name, title; brand may need verification: SwipeShop Studio","runtime resolved URL is missing affiliate marker because AMAZON_ASSOC_TAG/VITE_AMAZON_ASSOC_TAG is not set","","","","","","","","",""
"sYmll7EQo7mMb2QZOWt7","Cozy Area Rug","SwipeShop Studio","Amazon","storage","106.99","picsum.photos","no","https://www.amazon.ca/s?k=Cozy%20Area%20Rug%20SwipeShop%20Studio%20rugs","no","yes","displayName; name; title","yes","review","fail","no","No visible affiliate marker in purchaseUrl (tag=); duplicate raw purchaseUrl used by multiple products; imageUrl domain differs from merchant domain: picsum.photos; Not swipe eligible; imageApproved is false; isCurated is false; duplicate title/displayName/name fields: displayName, name, title; brand may need verification: SwipeShop Studio","runtime resolved URL is missing affiliate marker because AMAZON_ASSOC_TAG/VITE_AMAZON_ASSOC_TAG is not set","","","","","","","","",""
"scISFn5t8HSLHJv82B3q","Bold Shelf Unit","SwipeShop Studio","Amazon","storage","44.99","picsum.photos","no","https://www.amazon.ca/s?k=Bold%20Shelf%20Unit%20SwipeShop%20Studio%20storage","no","yes","displayName; name; title","yes","review","fail","no","No visible affiliate marker in purchaseUrl (tag=); imageUrl domain differs from merchant domain: picsum.photos; Not swipe eligible; imageApproved is false; isCurated is false; duplicate title/displayName/name fields: displayName, name, title; brand may need verification: SwipeShop Studio","runtime resolved URL is missing affiliate marker because AMAZON_ASSOC_TAG/VITE_AMAZON_ASSOC_TAG is not set","","","","","","","","",""
"sccjktQWpZ8nbLNm9bqT","Modern Kitchen Decor","SwipeShop Studio","Amazon","storage","25.99","picsum.photos","no","https://www.amazon.ca/s?k=Modern%20Kitchen%20Decor%20SwipeShop%20Studio%20kitchen_decor","no","yes","displayName; name; title","yes","review","fail","no","No visible affiliate marker in purchaseUrl (tag=); duplicate raw purchaseUrl used by multiple products; imageUrl domain differs from merchant domain: picsum.photos; Not swipe eligible; imageApproved is false; isCurated is false; duplicate title/displayName/name fields: displayName, name, title; brand may need verification: SwipeShop Studio","runtime resolved URL is missing affiliate marker because AMAZON_ASSOC_TAG/VITE_AMAZON_ASSOC_TAG is not set","","","","","","","","",""
"sy6tlCb2EAEsgxs9KWxN","Bold Table Lamp","SwipeShop Studio","Amazon","lighting","70.99","picsum.photos","no","https://www.amazon.ca/s?k=Bold%20Table%20Lamp%20SwipeShop%20Studio%20lighting","no","yes","displayName; name; title","yes","review","fail","no","No visible affiliate marker in purchaseUrl (tag=); duplicate raw purchaseUrl used by multiple products; imageUrl domain differs from merchant domain: picsum.photos; Not swipe eligible; imageApproved is false; isCurated is false; duplicate title/displayName/name fields: displayName, name, title; brand may need verification: SwipeShop Studio","runtime resolved URL is missing affiliate marker because AMAZON_ASSOC_TAG/VITE_AMAZON_ASSOC_TAG is not set","","","","","","","","",""
"tCCyfzcrnCNB8B6XHrix","Minimal Vanity Mirror","SwipeShop Studio","Amazon","mirrors","71.99","picsum.photos","no","https://www.amazon.ca/s?k=Minimal%20Vanity%20Mirror%20SwipeShop%20Studio%20mirrors","no","yes","displayName; name; title","yes","review","fail","no","No visible affiliate marker in purchaseUrl (tag=); duplicate raw purchaseUrl used by multiple products; imageUrl domain differs from merchant domain: picsum.photos; Not swipe eligible; imageApproved is false; isCurated is false; duplicate title/displayName/name fields: displayName, name, title; brand may need verification: SwipeShop Studio","runtime resolved URL is missing affiliate marker because AMAZON_ASSOC_TAG/VITE_AMAZON_ASSOC_TAG is not set","","","","","","","","",""
"tGRDTenCeUu5pwbXEoE0","Bold Serving Tray","SwipeShop Studio","Amazon","storage","46.99","picsum.photos","no","https://www.amazon.ca/s?k=Bold%20Serving%20Tray%20SwipeShop%20Studio%20kitchen_decor","no","yes","displayName; name; title","yes","review","fail","no","No visible affiliate marker in purchaseUrl (tag=); duplicate raw purchaseUrl used by multiple products; imageUrl domain differs from merchant domain: picsum.photos; Not swipe eligible; imageApproved is false; isCurated is false; duplicate title/displayName/name fields: displayName, name, title; brand may need verification: SwipeShop Studio","runtime resolved URL is missing affiliate marker because AMAZON_ASSOC_TAG/VITE_AMAZON_ASSOC_TAG is not set","","","","","","","","",""
"tM5RRa4HzRppbVEjtIxy","Modern Console Table","SwipeShop Studio","Amazon","storage","135.99","picsum.photos","no","https://www.amazon.ca/s?k=Modern%20Console%20Table%20SwipeShop%20Studio%20tables","no","yes","displayName; name; title","yes","review","fail","no","No visible affiliate marker in purchaseUrl (tag=); duplicate raw purchaseUrl used by multiple products; imageUrl domain differs from merchant domain: picsum.photos; Not swipe eligible; imageApproved is false; isCurated is false; duplicate title/displayName/name fields: displayName, name, title; brand may need verification: SwipeShop Studio","runtime resolved URL is missing affiliate marker because AMAZON_ASSOC_TAG/VITE_AMAZON_ASSOC_TAG is not set","","","","","","","","",""
"tRdGcHO8Tagk1KretSrq","Minimal Runner Rug","SwipeShop Studio","Amazon","storage","59.99","picsum.photos","no","https://www.amazon.ca/s?k=Minimal%20Runner%20Rug%20SwipeShop%20Studio%20Rugs","no","yes","displayName; name; title","yes","review","fail","no","No visible affiliate marker in purchaseUrl (tag=); duplicate raw purchaseUrl used by multiple products; imageUrl domain differs from merchant domain: picsum.photos; Not swipe eligible; imageApproved is false; isCurated is false; duplicate title/displayName/name fields: displayName, name, title; brand may need verification: SwipeShop Studio","runtime resolved URL is missing affiliate marker because AMAZON_ASSOC_TAG/VITE_AMAZON_ASSOC_TAG is not set","","","","","","","","",""
"tUyiAW0vbnGXMt4ayoSI","Classic Floor Lamp","SwipeShop Studio","Amazon","lighting","61.99","picsum.photos","no","https://www.amazon.ca/s?k=Classic%20Floor%20Lamp%20SwipeShop%20Studio%20lighting","no","yes","displayName; name; title","yes","review","fail","no","No visible affiliate marker in purchaseUrl (tag=); duplicate raw purchaseUrl used by multiple products; imageUrl domain differs from merchant domain: picsum.photos; Not swipe eligible; imageApproved is false; isCurated is false; duplicate title/displayName/name fields: displayName, name, title; brand may need verification: SwipeShop Studio","runtime resolved URL is missing affiliate marker because AMAZON_ASSOC_TAG/VITE_AMAZON_ASSOC_TAG is not set","","","","","","","","",""
"tW1GYdQcX0Be7nGj4z2u","Neutral Storage Basket","SwipeShop Studio","Amazon","storage","35.99","picsum.photos","no","https://www.amazon.ca/s?k=Neutral%20Storage%20Basket%20SwipeShop%20Studio%20storage","no","yes","displayName; name; title","yes","review","fail","no","No visible affiliate marker in purchaseUrl (tag=); imageUrl domain differs from merchant domain: picsum.photos; Not swipe eligible; imageApproved is false; isCurated is false; duplicate title/displayName/name fields: displayName, name, title; brand may need verification: SwipeShop Studio","runtime resolved URL is missing affiliate marker because AMAZON_ASSOC_TAG/VITE_AMAZON_ASSOC_TAG is not set","","","","","","","","",""
"tkKf8JIQnRtCBVPdM29v","Bold Bench","SwipeShop Studio","Amazon","storage","167.99","picsum.photos","no","https://www.amazon.ca/s?k=Bold%20Bench%20SwipeShop%20Studio%20seating","no","yes","displayName; name; title","yes","review","fail","no","No visible affiliate marker in purchaseUrl (tag=); duplicate raw purchaseUrl used by multiple products; imageUrl domain differs from merchant domain: picsum.photos; Not swipe eligible; imageApproved is false; isCurated is false; duplicate title/displayName/name fields: displayName, name, title; brand may need verification: SwipeShop Studio","runtime resolved URL is missing affiliate marker because AMAZON_ASSOC_TAG/VITE_AMAZON_ASSOC_TAG is not set","","","","","","","","",""
"tmOP0xt8ycjrdywkZorU","Classic Wool Rug","SwipeShop Studio","Amazon","storage","103.99","picsum.photos","no","https://www.amazon.ca/s?k=Classic%20Wool%20Rug%20SwipeShop%20Studio%20rugs","no","yes","displayName; name; title","yes","review","fail","no","No visible affiliate marker in purchaseUrl (tag=); duplicate raw purchaseUrl used by multiple products; imageUrl domain differs from merchant domain: picsum.photos; Not swipe eligible; imageApproved is false; isCurated is false; duplicate title/displayName/name fields: displayName, name, title; brand may need verification: SwipeShop Studio","runtime resolved URL is missing affiliate marker because AMAZON_ASSOC_TAG/VITE_AMAZON_ASSOC_TAG is not set","","","","","","","","",""
"u0Lji1uGGXbie6wREWFE","Hanging Plant Pot","SwipeShop Studio","Amazon","plants","19.99","picsum.photos","no","https://www.amazon.ca/s?k=Hanging%20Plant%20Pot%20SwipeShop%20Studio%20Plants","no","yes","displayName; name; title","yes","review","fail","no","No visible affiliate marker in purchaseUrl (tag=); duplicate raw purchaseUrl used by multiple products; imageUrl domain differs from merchant domain: picsum.photos; Not swipe eligible; imageApproved is false; isCurated is false; duplicate title/displayName/name fields: displayName, name, title; brand may need verification: SwipeShop Studio","runtime resolved URL is missing affiliate marker because AMAZON_ASSOC_TAG/VITE_AMAZON_ASSOC_TAG is not set","","","","","","","","",""
"uG8qhh6L11Uoouw8rFiU","Minimal Wall Poster","SwipeShop Studio","Amazon","wall-decor","45.99","picsum.photos","no","https://www.amazon.ca/s?k=Minimal%20Wall%20Poster%20SwipeShop%20Studio%20wall_art","no","yes","displayName; name; title","yes","review","fail","no","No visible affiliate marker in purchaseUrl (tag=); duplicate raw purchaseUrl used by multiple products; imageUrl domain differs from merchant domain: picsum.photos; Not swipe eligible; imageApproved is false; isCurated is false; duplicate title/displayName/name fields: displayName, name, title; brand may need verification: SwipeShop Studio","runtime resolved URL is missing affiliate marker because AMAZON_ASSOC_TAG/VITE_AMAZON_ASSOC_TAG is not set","","","","","","","","",""
"uIX6VXuNCBtYbnLjDlxx","Neutral Round Mirror","SwipeShop Studio","Amazon","mirrors","68.99","picsum.photos","no","https://www.amazon.ca/s?k=Neutral%20Round%20Mirror%20SwipeShop%20Studio%20mirrors","no","yes","displayName; name; title","yes","review","fail","no","No visible affiliate marker in purchaseUrl (tag=); duplicate raw purchaseUrl used by multiple products; imageUrl domain differs from merchant domain: picsum.photos; Not swipe eligible; imageApproved is false; isCurated is false; duplicate title/displayName/name fields: displayName, name, title; brand may need verification: SwipeShop Studio","runtime resolved URL is missing affiliate marker because AMAZON_ASSOC_TAG/VITE_AMAZON_ASSOC_TAG is not set","","","","","","","","",""
"uRPSChzx44qoTNZeSagW","Cozy Wool Rug","SwipeShop Studio","Amazon","storage","88.99","picsum.photos","no","https://www.amazon.ca/s?k=Cozy%20Wool%20Rug%20SwipeShop%20Studio%20rugs","no","yes","displayName; name; title","yes","review","fail","no","No visible affiliate marker in purchaseUrl (tag=); duplicate raw purchaseUrl used by multiple products; imageUrl domain differs from merchant domain: picsum.photos; Not swipe eligible; imageApproved is false; isCurated is false; duplicate title/displayName/name fields: displayName, name, title; brand may need verification: SwipeShop Studio","runtime resolved URL is missing affiliate marker because AMAZON_ASSOC_TAG/VITE_AMAZON_ASSOC_TAG is not set","","","","","","","","",""
"uYgcAsx3j56LgusuiWOR","Modern Potted Plant","SwipeShop Studio","Amazon","plants","24.99","picsum.photos","no","https://www.amazon.ca/s?k=Modern%20Potted%20Plant%20SwipeShop%20Studio%20plants","no","yes","displayName; name; title","yes","review","fail","no","No visible affiliate marker in purchaseUrl (tag=); duplicate raw purchaseUrl used by multiple products; imageUrl domain differs from merchant domain: picsum.photos; Not swipe eligible; imageApproved is false; isCurated is false; duplicate title/displayName/name fields: displayName, name, title; brand may need verification: SwipeShop Studio","runtime resolved URL is missing affiliate marker because AMAZON_ASSOC_TAG/VITE_AMAZON_ASSOC_TAG is not set","","","","","","","","",""
"uiPLoMbzmPgxpuIZXhSu","Landscape Poster","SwipeShop Studio","Amazon","wall-decor","24.99","picsum.photos","no","https://www.amazon.ca/s?k=Landscape%20Poster%20SwipeShop%20Studio%20Wall%20Art","no","yes","displayName; name; title","yes","review","fail","no","No visible affiliate marker in purchaseUrl (tag=); duplicate raw purchaseUrl used by multiple products; imageUrl domain differs from merchant domain: picsum.photos; Not swipe eligible; imageApproved is false; isCurated is false; duplicate title/displayName/name fields: displayName, name, title; brand may need verification: SwipeShop Studio","runtime resolved URL is missing affiliate marker because AMAZON_ASSOC_TAG/VITE_AMAZON_ASSOC_TAG is not set","","","","","","","","",""
"v8oedKhtf675iGrJBMtL","Neutral Sheet Set","SwipeShop Studio","Amazon","cozy-bedroom","90.99","picsum.photos","no","https://www.amazon.ca/s?k=Neutral%20Sheet%20Set%20SwipeShop%20Studio%20bedding","no","yes","displayName; name; title","yes","review","fail","no","No visible affiliate marker in purchaseUrl (tag=); duplicate raw purchaseUrl used by multiple products; imageUrl domain differs from merchant domain: picsum.photos; Not swipe eligible; imageApproved is false; isCurated is false; duplicate title/displayName/name fields: displayName, name, title; brand may need verification: SwipeShop Studio","runtime resolved URL is missing affiliate marker because AMAZON_ASSOC_TAG/VITE_AMAZON_ASSOC_TAG is not set","","","","","","","","",""
"vGFeJh440cdnN5JvDBQd","Minimal Pillow Set (2-pack)","SwipeShop Studio","Amazon","cozy-bedroom","29.99","picsum.photos","no","https://www.amazon.ca/s?k=Minimal%20Pillow%20Set%20(2-pack)%20SwipeShop%20Studio%20Bedding","no","yes","displayName; name; title","yes","review","fail","no","No visible affiliate marker in purchaseUrl (tag=); duplicate raw purchaseUrl used by multiple products; imageUrl domain differs from merchant domain: picsum.photos; Not swipe eligible; imageApproved is false; isCurated is false; duplicate title/displayName/name fields: displayName, name, title; brand may need verification: SwipeShop Studio","runtime resolved URL is missing affiliate marker because AMAZON_ASSOC_TAG/VITE_AMAZON_ASSOC_TAG is not set","","","","","","","","",""
"vGQRe9Ksy7Oz2RFrbJkV","Neutral Coffee Table","SwipeShop Studio","Amazon","storage","156.99","picsum.photos","no","https://www.amazon.ca/s?k=Neutral%20Coffee%20Table%20SwipeShop%20Studio%20tables","no","yes","displayName; name; title","yes","review","fail","no","No visible affiliate marker in purchaseUrl (tag=); imageUrl domain differs from merchant domain: picsum.photos; Not swipe eligible; imageApproved is false; isCurated is false; duplicate title/displayName/name fields: displayName, name, title; brand may need verification: SwipeShop Studio","runtime resolved URL is missing affiliate marker because AMAZON_ASSOC_TAG/VITE_AMAZON_ASSOC_TAG is not set","","","","","","","","",""
"vMmABeRc75sPqtMp1QXU","Cozy Console Table","SwipeShop Studio","Amazon","storage","147.99","picsum.photos","no","https://www.amazon.ca/s?k=Cozy%20Console%20Table%20SwipeShop%20Studio%20tables","no","yes","displayName; name; title","yes","review","fail","no","No visible affiliate marker in purchaseUrl (tag=); duplicate raw purchaseUrl used by multiple products; imageUrl domain differs from merchant domain: picsum.photos; Not swipe eligible; imageApproved is false; isCurated is false; duplicate title/displayName/name fields: displayName, name, title; brand may need verification: SwipeShop Studio","runtime resolved URL is missing affiliate marker because AMAZON_ASSOC_TAG/VITE_AMAZON_ASSOC_TAG is not set","","","","","","","","",""
"vNNyRuaSlcSBXQfXCBkZ","Soft Table Lamp","SwipeShop Studio","Amazon","lighting","61.99","picsum.photos","no","https://www.amazon.ca/s?k=Soft%20Table%20Lamp%20SwipeShop%20Studio%20lighting","no","yes","displayName; name; title","yes","review","fail","no","No visible affiliate marker in purchaseUrl (tag=); duplicate raw purchaseUrl used by multiple products; imageUrl domain differs from merchant domain: picsum.photos; Not swipe eligible; imageApproved is false; isCurated is false; duplicate title/displayName/name fields: displayName, name, title; brand may need verification: SwipeShop Studio","runtime resolved URL is missing affiliate marker because AMAZON_ASSOC_TAG/VITE_AMAZON_ASSOC_TAG is not set","","","","","","","","",""
"vW6Llo5GqZzBy7AQxIhe","Modern Planter","SwipeShop Studio","Amazon","plants","30.99","picsum.photos","no","https://www.amazon.ca/s?k=Modern%20Planter%20SwipeShop%20Studio%20plants","no","yes","displayName; name; title","yes","review","fail","no","No visible affiliate marker in purchaseUrl (tag=); duplicate raw purchaseUrl used by multiple products; imageUrl domain differs from merchant domain: picsum.photos; Not swipe eligible; imageApproved is false; isCurated is false; duplicate title/displayName/name fields: displayName, name, title; brand may need verification: SwipeShop Studio","runtime resolved URL is missing affiliate marker because AMAZON_ASSOC_TAG/VITE_AMAZON_ASSOC_TAG is not set","","","","","","","","",""
"vfL6Z2lP04YHyJkfM03T","Modern Planter","SwipeShop Studio","Amazon","plants","42.99","picsum.photos","no","https://www.amazon.ca/s?k=Modern%20Planter%20SwipeShop%20Studio%20plants","no","yes","displayName; name; title","yes","review","fail","no","No visible affiliate marker in purchaseUrl (tag=); duplicate raw purchaseUrl used by multiple products; imageUrl domain differs from merchant domain: picsum.photos; Not swipe eligible; imageApproved is false; isCurated is false; duplicate title/displayName/name fields: displayName, name, title; brand may need verification: SwipeShop Studio","runtime resolved URL is missing affiliate marker because AMAZON_ASSOC_TAG/VITE_AMAZON_ASSOC_TAG is not set","","","","","","","","",""
"vzDzTS7KLREZL4Mb9fro","Modern Canvas Art","SwipeShop Studio","Amazon","wall-decor","60.99","picsum.photos","no","https://www.amazon.ca/s?k=Modern%20Canvas%20Art%20SwipeShop%20Studio%20wall_art","no","yes","displayName; name; title","yes","review","fail","no","No visible affiliate marker in purchaseUrl (tag=); imageUrl domain differs from merchant domain: picsum.photos; Not swipe eligible; imageApproved is false; isCurated is false; duplicate title/displayName/name fields: displayName, name, title; brand may need verification: SwipeShop Studio","runtime resolved URL is missing affiliate marker because AMAZON_ASSOC_TAG/VITE_AMAZON_ASSOC_TAG is not set","","","","","","","","",""
"vzaYMyv7WDx38RYnlzCv","Soft Ceramic Set","SwipeShop Studio","Amazon","storage","28.99","picsum.photos","no","https://www.amazon.ca/s?k=Soft%20Ceramic%20Set%20SwipeShop%20Studio%20kitchen_decor","no","yes","displayName; name; title","yes","review","fail","no","No visible affiliate marker in purchaseUrl (tag=); imageUrl domain differs from merchant domain: picsum.photos; Not swipe eligible; imageApproved is false; isCurated is false; duplicate title/displayName/name fields: displayName, name, title; brand may need verification: SwipeShop Studio","runtime resolved URL is missing affiliate marker because AMAZON_ASSOC_TAG/VITE_AMAZON_ASSOC_TAG is not set","","","","","","","","",""
"wItmhgyblvmUxreQYvx5","Minimal Wall Poster","SwipeShop Studio","Amazon","wall-decor","54.99","picsum.photos","no","https://www.amazon.ca/s?k=Minimal%20Wall%20Poster%20SwipeShop%20Studio%20wall_art","no","yes","displayName; name; title","yes","review","fail","no","No visible affiliate marker in purchaseUrl (tag=); duplicate raw purchaseUrl used by multiple products; imageUrl domain differs from merchant domain: picsum.photos; Not swipe eligible; imageApproved is false; isCurated is false; duplicate title/displayName/name fields: displayName, name, title; brand may need verification: SwipeShop Studio","runtime resolved URL is missing affiliate marker because AMAZON_ASSOC_TAG/VITE_AMAZON_ASSOC_TAG is not set","","","","","","","","",""
"wYxbKI42AbHzZIdTSIfh","Minimal Storage Basket","SwipeShop Studio","Amazon","storage","29.99","picsum.photos","no","https://www.amazon.ca/s?k=Minimal%20Storage%20Basket%20SwipeShop%20Studio%20storage","no","yes","displayName; name; title","yes","review","fail","no","No visible affiliate marker in purchaseUrl (tag=); duplicate raw purchaseUrl used by multiple products; imageUrl domain differs from merchant domain: picsum.photos; Not swipe eligible; imageApproved is false; isCurated is false; duplicate title/displayName/name fields: displayName, name, title; brand may need verification: SwipeShop Studio","runtime resolved URL is missing affiliate marker because AMAZON_ASSOC_TAG/VITE_AMAZON_ASSOC_TAG is not set","","","","","","","","",""
"winh6yFGspDNq52cSlmv","Minimal Wool Rug","SwipeShop Studio","Amazon","storage","79.99","picsum.photos","no","https://www.amazon.ca/s?k=Minimal%20Wool%20Rug%20SwipeShop%20Studio%20rugs","no","yes","displayName; name; title","yes","review","fail","no","No visible affiliate marker in purchaseUrl (tag=); duplicate raw purchaseUrl used by multiple products; imageUrl domain differs from merchant domain: picsum.photos; Not swipe eligible; imageApproved is false; isCurated is false; duplicate title/displayName/name fields: displayName, name, title; brand may need verification: SwipeShop Studio","runtime resolved URL is missing affiliate marker because AMAZON_ASSOC_TAG/VITE_AMAZON_ASSOC_TAG is not set","","","","","","","","",""
"wrnMxJOirYCplC9mDlGZ","Minimal Potted Plant","SwipeShop Studio","Amazon","plants","48.99","picsum.photos","no","https://www.amazon.ca/s?k=Minimal%20Potted%20Plant%20SwipeShop%20Studio%20plants","no","yes","displayName; name; title","yes","review","fail","no","No visible affiliate marker in purchaseUrl (tag=); duplicate raw purchaseUrl used by multiple products; imageUrl domain differs from merchant domain: picsum.photos; Not swipe eligible; imageApproved is false; isCurated is false; duplicate title/displayName/name fields: displayName, name, title; brand may need verification: SwipeShop Studio","runtime resolved URL is missing affiliate marker because AMAZON_ASSOC_TAG/VITE_AMAZON_ASSOC_TAG is not set","","","","","","","","",""
"wrwXppMDRyvYNKUGF3Dc","Modern Coffee Table","SwipeShop Studio","Amazon","storage","150.99","picsum.photos","no","https://www.amazon.ca/s?k=Modern%20Coffee%20Table%20SwipeShop%20Studio%20tables","no","yes","displayName; name; title","yes","review","fail","no","No visible affiliate marker in purchaseUrl (tag=); duplicate raw purchaseUrl used by multiple products; imageUrl domain differs from merchant domain: picsum.photos; Not swipe eligible; imageApproved is false; isCurated is false; duplicate title/displayName/name fields: displayName, name, title; brand may need verification: SwipeShop Studio","runtime resolved URL is missing affiliate marker because AMAZON_ASSOC_TAG/VITE_AMAZON_ASSOC_TAG is not set","","","","","","","","",""
"wu8SClbTAHqifTuFJwPl","Minimal Wool Rug","SwipeShop Studio","Amazon","storage","91.99","picsum.photos","no","https://www.amazon.ca/s?k=Minimal%20Wool%20Rug%20SwipeShop%20Studio%20rugs","no","yes","displayName; name; title","yes","review","fail","no","No visible affiliate marker in purchaseUrl (tag=); duplicate raw purchaseUrl used by multiple products; imageUrl domain differs from merchant domain: picsum.photos; Not swipe eligible; imageApproved is false; isCurated is false; duplicate title/displayName/name fields: displayName, name, title; brand may need verification: SwipeShop Studio","runtime resolved URL is missing affiliate marker because AMAZON_ASSOC_TAG/VITE_AMAZON_ASSOC_TAG is not set","","","","","","","","",""
"x0GPhtgWlEug9tyXwfJc","Neutral Serving Tray","SwipeShop Studio","Amazon","storage","25.99","picsum.photos","no","https://www.amazon.ca/s?k=Neutral%20Serving%20Tray%20SwipeShop%20Studio%20kitchen_decor","no","yes","displayName; name; title","yes","review","fail","no","No visible affiliate marker in purchaseUrl (tag=); imageUrl domain differs from merchant domain: picsum.photos; Not swipe eligible; imageApproved is false; isCurated is false; duplicate title/displayName/name fields: displayName, name, title; brand may need verification: SwipeShop Studio","runtime resolved URL is missing affiliate marker because AMAZON_ASSOC_TAG/VITE_AMAZON_ASSOC_TAG is not set","","","","","","","","",""
"x2QszWxaYW0c662SOFLI","Minimal Planter","SwipeShop Studio","Amazon","plants","36.99","picsum.photos","no","https://www.amazon.ca/s?k=Minimal%20Planter%20SwipeShop%20Studio%20plants","no","yes","displayName; name; title","yes","review","fail","no","No visible affiliate marker in purchaseUrl (tag=); duplicate raw purchaseUrl used by multiple products; imageUrl domain differs from merchant domain: picsum.photos; Not swipe eligible; imageApproved is false; isCurated is false; duplicate title/displayName/name fields: displayName, name, title; brand may need verification: SwipeShop Studio","runtime resolved URL is missing affiliate marker because AMAZON_ASSOC_TAG/VITE_AMAZON_ASSOC_TAG is not set","","","","","","","","",""
"x4G9zOn0DLxg5bUZh84U","Minimal Pillow Set","SwipeShop Studio","Amazon","cozy-bedroom","90.99","picsum.photos","no","https://www.amazon.ca/s?k=Minimal%20Pillow%20Set%20SwipeShop%20Studio%20bedding","no","yes","displayName; name; title","yes","review","fail","no","No visible affiliate marker in purchaseUrl (tag=); duplicate raw purchaseUrl used by multiple products; imageUrl domain differs from merchant domain: picsum.photos; Not swipe eligible; imageApproved is false; isCurated is false; duplicate title/displayName/name fields: displayName, name, title; brand may need verification: SwipeShop Studio","runtime resolved URL is missing affiliate marker because AMAZON_ASSOC_TAG/VITE_AMAZON_ASSOC_TAG is not set","","","","","","","","",""
"x79aYcOmmgWlVddIfXtg","Cozy Ceramic Set","SwipeShop Studio","Amazon","storage","40.99","picsum.photos","no","https://www.amazon.ca/s?k=Cozy%20Ceramic%20Set%20SwipeShop%20Studio%20kitchen_decor","no","yes","displayName; name; title","yes","review","fail","no","No visible affiliate marker in purchaseUrl (tag=); duplicate raw purchaseUrl used by multiple products; imageUrl domain differs from merchant domain: picsum.photos; Not swipe eligible; imageApproved is false; isCurated is false; duplicate title/displayName/name fields: displayName, name, title; brand may need verification: SwipeShop Studio","runtime resolved URL is missing affiliate marker because AMAZON_ASSOC_TAG/VITE_AMAZON_ASSOC_TAG is not set","","","","","","","","",""
"xCERy6po4lnSq9rm7whk","Soft Pendant Light","SwipeShop Studio","Amazon","lighting","73.99","picsum.photos","no","https://www.amazon.ca/s?k=Soft%20Pendant%20Light%20SwipeShop%20Studio%20lighting","no","yes","displayName; name; title","yes","review","fail","no","No visible affiliate marker in purchaseUrl (tag=); duplicate raw purchaseUrl used by multiple products; imageUrl domain differs from merchant domain: picsum.photos; Not swipe eligible; imageApproved is false; isCurated is false; duplicate title/displayName/name fields: displayName, name, title; brand may need verification: SwipeShop Studio","runtime resolved URL is missing affiliate marker because AMAZON_ASSOC_TAG/VITE_AMAZON_ASSOC_TAG is not set","","","","","","","","",""
"xHwbheirofCwBoM9w7G6","Bouclé Accent Chair","SwipeShop Studio","Amazon","storage","229.99","picsum.photos","no","https://www.amazon.ca/s?k=Boucl%C3%A9%20Accent%20Chair%20SwipeShop%20Studio%20Seating","no","yes","displayName; name; title","yes","review","fail","no","No visible affiliate marker in purchaseUrl (tag=); duplicate raw purchaseUrl used by multiple products; imageUrl domain differs from merchant domain: picsum.photos; Not swipe eligible; imageApproved is false; isCurated is false; duplicate title/displayName/name fields: displayName, name, title; brand may need verification: SwipeShop Studio","runtime resolved URL is missing affiliate marker because AMAZON_ASSOC_TAG/VITE_AMAZON_ASSOC_TAG is not set","","","","","","","","",""
"xZeqhNkIx8yzKsqylGQI","Classic Planter","SwipeShop Studio","Amazon","plants","51.99","picsum.photos","no","https://www.amazon.ca/s?k=Classic%20Planter%20SwipeShop%20Studio%20plants","no","yes","displayName; name; title","yes","review","fail","no","No visible affiliate marker in purchaseUrl (tag=); duplicate raw purchaseUrl used by multiple products; imageUrl domain differs from merchant domain: picsum.photos; Not swipe eligible; imageApproved is false; isCurated is false; duplicate title/displayName/name fields: displayName, name, title; brand may need verification: SwipeShop Studio","runtime resolved URL is missing affiliate marker because AMAZON_ASSOC_TAG/VITE_AMAZON_ASSOC_TAG is not set","","","","","","","","",""
"xzwiccDpXAPn7jwT1myF","Soft Round Mirror","SwipeShop Studio","Amazon","mirrors","71.99","picsum.photos","no","https://www.amazon.ca/s?k=Soft%20Round%20Mirror%20SwipeShop%20Studio%20mirrors","no","yes","displayName; name; title","yes","review","fail","no","No visible affiliate marker in purchaseUrl (tag=); imageUrl domain differs from merchant domain: picsum.photos; Not swipe eligible; imageApproved is false; isCurated is false; duplicate title/displayName/name fields: displayName, name, title; brand may need verification: SwipeShop Studio","runtime resolved URL is missing affiliate marker because AMAZON_ASSOC_TAG/VITE_AMAZON_ASSOC_TAG is not set","","","","","","","","",""
"yATgVKs0uEXcmaxeTvMR","Modern Potted Plant","SwipeShop Studio","Amazon","plants","27.99","picsum.photos","no","https://www.amazon.ca/s?k=Modern%20Potted%20Plant%20SwipeShop%20Studio%20plants","no","yes","displayName; name; title","yes","review","fail","no","No visible affiliate marker in purchaseUrl (tag=); duplicate raw purchaseUrl used by multiple products; imageUrl domain differs from merchant domain: picsum.photos; Not swipe eligible; imageApproved is false; isCurated is false; duplicate title/displayName/name fields: displayName, name, title; brand may need verification: SwipeShop Studio","runtime resolved URL is missing affiliate marker because AMAZON_ASSOC_TAG/VITE_AMAZON_ASSOC_TAG is not set","","","","","","","","",""
"yBsVBkfgGke9FwU94FGX","Cozy Potted Plant","SwipeShop Studio","Amazon","plants","24.99","picsum.photos","no","https://www.amazon.ca/s?k=Cozy%20Potted%20Plant%20SwipeShop%20Studio%20plants","no","yes","displayName; name; title","yes","review","fail","no","No visible affiliate marker in purchaseUrl (tag=); duplicate raw purchaseUrl used by multiple products; imageUrl domain differs from merchant domain: picsum.photos; Not swipe eligible; imageApproved is false; isCurated is false; duplicate title/displayName/name fields: displayName, name, title; brand may need verification: SwipeShop Studio","runtime resolved URL is missing affiliate marker because AMAZON_ASSOC_TAG/VITE_AMAZON_ASSOC_TAG is not set","","","","","","","","",""
"yCCnJ1bgwI3PTw2oxwlH","Bold Accent Chair","SwipeShop Studio","Amazon","storage","161.99","picsum.photos","no","https://www.amazon.ca/s?k=Bold%20Accent%20Chair%20SwipeShop%20Studio%20seating","no","yes","displayName; name; title","yes","review","fail","no","No visible affiliate marker in purchaseUrl (tag=); duplicate raw purchaseUrl used by multiple products; imageUrl domain differs from merchant domain: picsum.photos; Not swipe eligible; imageApproved is false; isCurated is false; duplicate title/displayName/name fields: displayName, name, title; brand may need verification: SwipeShop Studio","runtime resolved URL is missing affiliate marker because AMAZON_ASSOC_TAG/VITE_AMAZON_ASSOC_TAG is not set","","","","","","","","",""
"yDwH1pTrlRHaVGC7IEQO","Classic Coffee Table","SwipeShop Studio","Amazon","storage","144.99","picsum.photos","no","https://www.amazon.ca/s?k=Classic%20Coffee%20Table%20SwipeShop%20Studio%20tables","no","yes","displayName; name; title","yes","review","fail","no","No visible affiliate marker in purchaseUrl (tag=); duplicate raw purchaseUrl used by multiple products; imageUrl domain differs from merchant domain: picsum.photos; Not swipe eligible; imageApproved is false; isCurated is false; duplicate title/displayName/name fields: displayName, name, title; brand may need verification: SwipeShop Studio","runtime resolved URL is missing affiliate marker because AMAZON_ASSOC_TAG/VITE_AMAZON_ASSOC_TAG is not set","","","","","","","","",""
"yEsGIyEAHZSoeV1dpETp","Cozy Storage Basket","SwipeShop Studio","Amazon","storage","53.99","picsum.photos","no","https://www.amazon.ca/s?k=Cozy%20Storage%20Basket%20SwipeShop%20Studio%20storage","no","yes","displayName; name; title","yes","review","fail","no","No visible affiliate marker in purchaseUrl (tag=); duplicate raw purchaseUrl used by multiple products; imageUrl domain differs from merchant domain: picsum.photos; Not swipe eligible; imageApproved is false; isCurated is false; duplicate title/displayName/name fields: displayName, name, title; brand may need verification: SwipeShop Studio","runtime resolved URL is missing affiliate marker because AMAZON_ASSOC_TAG/VITE_AMAZON_ASSOC_TAG is not set","","","","","","","","",""
"yThK0SytqRGP5DRxakd3","Soft Wall Mirror","SwipeShop Studio","Amazon","mirrors","59.99","picsum.photos","no","https://www.amazon.ca/s?k=Soft%20Wall%20Mirror%20SwipeShop%20Studio%20mirrors","no","yes","displayName; name; title","yes","review","fail","no","No visible affiliate marker in purchaseUrl (tag=); duplicate raw purchaseUrl used by multiple products; imageUrl domain differs from merchant domain: picsum.photos; Not swipe eligible; imageApproved is false; isCurated is false; duplicate title/displayName/name fields: displayName, name, title; brand may need verification: SwipeShop Studio","runtime resolved URL is missing affiliate marker because AMAZON_ASSOC_TAG/VITE_AMAZON_ASSOC_TAG is not set","","","","","","","","",""
"yWri0ZZxiTk9aQ30OqYJ","Minimal Planter","SwipeShop Studio","Amazon","plants","48.99","picsum.photos","no","https://www.amazon.ca/s?k=Minimal%20Planter%20SwipeShop%20Studio%20plants","no","yes","displayName; name; title","yes","review","fail","no","No visible affiliate marker in purchaseUrl (tag=); duplicate raw purchaseUrl used by multiple products; imageUrl domain differs from merchant domain: picsum.photos; Not swipe eligible; imageApproved is false; isCurated is false; duplicate title/displayName/name fields: displayName, name, title; brand may need verification: SwipeShop Studio","runtime resolved URL is missing affiliate marker because AMAZON_ASSOC_TAG/VITE_AMAZON_ASSOC_TAG is not set","","","","","","","","",""
"ya7c3CRvsqi4RGmSQJbf","Bold Wall Poster","SwipeShop Studio","Amazon","wall-decor","39.99","picsum.photos","no","https://www.amazon.ca/s?k=Bold%20Wall%20Poster%20SwipeShop%20Studio%20wall_art","no","yes","displayName; name; title","yes","review","fail","no","No visible affiliate marker in purchaseUrl (tag=); duplicate raw purchaseUrl used by multiple products; imageUrl domain differs from merchant domain: picsum.photos; Not swipe eligible; imageApproved is false; isCurated is false; duplicate title/displayName/name fields: displayName, name, title; brand may need verification: SwipeShop Studio","runtime resolved URL is missing affiliate marker because AMAZON_ASSOC_TAG/VITE_AMAZON_ASSOC_TAG is not set","","","","","","","","",""
"ygh4lF2A5fJSgK2Ot3Jp","Cozy Bench","SwipeShop Studio","Amazon","storage","170.99","picsum.photos","no","https://www.amazon.ca/s?k=Cozy%20Bench%20SwipeShop%20Studio%20seating","no","yes","displayName; name; title","yes","review","fail","no","No visible affiliate marker in purchaseUrl (tag=); duplicate raw purchaseUrl used by multiple products; imageUrl domain differs from merchant domain: picsum.photos; Not swipe eligible; imageApproved is false; isCurated is false; duplicate title/displayName/name fields: displayName, name, title; brand may need verification: SwipeShop Studio","runtime resolved URL is missing affiliate marker because AMAZON_ASSOC_TAG/VITE_AMAZON_ASSOC_TAG is not set","","","","","","","","",""
"yhP6CWnsd2Td5N9BHpiN","Soft Runner Rug","SwipeShop Studio","Amazon","storage","82.99","picsum.photos","no","https://www.amazon.ca/s?k=Soft%20Runner%20Rug%20SwipeShop%20Studio%20rugs","no","yes","displayName; name; title","yes","review","fail","no","No visible affiliate marker in purchaseUrl (tag=); duplicate raw purchaseUrl used by multiple products; imageUrl domain differs from merchant domain: picsum.photos; Not swipe eligible; imageApproved is false; isCurated is false; duplicate title/displayName/name fields: displayName, name, title; brand may need verification: SwipeShop Studio","runtime resolved URL is missing affiliate marker because AMAZON_ASSOC_TAG/VITE_AMAZON_ASSOC_TAG is not set","","","","","","","","",""
"yy8vYUaGNhu3pxcdQgfe","Cozy Wall Mirror","SwipeShop Studio","Amazon","mirrors","65.99","picsum.photos","no","https://www.amazon.ca/s?k=Cozy%20Wall%20Mirror%20SwipeShop%20Studio%20mirrors","no","yes","displayName; name; title","yes","review","fail","no","No visible affiliate marker in purchaseUrl (tag=); duplicate raw purchaseUrl used by multiple products; imageUrl domain differs from merchant domain: picsum.photos; Not swipe eligible; imageApproved is false; isCurated is false; duplicate title/displayName/name fields: displayName, name, title; brand may need verification: SwipeShop Studio","runtime resolved URL is missing affiliate marker because AMAZON_ASSOC_TAG/VITE_AMAZON_ASSOC_TAG is not set","","","","","","","","",""
"zAbYeWU1XIf5wsbVEyf8","Neutral Floor Lamp","SwipeShop Studio","Amazon","lighting","73.99","picsum.photos","no","https://www.amazon.ca/s?k=Neutral%20Floor%20Lamp%20SwipeShop%20Studio%20lighting","no","yes","displayName; name; title","yes","review","fail","no","No visible affiliate marker in purchaseUrl (tag=); imageUrl domain differs from merchant domain: picsum.photos; Not swipe eligible; imageApproved is false; isCurated is false; duplicate title/displayName/name fields: displayName, name, title; brand may need verification: SwipeShop Studio","runtime resolved URL is missing affiliate marker because AMAZON_ASSOC_TAG/VITE_AMAZON_ASSOC_TAG is not set","","","","","","","","",""
"zGqUWYezVgWdK5uWc8R0","Neutral Area Rug","Amazon","Amazon","storage","79.99","picsum.photos","no","https://www.amazon.ca/s?k=Neutral%20Area%20Rug%20Rugs","no","yes","displayName; name; title","no","review","fail","no","No visible affiliate marker in purchaseUrl (tag=); imageUrl domain differs from merchant domain: picsum.photos; Not swipe eligible; imageApproved is false; isCurated is false; duplicate title/displayName/name fields: displayName, name, title","runtime resolved URL is missing affiliate marker because AMAZON_ASSOC_TAG/VITE_AMAZON_ASSOC_TAG is not set","","","","","","","","",""
"zIX6l5idG78kzluiIJ2i","Modern Wall Mirror","SwipeShop Studio","Amazon","mirrors","68.99","picsum.photos","no","https://www.amazon.ca/s?k=Modern%20Wall%20Mirror%20SwipeShop%20Studio%20mirrors","no","yes","displayName; name; title","yes","review","fail","no","No visible affiliate marker in purchaseUrl (tag=); duplicate raw purchaseUrl used by multiple products; imageUrl domain differs from merchant domain: picsum.photos; Not swipe eligible; imageApproved is false; isCurated is false; duplicate title/displayName/name fields: displayName, name, title; brand may need verification: SwipeShop Studio","runtime resolved URL is missing affiliate marker because AMAZON_ASSOC_TAG/VITE_AMAZON_ASSOC_TAG is not set","","","","","","","","",""
"zRt4RRfydDeROu5O6BXh","Cozy Storage Basket","SwipeShop Studio","Amazon","storage","47.99","picsum.photos","no","https://www.amazon.ca/s?k=Cozy%20Storage%20Basket%20SwipeShop%20Studio%20storage","no","yes","displayName; name; title","yes","review","fail","no","No visible affiliate marker in purchaseUrl (tag=); duplicate raw purchaseUrl used by multiple products; imageUrl domain differs from merchant domain: picsum.photos; Not swipe eligible; imageApproved is false; isCurated is false; duplicate title/displayName/name fields: displayName, name, title; brand may need verification: SwipeShop Studio","runtime resolved URL is missing affiliate marker because AMAZON_ASSOC_TAG/VITE_AMAZON_ASSOC_TAG is not set","","","","","","","","",""
"zVRopeE5A3cQXMOv5SMJ","Soft Stool","SwipeShop Studio","Amazon","storage","149.99","picsum.photos","no","https://www.amazon.ca/s?k=Soft%20Stool%20SwipeShop%20Studio%20seating","no","yes","displayName; name; title","yes","review","fail","no","No visible affiliate marker in purchaseUrl (tag=); duplicate raw purchaseUrl used by multiple products; imageUrl domain differs from merchant domain: picsum.photos; Not swipe eligible; imageApproved is false; isCurated is false; duplicate title/displayName/name fields: displayName, name, title; brand may need verification: SwipeShop Studio","runtime resolved URL is missing affiliate marker because AMAZON_ASSOC_TAG/VITE_AMAZON_ASSOC_TAG is not set","","","","","","","","",""
